scenario,dfwhm,h,method,line,depth,rms_err,excess_obs,excess_true,reduction,reduction_obs,reduction_obs_max,n
ideal,0,1,linear,Ca H,0.398,7.41e-05,0.0001197,8.798e-05,0,0,0.1123,25
ideal,0,1,linear,Ca K,0.3214,8.912e-05,0.000145,0.0001072,0,0,0.1135,25
ideal,0,1,linear,G band,0.2075,1.281e-05,8.496e-06,1.071e-05,0,0,-0.2807,25
ideal,0,1,linear,H alpha,0.1032,9.896e-07,0,0,0,0,0.5524,25
ideal,0,1,linear,H beta,0.1302,5.415e-07,8.793e-06,9.16e-06,0,0,-0.03644,25
ideal,0,1,linear,H2O,0.4334,2.007e-07,0,0,0,,,25
ideal,0,1,linear,Mg b,0.1037,1.462e-06,3.503e-05,3.514e-05,0,0,-0.001458,25
ideal,0,1,linear,Na D,0.08861,1.864e-06,3.334e-06,3.303e-06,0,0,0.12,25
ideal,0,1,linear,O2 A,0.6934,1.481e-06,0,0,0,,,25
ideal,0,1,linear,O2 B,0.2464,2.672e-06,8.556e-06,1.023e-05,0,0,-0.1468,25
ideal,0,1,linear,all,,5.578e-06,1.74e-05,2.018e-05,0,0,-0.03953,25
ideal,0,1,ruddick2023,Ca H,0.398,1.382e-06,8.879e-05,8.798e-05,0.9823,0.1092,0.1123,25
ideal,0,1,ruddick2023,Ca K,0.3214,1.682e-06,0.0001082,0.0001072,0.9821,0.1103,0.1135,25
ideal,0,1,ruddick2023,G band,0.2075,1.517e-07,1.033e-05,1.071e-05,0.9894,-0.2782,-0.2807,25
ideal,0,1,ruddick2023,H alpha,0.1032,9.283e-09,0,0,0.9968,0.549,0.5524,25
ideal,0,1,ruddick2023,H beta,0.1302,3.62e-08,9.14e-06,9.16e-06,0.94,-0.03582,-0.03644,25
ideal,0,1,ruddick2023,H2O,0.4334,3.508e-08,0,0,0.8398,,,25
ideal,0,1,ruddick2023,Mg b,0.1037,2.339e-08,3.514e-05,3.514e-05,0.9875,-0.001383,-0.001458,25
ideal,0,1,ruddick2023,Na D,0.08861,9.049e-09,3.312e-06,3.303e-06,0.9973,0.1193,0.12,25
ideal,0,1,ruddick2023,O2 A,0.6934,4.372e-08,0,0,0.9806,,,25
ideal,0,1,ruddick2023,O2 B,0.2464,1.351e-08,1.023e-05,1.023e-05,0.9978,-0.1469,-0.1468,25
ideal,0,1,ruddick2023,all,,6.941e-08,2.015e-05,2.018e-05,0.989,-0.03873,-0.03953,25
ideal,0,1,srf,Ca H,0.398,1.382e-06,8.879e-05,8.798e-05,0.9823,0.1092,0.1123,25
ideal,0,1,srf,Ca K,0.3214,1.682e-06,0.0001082,0.0001072,0.9821,0.1103,0.1135,25
ideal,0,1,srf,G band,0.2075,1.517e-07,1.033e-05,1.071e-05,0.9894,-0.2782,-0.2807,25
ideal,0,1,srf,H alpha,0.1032,9.283e-09,0,0,0.9968,0.549,0.5524,25
ideal,0,1,srf,H beta,0.1302,3.62e-08,9.14e-06,9.16e-06,0.94,-0.03582,-0.03644,25
ideal,0,1,srf,H2O,0.4334,3.508e-08,0,0,0.8398,,,25
ideal,0,1,srf,Mg b,0.1037,2.339e-08,3.514e-05,3.514e-05,0.9875,-0.001383,-0.001458,25
ideal,0,1,srf,Na D,0.08861,9.049e-09,3.312e-06,3.303e-06,0.9973,0.1193,0.12,25
ideal,0,1,srf,O2 A,0.6934,4.372e-08,0,0,0.9806,,,25
ideal,0,1,srf,O2 B,0.2464,1.351e-08,1.023e-05,1.023e-05,0.9978,-0.1469,-0.1468,25
ideal,0,1,srf,all,,6.941e-08,2.015e-05,2.018e-05,0.989,-0.03873,-0.03953,25
ideal,0,5,linear,Ca H,0.398,3.425e-06,3.358e-05,3.528e-05,0,0,-0.0466,25
ideal,0,5,linear,Ca K,0.3214,3.818e-06,4.083e-05,4.238e-05,0,0,-0.03684,25
ideal,0,5,linear,G band,0.2075,7.222e-07,0,0,0,0,0.01828,25
ideal,0,5,linear,H alpha,0.1032,5.767e-08,0,0,0,,,25
ideal,0,5,linear,H beta,0.1302,3.585e-08,0,0,0,0,-0.004297,25
ideal,0,5,linear,H2O,0.4334,1.397e-08,0,0,0,,,25
ideal,0,5,linear,Mg b,0.1037,1.067e-07,2.611e-05,2.61e-05,0,0,0.0006161,25
ideal,0,5,linear,Na D,0.08861,9.254e-08,0,0,0,0,0.06693,25
ideal,0,5,linear,O2 A,0.6934,8.211e-08,0,0,0,,,25
ideal,0,5,linear,O2 B,0.2464,1.559e-07,0,0,0,0,-0.01618,25
ideal,0,5,linear,all,,4.193e-07,8.904e-06,8.899e-06,0,0,-0.00439,25
ideal,0,5,ruddick2023,Ca H,0.398,1.453e-07,3.52e-05,3.528e-05,0.9634,-0.04769,-0.0466,25
ideal,0,5,ruddick2023,Ca K,0.3214,1.499e-07,4.23e-05,4.238e-05,0.9622,-0.03531,-0.03684,25
ideal,0,5,ruddick2023,G band,0.2075,1.5e-08,0,0,0.982,0.0154,0.01828,25
ideal,0,5,ruddick2023,H alpha,0.1032,8.842e-10,0,0,0.9943,,,25
ideal,0,5,ruddick2023,H beta,0.1302,5.594e-09,0,0,0.8697,-0.005201,-0.004297,25
ideal,0,5,ruddick2023,H2O,0.4334,4.32e-09,0,0,0.681,,,25
ideal,0,5,ruddick2023,Mg b,0.1037,2.988e-09,2.61e-05,2.61e-05,0.9792,0.0005554,0.0006161,25
ideal,0,5,ruddick2023,Na D,0.08861,1.355e-09,0,0,0.9835,0.06937,0.06693,25
ideal,0,5,ruddick2023,O2 A,0.6934,4.702e-09,0,0,0.9629,,,25
ideal,0,5,ruddick2023,O2 B,0.2464,1.568e-09,0,0,0.9954,-0.0162,-0.01618,25
ideal,0,5,ruddick2023,all,,1.482e-08,8.908e-06,8.899e-06,0.9743,-0.00427,-0.00439,25
ideal,0,5,srf,Ca H,0.398,1.453e-07,3.52e-05,3.528e-05,0.9634,-0.04769,-0.0466,25
ideal,0,5,srf,Ca K,0.3214,1.499e-07,4.23e-05,4.238e-05,0.9622,-0.03531,-0.03684,25
ideal,0,5,srf,G band,0.2075,1.5e-08,0,0,0.982,0.0154,0.01828,25
ideal,0,5,srf,H alpha,0.1032,8.842e-10,0,0,0.9943,,,25
ideal,0,5,srf,H beta,0.1302,5.594e-09,0,0,0.8697,-0.005201,-0.004297,25
ideal,0,5,srf,H2O,0.4334,4.32e-09,0,0,0.681,,,25
ideal,0,5,srf,Mg b,0.1037,2.988e-09,2.61e-05,2.61e-05,0.9792,0.0005554,0.0006161,25
ideal,0,5,srf,Na D,0.08861,1.355e-09,0,0,0.9835,0.06937,0.06693,25
ideal,0,5,srf,O2 A,0.6934,4.702e-09,0,0,0.9629,,,25
ideal,0,5,srf,O2 B,0.2464,1.568e-09,0,0,0.9954,-0.0162,-0.01618,25
ideal,0,5,srf,all,,1.482e-08,8.908e-06,8.899e-06,0.9743,-0.00427,-0.00439,25
ideal,0.05,1,linear,Ca H,0.398,5.225e-05,0.0001281,8.798e-05,0,0,0.06285,25
ideal,0.05,1,linear,Ca K,0.3214,6.248e-05,0.0001547,0.0001072,0,0,0.05313,25
ideal,0.05,1,linear,G band,0.2075,1.768e-05,2.421e-05,1.071e-05,0,0,0.5492,25
ideal,0.05,1,linear,H alpha,0.1032,1.638e-07,0,0,0,,,25
ideal,0.05,1,linear,H beta,0.1302,1.211e-05,2.049e-05,9.16e-06,0,0,0.5402,25
ideal,0.05,1,linear,H2O,0.4334,5.92e-08,0,0,0,,,25
ideal,0.05,1,linear,Mg b,0.1037,5.441e-06,3.569e-05,3.514e-05,0,0,0.0162,25
ideal,0.05,1,linear,Na D,0.08861,8.098e-07,2.15e-06,3.303e-06,0,0,0.03578,25
ideal,0.05,1,linear,O2 A,0.6934,4.704e-07,0,0,0,,,25
ideal,0.05,1,linear,O2 B,0.2464,5.298e-07,9.312e-06,1.023e-05,0,0,-0.0436,25
ideal,0.05,1,linear,all,,8.371e-06,2.828e-05,2.018e-05,0,0,0.1894,25
ideal,0.05,1,ruddick2023,Ca H,0.398,0.0001282,0.0001869,8.798e-05,-1.474,-0.4498,0.06285,25
ideal,0.05,1,ruddick2023,Ca K,0.3214,0.0001538,0.0002245,0.0001072,-1.486,-0.4411,0.05313,25
ideal,0.05,1,ruddick2023,G band,0.2075,3.069e-05,3.784e-05,1.071e-05,-0.7393,-0.5753,0.5492,25
ideal,0.05,1,ruddick2023,H alpha,0.1032,9.765e-07,0,0,-5.809,,,25
ideal,0.05,1,ruddick2023,H beta,0.1302,1.253e-05,2.052e-05,9.16e-06,-0.0346,-0.001115,0.5402,25
ideal,0.05,1,ruddick2023,H2O,0.4334,1.98e-07,0,0,-2.363,,,25
ideal,0.05,1,ruddick2023,Mg b,0.1037,6.915e-06,3.572e-05,3.514e-05,-0.2714,-0.003093,0.0162,25
ideal,0.05,1,ruddick2023,Na D,0.08861,2.676e-06,0,3.303e-06,-2.323,-0.06133,0.03578,25
ideal,0.05,1,ruddick2023,O2 A,0.6934,1.351e-06,0,0,-2.216,,,25
ideal,0.05,1,ruddick2023,O2 B,0.2464,2.43e-06,1.332e-05,1.023e-05,-3.596,-0.1236,-0.0436,25
ideal,0.05,1,ruddick2023,all,,1.304e-05,3.666e-05,2.018e-05,-0.5577,-0.1783,0.1894,25
ideal,0.05,1,srf,Ca H,0.398,1.382e-06,8.879e-05,8.798e-05,0.9748,0.06834,0.06285,25
ideal,0.05,1,srf,Ca K,0.3214,1.682e-06,0.0001082,0.0001072,0.9744,0.05844,0.05313,25
ideal,0.05,1,srf,G band,0.2075,1.517e-07,1.033e-05,1.071e-05,0.9923,0.5637,0.5492,25
ideal,0.05,1,srf,H alpha,0.1032,9.283e-09,0,0,0.9778,,,25
ideal,0.05,1,srf,H beta,0.1302,3.62e-08,9.14e-06,9.16e-06,0.9976,0.5414,0.5402,25
ideal,0.05,1,srf,H2O,0.4334,3.508e-08,0,0,0.4047,,,25
ideal,0.05,1,srf,Mg b,0.1037,2.339e-08,3.514e-05,3.514e-05,0.9966,0.01607,0.0162,25
ideal,0.05,1,srf,Na D,0.08861,9.049e-09,3.312e-06,3.303e-06,0.9936,0.03607,0.03578,25
ideal,0.05,1,srf,O2 A,0.6934,4.372e-08,0,0,0.9262,,,25
ideal,0.05,1,srf,O2 B,0.2464,1.351e-08,1.023e-05,1.023e-05,0.9886,-0.04364,-0.0436,25
ideal,0.05,1,srf,all,,6.941e-08,2.015e-05,2.018e-05,0.9923,0.1901,0.1894,25
ideal,0.05,5,linear,Ca H,0.398,2.57e-06,3.627e-05,3.528e-05,0,0,0.03166,25
ideal,0.05,5,linear,Ca K,0.3214,2.948e-06,4.344e-05,4.238e-05,0,0,0.02586,25
ideal,0.05,5,linear,G band,0.2075,9.687e-07,0,0,0,0,0.02467,25
ideal,0.05,5,linear,H alpha,0.1032,8.204e-09,0,0,0,,,25
ideal,0.05,5,linear,H beta,0.1302,7.944e-07,0,0,0,0,0.0721,25
ideal,0.05,5,linear,H2O,0.4334,4.669e-09,0,0,0,,,25
ideal,0.05,5,linear,Mg b,0.1037,3.601e-07,2.604e-05,2.61e-05,0,0,-0.002795,25
ideal,0.05,5,linear,Na D,0.08861,3.808e-08,0,0,0,0,-0.04453,25
ideal,0.05,5,linear,O2 A,0.6934,3.669e-08,0,0,0,,,25
ideal,0.05,5,linear,O2 B,0.2464,2.728e-08,0,0,0,0,-0.002355,25
ideal,0.05,5,linear,all,,5.135e-07,9.102e-06,8.899e-06,0,0,0.002764,25
ideal,0.05,5,ruddick2023,Ca H,0.398,6.008e-06,3.814e-05,3.528e-05,-1.374,-0.06386,0.03166,25
ideal,0.05,5,ruddick2023,Ca K,0.3214,6.8e-06,4.546e-05,4.238e-05,-1.359,-0.05465,0.02586,25
ideal,0.05,5,ruddick2023,G band,0.2075,1.698e-06,0,0,-0.7577,-0.03523,0.02467,25
ideal,0.05,5,ruddick2023,H alpha,0.1032,5.618e-08,0,0,-7.353,,,25
ideal,0.05,5,ruddick2023,H beta,0.1302,8.259e-07,0,0,-0.0397,-0.002989,0.0721,25
ideal,0.05,5,ruddick2023,H2O,0.4334,1.127e-08,0,0,-1.132,,,25
ideal,0.05,5,ruddick2023,Mg b,0.1037,4.687e-07,2.602e-05,2.61e-05,-0.3042,0.0005939,-0.002795,25
ideal,0.05,5,ruddick2023,Na D,0.08861,1.307e-07,0,0,-2.466,0.07598,-0.04453,25
ideal,0.05,5,ruddick2023,O2 A,0.6934,8.26e-08,0,0,-2.324,,,25
ideal,0.05,5,ruddick2023,O2 B,0.2464,1.381e-07,0,0,-4.182,-0.01656,-0.002355,25
ideal,0.05,5,ruddick2023,all,,8.745e-07,9.228e-06,8.899e-06,-0.7006,-0.01341,0.002764,25
ideal,0.05,5,srf,Ca H,0.398,1.453e-07,3.52e-05,3.528e-05,0.9509,0.03337,0.03166,25
ideal,0.05,5,srf,Ca K,0.3214,1.499e-07,4.23e-05,4.238e-05,0.9501,0.02734,0.02586,25
ideal,0.05,5,srf,G band,0.2075,1.5e-08,0,0,0.9866,0.02213,0.02467,25
ideal,0.05,5,srf,H alpha,0.1032,8.842e-10,0,0,0.9505,,,25
ideal,0.05,5,srf,H beta,0.1302,5.594e-09,0,0,0.9943,0.07188,0.0721,25
ideal,0.05,5,srf,H2O,0.4334,4.32e-09,0,0,0.07051,,,25
ideal,0.05,5,srf,Mg b,0.1037,2.988e-09,2.61e-05,2.61e-05,0.9938,-0.0024,-0.002795,25
ideal,0.05,5,srf,Na D,0.08861,1.355e-09,0,0,0.9597,-0.0418,-0.04453,25
ideal,0.05,5,srf,O2 A,0.6934,4.702e-09,0,0,0.854,,,25
ideal,0.05,5,srf,O2 B,0.2464,1.568e-09,0,0,0.9731,-0.002375,-0.002355,25
ideal,0.05,5,srf,all,,1.482e-08,8.908e-06,8.899e-06,0.9762,0.003453,0.002764,25
ideal,0.1,1,linear,Ca H,0.398,0.0001803,0.0002243,8.798e-05,0,0,0.4583,25
ideal,0.1,1,linear,Ca K,0.3214,0.000216,0.0002683,0.0001072,0,0,0.4478,25
ideal,0.1,1,linear,G band,0.2075,4.88e-05,5.482e-05,1.071e-05,0,0,0.8028,25
ideal,0.1,1,linear,H alpha,0.1032,8.908e-07,0,0,0,,,25
ideal,0.1,1,linear,H beta,0.1302,2.534e-05,3.262e-05,9.16e-06,0,0,0.7142,25
ideal,0.1,1,linear,H2O,0.4334,1.511e-07,0,0,0,,,25
ideal,0.1,1,linear,Mg b,0.1037,1.256e-05,3.699e-05,3.514e-05,0,0,0.05378,25
ideal,0.1,1,linear,Na D,0.08861,3.412e-06,0,3.303e-06,0,0,0.1403,25
ideal,0.1,1,linear,O2 A,0.6934,9.509e-07,0,0,0,,,25
ideal,0.1,1,linear,O2 B,0.2464,1.906e-06,9.227e-06,1.023e-05,0,0,0.05638,25
ideal,0.1,1,linear,all,,2.154e-05,3.873e-05,2.018e-05,0,0,0.4717,25
ideal,0.1,1,ruddick2023,Ca H,0.398,0.0002643,0.0003041,8.798e-05,-0.4667,-0.3771,0.4583,25
ideal,0.1,1,ruddick2023,Ca K,0.3214,0.0003173,0.0003642,0.0001072,-0.4693,-0.3784,0.4478,25
ideal,0.1,1,ruddick2023,G band,0.2075,6.295e-05,6.925e-05,1.071e-05,-0.2897,-0.2656,0.8028,25
ideal,0.1,1,ruddick2023,H alpha,0.1032,1.999e-06,0,0,-1.247,,,25
ideal,0.1,1,ruddick2023,H beta,0.1302,2.579e-05,3.253e-05,9.16e-06,-0.01793,0.002798,0.7142,25
ideal,0.1,1,ruddick2023,H2O,0.4334,2.657e-07,0,0,-1.705,,,25
ideal,0.1,1,ruddick2023,Mg b,0.1037,1.413e-05,3.714e-05,3.514e-05,-0.1256,-0.004217,0.05378,25
ideal,0.1,1,ruddick2023,Na D,0.08861,5.497e-06,0,3.303e-06,-0.6118,-0.2294,0.1403,25
ideal,0.1,1,ruddick2023,O2 A,0.6934,2.637e-06,0,0,-2.233,,,25
ideal,0.1,1,ruddick2023,O2 B,0.2464,5.018e-06,1.978e-05,1.023e-05,-1.62,-0.1026,0.05638,25
ideal,0.1,1,ruddick2023,all,,2.678e-05,4.337e-05,2.018e-05,-0.247,-0.1592,0.4717,25
ideal,0.1,1,srf,Ca H,0.398,1.382e-06,8.879e-05,8.798e-05,0.9928,0.4646,0.4583,25
ideal,0.1,1,srf,Ca K,0.3214,1.682e-06,0.0001082,0.0001072,0.9926,0.4542,0.4478,25
ideal,0.1,1,srf,G band,0.2075,1.517e-07,1.033e-05,1.071e-05,0.9972,0.8097,0.8028,25
ideal,0.1,1,srf,H alpha,0.1032,9.283e-09,0,0,0.9965,,,25
ideal,0.1,1,srf,H beta,0.1302,3.62e-08,9.14e-06,9.16e-06,0.9989,0.715,0.7142,25
ideal,0.1,1,srf,H2O,0.4334,3.508e-08,0,0,0.7641,,,25
ideal,0.1,1,srf,Mg b,0.1037,2.339e-08,3.514e-05,3.514e-05,0.9985,0.05365,0.05378,25
ideal,0.1,1,srf,Na D,0.08861,9.049e-09,3.312e-06,3.303e-06,0.9985,0.1398,0.1403,25
ideal,0.1,1,srf,O2 A,0.6934,4.372e-08,0,0,0.9634,,,25
ideal,0.1,1,srf,O2 B,0.2464,1.351e-08,1.023e-05,1.023e-05,0.9969,0.05639,0.05638,25
ideal,0.1,1,srf,all,,6.941e-08,2.015e-05,2.018e-05,0.997,0.4722,0.4717,25
ideal,0.1,5,linear,Ca H,0.398,8.54e-06,3.952e-05,3.528e-05,0,0,0.127,25
ideal,0.1,5,linear,Ca K,0.3214,9.666e-06,4.694e-05,4.238e-05,0,0,0.1089,25
ideal,0.1,5,linear,G band,0.2075,2.667e-06,0,0,0,0,0.1287,25
ideal,0.1,5,linear,H alpha,0.1032,5.154e-08,0,0,0,,,25
ideal,0.1,5,linear,H beta,0.1302,1.632e-06,2.347e-06,0,0,0,1,25
ideal,0.1,5,linear,H2O,0.4334,8.901e-09,0,0,0,,,25
ideal,0.1,5,linear,Mg b,0.1037,8.307e-07,2.596e-05,2.61e-05,0,0,-0.005668,25
ideal,0.1,5,linear,Na D,0.08861,1.645e-07,0,0,0,0,-0.1938,25
ideal,0.1,5,linear,O2 A,0.6934,6.366e-08,0,0,0,,,25
ideal,0.1,5,linear,O2 B,0.2464,1.106e-07,0,0,0,0,0.01116,25
ideal,0.1,5,linear,all,,1.37e-06,9.53e-06,8.899e-06,0,0,0.0167,25
ideal,0.1,5,ruddick2023,Ca H,0.398,1.234e-05,4.192e-05,3.528e-05,-0.4456,-0.07449,0.127,25
ideal,0.1,5,ruddick2023,Ca K,0.3214,1.395e-05,4.956e-05,4.238e-05,-0.4459,-0.06635,0.1089,25
ideal,0.1,5,ruddick2023,G band,0.2075,3.439e-06,0,0,-0.2893,-0.07163,0.1287,25
ideal,0.1,5,ruddick2023,H alpha,0.1032,1.133e-07,0,0,-1.208,,,25
ideal,0.1,5,ruddick2023,H beta,0.1302,1.665e-06,2.363e-06,0,-0.01999,-0.006363,1,25
ideal,0.1,5,ruddick2023,H2O,0.4334,2.188e-08,0,0,-1.408,,,25
ideal,0.1,5,ruddick2023,Mg b,0.1037,9.435e-07,2.595e-05,2.61e-05,-0.1364,0.0006408,-0.005668,25
ideal,0.1,5,ruddick2023,Na D,0.08861,2.647e-07,0,0,-0.6122,0.08229,-0.1938,25
ideal,0.1,5,ruddick2023,O2 A,0.6934,1.475e-07,0,0,-2.078,,,25
ideal,0.1,5,ruddick2023,O2 B,0.2464,2.801e-07,0,0,-1.527,-0.01695,0.01116,25
ideal,0.1,5,ruddick2023,all,,1.773e-06,9.75e-06,8.899e-06,-0.293,-0.0205,0.0167,25
ideal,0.1,5,srf,Ca H,0.398,1.453e-07,3.52e-05,3.528e-05,0.9854,0.1282,0.127,25
ideal,0.1,5,srf,Ca K,0.3214,1.499e-07,4.23e-05,4.238e-05,0.9851,0.11,0.1089,25
ideal,0.1,5,srf,G band,0.2075,1.5e-08,0,0,0.9951,0.1267,0.1287,25
ideal,0.1,5,srf,H alpha,0.1032,8.842e-10,0,0,0.9936,,,25
ideal,0.1,5,srf,H beta,0.1302,5.594e-09,0,0,0.9972,1,1,25
ideal,0.1,5,srf,H2O,0.4334,4.32e-09,0,0,0.5086,,,25
ideal,0.1,5,srf,Mg b,0.1037,2.988e-09,2.61e-05,2.61e-05,0.9973,-0.005272,-0.005668,25
ideal,0.1,5,srf,Na D,0.08861,1.355e-09,0,0,0.9907,-0.1907,-0.1938,25
ideal,0.1,5,srf,O2 A,0.6934,4.702e-09,0,0,0.9292,,,25
ideal,0.1,5,srf,O2 B,0.2464,1.568e-09,0,0,0.9936,0.01114,0.01116,25
ideal,0.1,5,srf,all,,1.482e-08,8.908e-06,8.899e-06,0.9916,0.01738,0.0167,25
ideal,0.2,1,linear,Ca H,0.398,0.0004634,0.0004906,8.798e-05,0,0,0.7524,25
ideal,0.2,1,linear,Ca K,0.3214,0.0005562,0.0005875,0.0001072,0,0,0.7478,25
ideal,0.2,1,linear,G band,0.2075,0.0001162,0.0001213,1.071e-05,0,0,0.9113,25
ideal,0.2,1,linear,H alpha,0.1032,2.92e-06,0,0,0,,,25
ideal,0.2,1,linear,H beta,0.1302,5.42e-05,5.932e-05,9.16e-06,0,0,0.844,25
ideal,0.2,1,linear,H2O,0.4334,3.188e-07,0,0,0,,,25
ideal,0.2,1,linear,Mg b,0.1037,2.776e-05,4.202e-05,3.514e-05,0,0,0.1682,25
ideal,0.2,1,linear,Na D,0.08861,9.184e-06,0,3.303e-06,0,0,0.4864,25
ideal,0.2,1,linear,O2 A,0.6934,3.493e-06,0,0,0,,,25
ideal,0.2,1,linear,O2 B,0.2464,7.024e-06,0,1.023e-05,0,0,0.1875,25
ideal,0.2,1,linear,all,,5.033e-05,5.423e-05,2.018e-05,0,0,0.7235,25
ideal,0.2,1,ruddick2023,Ca H,0.398,0.0005619,0.0005892,8.798e-05,-0.2125,-0.2029,0.7524,25
ideal,0.2,1,ruddick2023,Ca K,0.3214,0.0006751,0.0007066,0.0001072,-0.2139,-0.2041,0.7478,25
ideal,0.2,1,ruddick2023,G band,0.2075,0.0001324,0.0001376,1.071e-05,-0.1398,-0.1352,0.9113,25
ideal,0.2,1,ruddick2023,H alpha,0.1032,4.19e-06,0,0,-0.4365,,,25
ideal,0.2,1,ruddick2023,H beta,0.1302,5.473e-05,5.911e-05,9.16e-06,-0.009776,0.003537,0.844,25
ideal,0.2,1,ruddick2023,H2O,0.4334,4.45e-07,0,0,-0.5343,,,25
ideal,0.2,1,ruddick2023,Mg b,0.1037,2.954e-05,4.222e-05,3.514e-05,-0.06428,-0.004962,0.1682,25
ideal,0.2,1,ruddick2023,Na D,0.08861,1.161e-05,0,3.303e-06,-0.2639,-0.2494,0.4864,25
ideal,0.2,1,ruddick2023,O2 A,0.6934,5.736e-06,0,0,-0.6298,,,25
ideal,0.2,1,ruddick2023,O2 B,0.2464,1.072e-05,1.809e-05,1.023e-05,-0.5226,-0.1314,0.1875,25
ideal,0.2,1,ruddick2023,all,,5.645e-05,6.02e-05,2.018e-05,-0.1273,-0.1102,0.7235,25
ideal,0.2,1,srf,Ca H,0.398,1.382e-06,8.879e-05,8.798e-05,0.9972,0.7558,0.7524,25
ideal,0.2,1,srf,Ca K,0.3214,1.682e-06,0.0001082,0.0001072,0.9971,0.7513,0.7478,25
ideal,0.2,1,srf,G band,0.2075,1.517e-07,1.033e-05,1.071e-05,0.9988,0.9144,0.9113,25
ideal,0.2,1,srf,H alpha,0.1032,9.283e-09,0,0,0.9989,,,25
ideal,0.2,1,srf,H beta,0.1302,3.62e-08,9.14e-06,9.16e-06,0.9995,0.8444,0.844,25
ideal,0.2,1,srf,H2O,0.4334,3.508e-08,0,0,0.9346,,,25
ideal,0.2,1,srf,Mg b,0.1037,2.339e-08,3.514e-05,3.514e-05,0.9993,0.1681,0.1682,25
ideal,0.2,1,srf,Na D,0.08861,9.049e-09,3.312e-06,3.303e-06,0.9994,0.4864,0.4864,25
ideal,0.2,1,srf,O2 A,0.6934,4.372e-08,0,0,0.9915,,,25
ideal,0.2,1,srf,O2 B,0.2464,1.351e-08,1.023e-05,1.023e-05,0.9991,0.1875,0.1875,25
ideal,0.2,1,srf,all,,6.941e-08,2.015e-05,2.018e-05,0.9987,0.7237,0.7235,25
ideal,0.2,5,linear,Ca H,0.398,2.166e-05,4.834e-05,3.528e-05,0,0,0.3151,25
ideal,0.2,5,linear,Ca K,0.3214,2.45e-05,5.66e-05,4.238e-05,0,0,0.2847,25
ideal,0.2,5,linear,G band,0.2075,6.225e-06,4.131e-06,0,0,0,1,25
ideal,0.2,5,linear,H alpha,0.1032,1.64e-07,0,0,0,,,25
ideal,0.2,5,linear,H beta,0.1302,3.353e-06,4.671e-06,0,0,0,1,25
ideal,0.2,5,linear,H2O,0.4334,2.661e-08,0,0,0,,,25
ideal,0.2,5,linear,Mg b,0.1037,1.799e-06,2.582e-05,2.61e-05,0,0,-0.01118,25
ideal,0.2,5,linear,Na D,0.08861,4.344e-07,0,0,0,0,-0.736,25
ideal,0.2,5,linear,O2 A,0.6934,1.901e-07,0,0,0,,,25
ideal,0.2,5,linear,O2 B,0.2464,3.893e-07,0,0,0,0,0.03734,25
ideal,0.2,5,linear,all,,3.198e-06,1.012e-05,8.899e-06,0,0,0.06273,25
ideal,0.2,5,ruddick2023,Ca H,0.398,2.608e-05,5.174e-05,3.528e-05,-0.2038,-0.08299,0.3151,25
ideal,0.2,5,ruddick2023,Ca K,0.3214,2.952e-05,6.039e-05,4.238e-05,-0.205,-0.07823,0.2847,25
ideal,0.2,5,ruddick2023,G band,0.2075,7.077e-06,5.259e-06,0,-0.1367,-0.2617,1,25
ideal,0.2,5,ruddick2023,H alpha,0.1032,2.311e-07,0,0,-0.4129,,,25
ideal,0.2,5,ruddick2023,H beta,0.1302,3.388e-06,4.653e-06,0,-0.01045,0.003263,1,25
ideal,0.2,5,ruddick2023,H2O,0.4334,3.068e-08,0,0,-0.4901,,,25
ideal,0.2,5,ruddick2023,Mg b,0.1037,1.921e-06,2.58e-05,2.61e-05,-0.06784,0.001062,-0.01118,25
ideal,0.2,5,ruddick2023,Na D,0.08861,5.459e-07,0,0,-0.2589,0.08123,-0.736,25
ideal,0.2,5,ruddick2023,O2 A,0.6934,2.943e-07,0,0,-0.5846,,,25
ideal,0.2,5,ruddick2023,O2 B,0.2464,5.766e-07,0,0,-0.4794,-0.01788,0.03734,25
ideal,0.2,5,ruddick2023,all,,3.658e-06,1.028e-05,8.899e-06,-0.1428,-0.0251,0.06273,25
ideal,0.2,5,srf,Ca H,0.398,1.453e-07,3.52e-05,3.528e-05,0.9943,0.3149,0.3151,25
ideal,0.2,5,srf,Ca K,0.3214,1.499e-07,4.23e-05,4.238e-05,0.9941,0.285,0.2847,25
ideal,0.2,5,srf,G band,0.2075,1.5e-08,0,0,0.9979,1,1,25
ideal,0.2,5,srf,H alpha,0.1032,8.842e-10,0,0,0.998,,,25
ideal,0.2,5,srf,H beta,0.1302,5.594e-09,0,0,0.9986,1,1,25
ideal,0.2,5,srf,H2O,0.4334,4.32e-09,0,0,0.852,,,25
ideal,0.2,5,srf,Mg b,0.1037,2.988e-09,2.61e-05,2.61e-05,0.9988,-0.01078,-0.01118,25
ideal,0.2,5,srf,Na D,0.08861,1.355e-09,0,0,0.9965,-0.7314,-0.736,25
ideal,0.2,5,srf,O2 A,0.6934,4.702e-09,0,0,0.9829,,,25
ideal,0.2,5,srf,O2 B,0.2464,1.568e-09,0,0,0.9982,0.03732,0.03734,25
ideal,0.2,5,srf,all,,1.482e-08,8.908e-06,8.899e-06,0.9965,0.06284,0.06273,25
ideal,0.3,1,linear,Ca H,0.398,0.0007811,0.0008031,8.798e-05,0,0,0.8496,25
ideal,0.3,1,linear,Ca K,0.3214,0.0009385,0.0009634,0.0001072,0,0,0.8466,25
ideal,0.3,1,linear,G band,0.2075,0.0001904,0.0001945,1.071e-05,0,0,0.9447,25
ideal,0.3,1,linear,H alpha,0.1032,5.143e-06,0,0,0,,,25
ideal,0.3,1,linear,H beta,0.1302,8.671e-05,8.951e-05,9.16e-06,0,0,0.8969,25
ideal,0.3,1,linear,H2O,0.4334,5.176e-07,0,0,0,,,25
ideal,0.3,1,linear,Mg b,0.1037,4.434e-05,5e-05,3.514e-05,0,0,0.6264,25
ideal,0.3,1,linear,Na D,0.08861,1.559e-05,0,3.303e-06,0,0,0.6751,25
ideal,0.3,1,linear,O2 A,0.6934,6.658e-06,0,0,0,,,25
ideal,0.3,1,linear,O2 B,0.2464,1.283e-05,0,1.023e-05,0,0,0.6501,25
ideal,0.3,1,linear,all,,8.225e-05,8.182e-05,2.018e-05,0,0,0.822,25
ideal,0.3,1,ruddick2023,Ca H,0.398,0.0008959,0.0009185,8.798e-05,-0.1469,-0.1437,0.8496,25
ideal,0.3,1,ruddick2023,Ca K,0.3214,0.001077,0.001103,0.0001072,-0.1479,-0.1451,0.8466,25
ideal,0.3,1,ruddick2023,G band,0.2075,0.000209,0.0002131,1.071e-05,-0.09774,-0.09581,0.9447,25
ideal,0.3,1,ruddick2023,H alpha,0.1032,6.594e-06,0,0,-0.2836,,,25
ideal,0.3,1,ruddick2023,H beta,0.1302,8.733e-05,8.921e-05,9.16e-06,-0.007136,0.003288,0.8969,25
ideal,0.3,1,ruddick2023,H2O,0.4334,6.924e-07,0,0,-0.3388,,,25
ideal,0.3,1,ruddick2023,Mg b,0.1037,4.637e-05,5.02e-05,3.514e-05,-0.04564,-0.03301,0.6264,25
ideal,0.3,1,ruddick2023,Na D,0.08861,1.84e-05,0,3.303e-06,-0.1798,-0.2023,0.6751,25
ideal,0.3,1,ruddick2023,O2 A,0.6934,9.429e-06,0,0,-0.4046,,,25
ideal,0.3,1,ruddick2023,O2 B,0.2464,1.722e-05,8.464e-06,1.023e-05,-0.3396,-0.2863,0.6501,25
ideal,0.3,1,ruddick2023,all,,8.93e-05,8.831e-05,2.018e-05,-0.09089,-0.08633,0.822,25
ideal,0.3,1,srf,Ca H,0.398,1.382e-06,8.879e-05,8.798e-05,0.9983,0.8525,0.8496,25
ideal,0.3,1,srf,Ca K,0.3214,1.682e-06,0.0001082,0.0001072,0.9983,0.8495,0.8466,25
ideal,0.3,1,srf,G band,0.2075,1.517e-07,1.033e-05,1.071e-05,0.9993,0.9467,0.9447,25
ideal,0.3,1,srf,H alpha,0.1032,9.283e-09,0,0,0.9994,,,25
ideal,0.3,1,srf,H beta,0.1302,3.62e-08,9.14e-06,9.16e-06,0.9997,0.8972,0.8969,25
ideal,0.3,1,srf,H2O,0.4334,3.508e-08,0,0,0.9637,,,25
ideal,0.3,1,srf,Mg b,0.1037,2.339e-08,3.514e-05,3.514e-05,0.9996,0.6264,0.6264,25
ideal,0.3,1,srf,Na D,0.08861,9.049e-09,3.312e-06,3.303e-06,0.9997,0.6751,0.6751,25
ideal,0.3,1,srf,O2 A,0.6934,4.372e-08,0,0,0.9955,,,25
ideal,0.3,1,srf,O2 B,0.2464,1.351e-08,1.023e-05,1.023e-05,0.9995,0.6501,0.6501,25
ideal,0.3,1,srf,all,,6.941e-08,2.015e-05,2.018e-05,0.9992,0.8222,0.822,25
ideal,0.3,5,linear,Ca H,0.398,3.625e-05,5.99e-05,3.528e-05,0,0,0.4636,25
ideal,0.3,5,linear,Ca K,0.3214,4.109e-05,6.95e-05,4.238e-05,0,0,0.4332,25
ideal,0.3,5,linear,G band,0.2075,9.999e-06,8.727e-06,0,0,0,1,25
ideal,0.3,5,linear,H alpha,0.1032,2.81e-07,0,0,0,,,25
ideal,0.3,5,linear,H beta,0.1302,5.142e-06,6.561e-06,0,0,0,1,25
ideal,0.3,5,linear,H2O,0.4334,3.293e-08,0,0,0,,,25
ideal,0.3,5,linear,Mg b,0.1037,2.808e-06,2.569e-05,2.61e-05,0,0,-0.01641,25
ideal,0.3,5,linear,Na D,0.08861,7.223e-07,0,0,0,0,-2.648,25
ideal,0.3,5,linear,O2 A,0.6934,3.398e-07,0,0,0,,,25
ideal,0.3,5,linear,O2 B,0.2464,6.839e-07,0,0,0,0,0.06251,25
ideal,0.3,5,linear,all,,5.155e-06,1.089e-05,8.899e-06,0,0,0.1257,25
ideal,0.3,5,ruddick2023,Ca H,0.398,4.136e-05,6.428e-05,3.528e-05,-0.141,-0.08236,0.4636,25
ideal,0.3,5,ruddick2023,Ca K,0.3214,4.693e-05,7.444e-05,4.238e-05,-0.1422,-0.08022,0.4332,25
ideal,0.3,5,ruddick2023,G band,0.2075,1.094e-05,9.739e-06,0,-0.09406,-0.1164,1,25
ideal,0.3,5,ruddick2023,H alpha,0.1032,3.539e-07,0,0,-0.2628,,,25
ideal,0.3,5,ruddick2023,H beta,0.1302,5.18e-06,6.524e-06,0,-0.007365,0.005298,1,25
ideal,0.3,5,ruddick2023,H2O,0.4334,3.832e-08,0,0,-0.3103,,,25
ideal,0.3,5,ruddick2023,Mg b,0.1037,2.94e-06,2.567e-05,2.61e-05,-0.04715,0.0009364,-0.01641,25
ideal,0.3,5,ruddick2023,Na D,0.08861,8.466e-07,0,0,-0.1741,-0.1489,-2.648,25
ideal,0.3,5,ruddick2023,O2 A,0.6934,4.677e-07,0,0,-0.3699,,,25
ideal,0.3,5,ruddick2023,O2 B,0.2464,8.917e-07,0,0,-0.3024,-0.01901,0.06251,25
ideal,0.3,5,ruddick2023,all,,5.675e-06,1.113e-05,8.899e-06,-0.1003,-0.02945,0.1257,25
ideal,0.3,5,srf,Ca H,0.398,1.453e-07,3.52e-05,3.528e-05,0.9966,0.4641,0.4636,25
ideal,0.3,5,srf,Ca K,0.3214,1.499e-07,4.23e-05,4.238e-05,0.9965,0.4341,0.4332,25
ideal,0.3,5,srf,G band,0.2075,1.5e-08,0,0,0.9987,1,1,25
ideal,0.3,5,srf,H alpha,0.1032,8.842e-10,0,0,0.9988,,,25
ideal,0.3,5,srf,H beta,0.1302,5.594e-09,0,0,0.9991,1,1,25
ideal,0.3,5,srf,H2O,0.4334,4.32e-09,0,0,0.9154,,,25
ideal,0.3,5,srf,Mg b,0.1037,2.988e-09,2.61e-05,2.61e-05,0.9992,-0.01601,-0.01641,25
ideal,0.3,5,srf,Na D,0.08861,1.355e-09,0,0,0.9979,-2.642,-2.648,25
ideal,0.3,5,srf,O2 A,0.6934,4.702e-09,0,0,0.9907,,,25
ideal,0.3,5,srf,O2 B,0.2464,1.568e-09,0,0,0.999,0.06249,0.06251,25
ideal,0.3,5,srf,all,,1.482e-08,8.908e-06,8.899e-06,0.9978,0.1258,0.1257,25
ideal,0.4,1,linear,Ca H,0.398,0.001136,0.001155,8.798e-05,0,0,0.896,25
ideal,0.4,1,linear,Ca K,0.3214,0.001366,0.001388,0.0001072,0,0,0.8941,25
ideal,0.4,1,linear,G band,0.2075,0.0002718,0.0002748,1.071e-05,0,0,0.9609,25
ideal,0.4,1,linear,H alpha,0.1032,7.571e-06,0,0,0,,,25
ideal,0.4,1,linear,H beta,0.1302,0.0001234,0.0001237,9.16e-06,0,0,0.9255,25
ideal,0.4,1,linear,H2O,0.4334,7.683e-07,0,0,0,,,25
ideal,0.4,1,linear,Mg b,0.1037,6.248e-05,5.983e-05,3.514e-05,0,0,0.7241,25
ideal,0.4,1,linear,Na D,0.08861,2.269e-05,0,3.303e-06,0,0,0.7725,25
ideal,0.4,1,linear,O2 A,0.6934,1.039e-05,0,0,0,0,1,25
ideal,0.4,1,linear,O2 B,0.2464,1.94e-05,0,1.023e-05,0,0,0.6977,25
ideal,0.4,1,linear,all,,0.0001175,0.0001143,2.018e-05,0,0,0.8726,25
ideal,0.4,1,ruddick2023,Ca H,0.398,0.001269,0.00129,8.798e-05,-0.1174,-0.1161,0.896,25
ideal,0.4,1,ruddick2023,Ca K,0.3214,0.001528,0.001551,0.0001072,-0.1183,-0.1172,0.8941,25
ideal,0.4,1,ruddick2023,G band,0.2075,0.0002931,0.000296,1.071e-05,-0.07828,-0.0772,0.9609,25
ideal,0.4,1,ruddick2023,H alpha,0.1032,9.233e-06,0,0,-0.2208,,,25
ideal,0.4,1,ruddick2023,H beta,0.1302,0.0001242,0.0001233,9.16e-06,-0.005868,0.003028,0.9255,25
ideal,0.4,1,ruddick2023,H2O,0.4334,9.673e-07,0,0,-0.2596,,,25
ideal,0.4,1,ruddick2023,Mg b,0.1037,6.478e-05,5.998e-05,3.514e-05,-0.0369,-0.02824,0.7241,25
ideal,0.4,1,ruddick2023,Na D,0.08861,2.594e-05,0,3.303e-06,-0.1428,-0.1697,0.7725,25
ideal,0.4,1,ruddick2023,O2 A,0.6934,1.383e-05,0,0,-0.3191,-2.105,1,25
ideal,0.4,1,ruddick2023,O2 B,0.2464,2.463e-05,0,1.023e-05,-0.2669,-0.2446,0.6977,25
ideal,0.4,1,ruddick2023,all,,0.0001256,0.0001217,2.018e-05,-0.07378,-0.07058,0.8726,25
ideal,0.4,1,srf,Ca H,0.398,1.382e-06,8.879e-05,8.798e-05,0.9989,0.898,0.896,25
ideal,0.4,1,srf,Ca K,0.3214,1.682e-06,0.0001082,0.0001072,0.9988,0.8961,0.8941,25
ideal,0.4,1,srf,G band,0.2075,1.517e-07,1.033e-05,1.071e-05,0.9995,0.9623,0.9609,25
ideal,0.4,1,srf,H alpha,0.1032,9.283e-09,0,0,0.9996,,,25
ideal,0.4,1,srf,H beta,0.1302,3.62e-08,9.14e-06,9.16e-06,0.9998,0.9257,0.9255,25
ideal,0.4,1,srf,H2O,0.4334,3.508e-08,0,0,0.9756,,,25
ideal,0.4,1,srf,Mg b,0.1037,2.339e-08,3.514e-05,3.514e-05,0.9997,0.7241,0.7241,25
ideal,0.4,1,srf,Na D,0.08861,9.049e-09,3.312e-06,3.303e-06,0.9998,0.7724,0.7725,25
ideal,0.4,1,srf,O2 A,0.6934,4.372e-08,0,0,0.9971,1,1,25
ideal,0.4,1,srf,O2 B,0.2464,1.351e-08,1.023e-05,1.023e-05,0.9997,0.6977,0.6977,25
ideal,0.4,1,srf,all,,6.941e-08,2.015e-05,2.018e-05,0.9995,0.8727,0.8726,25
ideal,0.4,5,linear,Ca H,0.398,5.244e-05,7.392e-05,3.528e-05,0,0,0.5744,25
ideal,0.4,5,linear,Ca K,0.3214,5.957e-05,8.532e-05,4.238e-05,0,0,0.548,25
ideal,0.4,5,linear,G band,0.2075,1.401e-05,1.293e-05,0,0,0,1,25
ideal,0.4,5,linear,H alpha,0.1032,4.027e-07,0,0,0,,,25
ideal,0.4,5,linear,H beta,0.1302,7.01e-06,8.524e-06,0,0,0,1,25
ideal,0.4,5,linear,H2O,0.4334,4.078e-08,0,0,0,,,25
ideal,0.4,5,linear,Mg b,0.1037,3.865e-06,2.556e-05,2.61e-05,0,0,-0.02325,25
ideal,0.4,5,linear,Na D,0.08861,1.03e-06,0,0,0,,,25
ideal,0.4,5,linear,O2 A,0.6934,5.13e-07,0,0,0,,,25
ideal,0.4,5,linear,O2 B,0.2464,9.963e-07,0,0,0,0,0.08681,25
ideal,0.4,5,linear,all,,7.253e-06,1.189e-05,8.899e-06,0,0,0.1998,25
ideal,0.4,5,ruddick2023,Ca H,0.398,5.836e-05,7.929e-05,3.528e-05,-0.1128,-0.07921,0.5744,25
ideal,0.4,5,ruddick2023,Ca K,0.3214,6.636e-05,9.144e-05,4.238e-05,-0.114,-0.07855,0.548,25
ideal,0.4,5,ruddick2023,G band,0.2075,1.505e-05,1.4e-05,0,-0.07438,-0.08299,1,25
ideal,0.4,5,ruddick2023,H alpha,0.1032,4.822e-07,0,0,-0.2005,,,25
ideal,0.4,5,ruddick2023,H beta,0.1302,7.052e-06,8.47e-06,0,-0.005877,0.006383,1,25
ideal,0.4,5,ruddick2023,H2O,0.4334,4.733e-08,0,0,-0.2362,,,25
ideal,0.4,5,ruddick2023,Mg b,0.1037,4.009e-06,2.553e-05,2.61e-05,-0.03742,0.001175,-0.02325,25
ideal,0.4,5,ruddick2023,Na D,0.08861,1.169e-06,0,0,-0.1368,,,25
ideal,0.4,5,ruddick2023,O2 A,0.6934,6.647e-07,0,0,-0.2873,,,25
ideal,0.4,5,ruddick2023,O2 B,0.2464,1.228e-06,0,0,-0.2314,-0.02042,0.08681,25
ideal,0.4,5,ruddick2023,all,,7.843e-06,1.222e-05,8.899e-06,-0.08086,-0.03342,0.1998,25
ideal,0.4,5,srf,Ca H,0.398,1.453e-07,3.52e-05,3.528e-05,0.9976,0.5751,0.5744,25
ideal,0.4,5,srf,Ca K,0.3214,1.499e-07,4.23e-05,4.238e-05,0.9976,0.5489,0.548,25
ideal,0.4,5,srf,G band,0.2075,1.5e-08,0,0,0.9991,1,1,25
ideal,0.4,5,srf,H alpha,0.1032,8.842e-10,0,0,0.9992,,,25
ideal,0.4,5,srf,H beta,0.1302,5.594e-09,0,0,0.9994,1,1,25
ideal,0.4,5,srf,H2O,0.4334,4.32e-09,0,0,0.9417,,,25
ideal,0.4,5,srf,Mg b,0.1037,2.988e-09,2.61e-05,2.61e-05,0.9994,-0.02329,-0.02325,25
ideal,0.4,5,srf,Na D,0.08861,1.355e-09,0,0,0.9985,,,25
ideal,0.4,5,srf,O2 A,0.6934,4.702e-09,0,0,0.9938,,,25
ideal,0.4,5,srf,O2 B,0.2464,1.568e-09,0,0,0.9993,0.08679,0.08681,25
ideal,0.4,5,srf,all,,1.482e-08,8.908e-06,8.899e-06,0.9985,0.1999,0.1998,25
ideal,0.5,1,linear,Ca H,0.398,0.001531,0.001549,8.798e-05,0,0,0.9227,25
ideal,0.5,1,linear,Ca K,0.3214,0.001844,0.001863,0.0001072,0,0,0.9213,25
ideal,0.5,1,linear,G band,0.2075,0.000361,0.0003628,1.071e-05,0,0,0.9704,25
ideal,0.5,1,linear,H alpha,0.1032,1.023e-05,0,0,0,,,25
ideal,0.5,1,linear,H beta,0.1302,0.000165,0.0001624,9.16e-06,0,0,0.9433,25
ideal,0.5,1,linear,H2O,0.4334,1.041e-06,0,0,0,,,25
ideal,0.5,1,linear,Mg b,0.1037,8.238e-05,7.141e-05,3.514e-05,0,0,0.7865,25
ideal,0.5,1,linear,Na D,0.08861,3.055e-05,0,3.303e-06,0,0,0.8295,25
ideal,0.5,1,linear,O2 A,0.6934,1.481e-05,0,0,0,0,1,25
ideal,0.5,1,linear,O2 B,0.2464,2.686e-05,0,1.023e-05,0,0,0.7384,25
ideal,0.5,1,linear,all,,0.0001564,0.0001501,2.018e-05,0,0,0.9031,25
ideal,0.5,1,ruddick2023,Ca H,0.398,0.001686,0.001704,8.798e-05,-0.101,-0.1004,0.9227,25
ideal,0.5,1,ruddick2023,Ca K,0.3214,0.002032,0.002052,0.0001072,-0.1019,-0.1014,0.9213,25
ideal,0.5,1,ruddick2023,G band,0.2075,0.0003853,0.000387,1.071e-05,-0.06735,-0.06663,0.9704,25
ideal,0.5,1,ruddick2023,H alpha,0.1032,1.213e-05,0,0,-0.1879,,,25
ideal,0.5,1,ruddick2023,H beta,0.1302,0.0001658,0.0001619,9.16e-06,-0.005148,0.002833,0.9433,25
ideal,0.5,1,ruddick2023,H2O,0.4334,1.268e-06,0,0,-0.2192,,,25
ideal,0.5,1,ruddick2023,Mg b,0.1037,8.502e-05,7.146e-05,3.514e-05,-0.0321,-0.02505,0.7865,25
ideal,0.5,1,ruddick2023,Na D,0.08861,3.429e-05,0,3.303e-06,-0.1226,-0.1493,0.8295,25
ideal,0.5,1,ruddick2023,O2 A,0.6934,1.91e-05,0,0,-0.277,-1.082,1,25
ideal,0.5,1,ruddick2023,O2 B,0.2464,3.311e-05,0,1.023e-05,-0.2298,-0.2254,0.7384,25
ideal,0.5,1,ruddick2023,all,,0.0001656,0.0001586,2.018e-05,-0.06418,-0.06119,0.9031,25
ideal,0.5,1,srf,Ca H,0.398,1.382e-06,8.879e-05,8.798e-05,0.9991,0.9242,0.9227,25
ideal,0.5,1,srf,Ca K,0.3214,1.682e-06,0.0001082,0.0001072,0.9991,0.9229,0.9213,25
ideal,0.5,1,srf,G band,0.2075,1.517e-07,1.033e-05,1.071e-05,0.9996,0.9715,0.9704,25
ideal,0.5,1,srf,H alpha,0.1032,9.283e-09,0,0,0.9997,,,25
ideal,0.5,1,srf,H beta,0.1302,3.62e-08,9.14e-06,9.16e-06,0.9998,0.9435,0.9433,25
ideal,0.5,1,srf,H2O,0.4334,3.508e-08,0,0,0.982,,,25
ideal,0.5,1,srf,Mg b,0.1037,2.339e-08,3.514e-05,3.514e-05,0.9998,0.7865,0.7865,25
ideal,0.5,1,srf,Na D,0.08861,9.049e-09,3.312e-06,3.303e-06,0.9998,0.8294,0.8295,25
ideal,0.5,1,srf,O2 A,0.6934,4.372e-08,0,0,0.9979,1,1,25
ideal,0.5,1,srf,O2 B,0.2464,1.351e-08,1.023e-05,1.023e-05,0.9998,0.7384,0.7384,25
ideal,0.5,1,srf,all,,6.941e-08,2.015e-05,2.018e-05,0.9996,0.9032,0.9031,25
ideal,0.5,5,linear,Ca H,0.398,7.039e-05,9.041e-05,3.528e-05,0,0,0.6564,25
ideal,0.5,5,linear,Ca K,0.3214,8.014e-05,0.0001041,4.238e-05,0,0,0.6345,25
ideal,0.5,5,linear,G band,0.2075,1.827e-05,1.725e-05,0,0,0,1,25
ideal,0.5,5,linear,H alpha,0.1032,5.296e-07,0,0,0,,,25
ideal,0.5,5,linear,H beta,0.1302,8.971e-06,1.03e-05,0,0,0,1,25
ideal,0.5,5,linear,H2O,0.4334,4.982e-08,0,0,0,,,25
ideal,0.5,5,linear,Mg b,0.1037,4.979e-06,2.544e-05,2.61e-05,0,0,-0.02622,25
ideal,0.5,5,linear,Na D,0.08861,1.359e-06,0,0,0,0,-3.206,25
ideal,0.5,5,linear,O2 A,0.6934,7.088e-07,0,0,0,,,25
ideal,0.5,5,linear,O2 B,0.2464,1.329e-06,0,0,0,0,0.1104,25
ideal,0.5,5,linear,all,,9.511e-06,1.317e-05,8.899e-06,0,0,0.2779,25
ideal,0.5,5,ruddick2023,Ca H,0.398,7.723e-05,9.684e-05,3.528e-05,-0.09719,-0.07591,0.6564,25
ideal,0.5,5,ruddick2023,Ca K,0.3214,8.802e-05,0.0001114,4.238e-05,-0.09838,-0.07603,0.6345,25
ideal,0.5,5,ruddick2023,G band,0.2075,1.943e-05,1.841e-05,0,-0.06332,-0.06745,1,25
ideal,0.5,5,ruddick2023,H alpha,0.1032,6.164e-07,0,0,-0.1673,,,25
ideal,0.5,5,ruddick2023,H beta,0.1302,9.016e-06,1.023e-05,0,-0.005028,0.007303,1,25
ideal,0.5,5,ruddick2023,H2O,0.4334,5.75e-08,0,0,-0.1977,,,25
ideal,0.5,5,ruddick2023,Mg b,0.1037,5.137e-06,2.541e-05,2.61e-05,-0.03196,0.001493,-0.02622,25
ideal,0.5,5,ruddick2023,Na D,0.08861,1.515e-06,0,0,-0.1164,-1.985,-3.206,25
ideal,0.5,5,ruddick2023,O2 A,0.6934,8.911e-07,0,0,-0.2472,,,25
ideal,0.5,5,ruddick2023,O2 B,0.2464,1.589e-06,0,0,-0.1943,-0.02215,0.1104,25
ideal,0.5,5,ruddick2023,all,,1.018e-05,1.36e-05,8.899e-06,-0.0701,-0.03696,0.2779,25
ideal,0.5,5,srf,Ca H,0.398,1.453e-07,3.52e-05,3.528e-05,0.9982,0.6571,0.6564,25
ideal,0.5,5,srf,Ca K,0.3214,1.499e-07,4.23e-05,4.238e-05,0.9982,0.6354,0.6345,25
ideal,0.5,5,srf,G band,0.2075,1.5e-08,0,0,0.9993,1,1,25
ideal,0.5,5,srf,H alpha,0.1032,8.842e-10,0,0,0.9994,,,25
ideal,0.5,5,srf,H beta,0.1302,5.594e-09,0,0,0.9995,1,1,25
ideal,0.5,5,srf,H2O,0.4334,4.32e-09,0,0,0.956,,,25
ideal,0.5,5,srf,Mg b,0.1037,2.988e-09,2.61e-05,2.61e-05,0.9996,-0.02585,-0.02622,25
ideal,0.5,5,srf,Na D,0.08861,1.355e-09,0,0,0.9989,-3.181,-3.206,25
ideal,0.5,5,srf,O2 A,0.6934,4.702e-09,0,0,0.9954,,,25
ideal,0.5,5,srf,O2 B,0.2464,1.568e-09,0,0,0.9995,0.1104,0.1104,25
ideal,0.5,5,srf,all,,1.482e-08,8.908e-06,8.899e-06,0.9988,0.2781,0.2779,25
ideal,0.6,1,linear,Ca H,0.398,0.00197,0.001986,8.798e-05,0,0,0.9398,25
ideal,0.6,1,linear,Ca K,0.3214,0.002374,0.002392,0.0001072,0,0,0.9389,25
ideal,0.6,1,linear,G band,0.2075,0.0004586,0.0004589,1.071e-05,0,0,0.9766,25
ideal,0.6,1,linear,H alpha,0.1032,1.313e-05,0,0,0,,,25
ideal,0.6,1,linear,H beta,0.1302,0.000212,0.0002063,9.16e-06,0,0,0.9554,25
ideal,0.6,1,linear,H2O,0.4334,1.337e-06,0,0,0,,,25
ideal,0.6,1,linear,Mg b,0.1037,0.0001043,8.465e-05,3.514e-05,0,0,0.8294,25
ideal,0.6,1,linear,Na D,0.08861,3.921e-05,0,3.303e-06,0,0,0.8664,25
ideal,0.6,1,linear,O2 A,0.6934,2.005e-05,0,0,0,0,1,25
ideal,0.6,1,linear,O2 B,0.2464,3.532e-05,0,1.023e-05,0,0,0.7735,25
ideal,0.6,1,linear,all,,0.0001992,0.0001896,2.018e-05,0,0,0.9232,25
ideal,0.6,1,ruddick2023,Ca H,0.398,0.002149,0.002166,8.798e-05,-0.09096,-0.0906,0.9398,25
ideal,0.6,1,ruddick2023,Ca K,0.3214,0.002592,0.002611,0.0001072,-0.09183,-0.09154,0.9389,25
ideal,0.6,1,ruddick2023,G band,0.2075,0.0004864,0.0004865,1.071e-05,-0.06059,-0.06006,0.9766,25
ideal,0.6,1,ruddick2023,H alpha,0.1032,1.533e-05,0,0,-0.1687,,,25
ideal,0.6,1,ruddick2023,H beta,0.1302,0.000213,0.0002057,9.16e-06,-0.004705,0.0027,0.9554,25
ideal,0.6,1,ruddick2023,H2O,0.4334,1.597e-06,0,0,-0.1972,,,25
ideal,0.6,1,ruddick2023,Mg b,0.1037,0.0001074,8.457e-05,3.514e-05,-0.02932,-0.02307,0.8294,25
ideal,0.6,1,ruddick2023,Na D,0.08861,4.354e-05,0,3.303e-06,-0.1104,-0.1362,0.8664,25
ideal,0.6,1,ruddick2023,O2 A,0.6934,2.545e-05,0,0,-0.2544,-0.7617,1,25
ideal,0.6,1,ruddick2023,O2 B,0.2464,4.282e-05,0,1.023e-05,-0.2089,-0.2167,0.7735,25
ideal,0.6,1,ruddick2023,all,,0.0002098,0.0001992,2.018e-05,-0.0582,-0.05515,0.9232,25
ideal,0.6,1,srf,Ca H,0.398,1.382e-06,8.879e-05,8.798e-05,0.9993,0.941,0.9398,25
ideal,0.6,1,srf,Ca K,0.3214,1.682e-06,0.0001082,0.0001072,0.9993,0.9401,0.9389,25
ideal,0.6,1,srf,G band,0.2075,1.517e-07,1.033e-05,1.071e-05,0.9997,0.9774,0.9766,25
ideal,0.6,1,srf,H alpha,0.1032,9.283e-09,0,0,0.9998,,,25
ideal,0.6,1,srf,H beta,0.1302,3.62e-08,9.14e-06,9.16e-06,0.9999,0.9555,0.9554,25
ideal,0.6,1,srf,H2O,0.4334,3.508e-08,0,0,0.9861,,,25
ideal,0.6,1,srf,Mg b,0.1037,2.339e-08,3.514e-05,3.514e-05,0.9998,0.8294,0.8294,25
ideal,0.6,1,srf,Na D,0.08861,9.049e-09,3.312e-06,3.303e-06,0.9999,0.8662,0.8664,25
ideal,0.6,1,srf,O2 A,0.6934,4.372e-08,0,0,0.9984,1,1,25
ideal,0.6,1,srf,O2 B,0.2464,1.351e-08,1.023e-05,1.023e-05,0.9998,0.7735,0.7735,25
ideal,0.6,1,srf,all,,6.941e-08,2.015e-05,2.018e-05,0.9997,0.9233,0.9232,25
ideal,0.6,5,linear,Ca H,0.398,9.023e-05,0.000109,3.528e-05,0,0,0.718,25
ideal,0.6,5,linear,Ca K,0.3214,0.0001029,0.0001254,4.238e-05,0,0,0.7,25
ideal,0.6,5,linear,G band,0.2075,2.28e-05,2.177e-05,0,0,0,1,25
ideal,0.6,5,linear,H alpha,0.1032,6.618e-07,0,0,0,,,25
ideal,0.6,5,linear,H beta,0.1302,1.104e-05,1.212e-05,0,0,0,1,25
ideal,0.6,5,linear,H2O,0.4334,5.99e-08,0,0,0,,,25
ideal,0.6,5,linear,Mg b,0.1037,6.158e-06,2.533e-05,2.61e-05,0,0,-0.03033,25
ideal,0.6,5,linear,Na D,0.08861,1.712e-06,0,0,0,0,-1.619,25
ideal,0.6,5,linear,O2 A,0.6934,9.325e-07,0,0,0,,,25
ideal,0.6,5,linear,O2 B,0.2464,1.684e-06,0,0,0,0,0.1334,25
ideal,0.6,5,linear,all,,1.194e-05,1.473e-05,8.899e-06,0,0,0.3545,25
ideal,0.6,5,ruddick2023,Ca H,0.398,9.815e-05,0.0001166,3.528e-05,-0.08762,-0.07313,0.718,25
ideal,0.6,5,ruddick2023,Ca K,0.3214,0.0001121,0.0001341,4.238e-05,-0.08881,-0.07369,0.7,25
ideal,0.6,5,ruddick2023,G band,0.2075,2.409e-05,2.304e-05,0,-0.05643,-0.05871,1,25
ideal,0.6,5,ruddick2023,H alpha,0.1032,7.586e-07,0,0,-0.1471,,,25
ideal,0.6,5,ruddick2023,H beta,0.1302,1.109e-05,1.203e-05,0,-0.004501,0.007578,1,25
ideal,0.6,5,ruddick2023,H2O,0.4334,6.88e-08,0,0,-0.1757,,,25
ideal,0.6,5,ruddick2023,Mg b,0.1037,6.334e-06,2.528e-05,2.61e-05,-0.02864,0.001908,-0.03033,25
ideal,0.6,5,ruddick2023,Na D,0.08861,1.887e-06,0,0,-0.1039,-1.143,-1.619,25
ideal,0.6,5,ruddick2023,O2 A,0.6934,1.154e-06,0,0,-0.2258,,,25
ideal,0.6,5,ruddick2023,O2 B,0.2464,1.978e-06,0,0,-0.1727,-0.02429,0.1334,25
ideal,0.6,5,ruddick2023,all,,1.271e-05,1.527e-05,8.899e-06,-0.06355,-0.04013,0.3545,25
ideal,0.6,5,srf,Ca H,0.398,1.453e-07,3.52e-05,3.528e-05,0.9986,0.7187,0.718,25
ideal,0.6,5,srf,Ca K,0.3214,1.499e-07,4.23e-05,4.238e-05,0.9986,0.7008,0.7,25
ideal,0.6,5,srf,G band,0.2075,1.5e-08,0,0,0.9994,1,1,25
ideal,0.6,5,srf,H alpha,0.1032,8.842e-10,0,0,0.9995,,,25
ideal,0.6,5,srf,H beta,0.1302,5.594e-09,0,0,0.9996,1,1,25
ideal,0.6,5,srf,H2O,0.4334,4.32e-09,0,0,0.9651,,,25
ideal,0.6,5,srf,Mg b,0.1037,2.988e-09,2.61e-05,2.61e-05,0.9996,-0.03041,-0.03033,25
ideal,0.6,5,srf,Na D,0.08861,1.355e-09,0,0,0.9991,-1.61,-1.619,25
ideal,0.6,5,srf,O2 A,0.6934,4.702e-09,0,0,0.9965,,,25
ideal,0.6,5,srf,O2 B,0.2464,1.568e-09,0,0,0.9996,0.1334,0.1334,25
ideal,0.6,5,srf,all,,1.482e-08,8.908e-06,8.899e-06,0.9991,0.3547,0.3545,25
ideal,0.7,1,linear,Ca H,0.398,0.002455,0.00247,8.798e-05,0,0,0.9517,25
ideal,0.7,1,linear,Ca K,0.3214,0.002962,0.002979,0.0001072,0,0,0.951,25
ideal,0.7,1,linear,G band,0.2075,0.000565,0.0005638,1.071e-05,0,0,0.981,25
ideal,0.7,1,linear,H alpha,0.1032,1.631e-05,0,0,0,,,25
ideal,0.7,1,linear,H beta,0.1302,0.0002651,0.0002559,9.16e-06,0,0,0.9641,25
ideal,0.7,1,linear,H2O,0.4334,1.658e-06,0,0,0,,,25
ideal,0.7,1,linear,Mg b,0.1037,0.0001288,9.969e-05,3.514e-05,0,0,0.8607,25
ideal,0.7,1,linear,Na D,0.08861,4.874e-05,0,3.303e-06,0,0,0.8919,25
ideal,0.7,1,linear,O2 A,0.6934,2.63e-05,0,0,0,0,1,25
ideal,0.7,1,linear,O2 B,0.2464,4.494e-05,0,1.023e-05,0,0,0.8037,25
ideal,0.7,1,linear,all,,0.0002462,0.0002328,2.018e-05,0,0,0.9375,25
ideal,0.7,1,ruddick2023,Ca H,0.398,0.002662,0.002678,8.798e-05,-0.08445,-0.08422,0.9517,25
ideal,0.7,1,ruddick2023,Ca K,0.3214,0.003215,0.003233,0.0001072,-0.08532,-0.08514,0.951,25
ideal,0.7,1,ruddick2023,G band,0.2075,0.0005968,0.0005952,1.071e-05,-0.05621,-0.05579,0.981,25
ideal,0.7,1,ruddick2023,H alpha,0.1032,1.886e-05,0,0,-0.1572,,,25
ideal,0.7,1,ruddick2023,H beta,0.1302,0.0002662,0.0002552,9.16e-06,-0.004419,0.002621,0.9641,25
ideal,0.7,1,ruddick2023,H2O,0.4334,1.959e-06,0,0,-0.1842,,,25
ideal,0.7,1,ruddick2023,Mg b,0.1037,0.0001324,9.949e-05,3.514e-05,-0.02781,-0.02201,0.8607,25
ideal,0.7,1,ruddick2023,Na D,0.08861,5.375e-05,0,3.303e-06,-0.1025,-0.1276,0.8919,25
ideal,0.7,1,ruddick2023,O2 A,0.6934,3.317e-05,0,0,-0.2427,-0.6192,1,25
ideal,0.7,1,ruddick2023,O2 B,0.2464,5.396e-05,0,1.023e-05,-0.1969,-0.214,0.8037,25
ideal,0.7,1,ruddick2023,all,,0.0002583,0.0002438,2.018e-05,-0.05388,-0.05106,0.9375,25
ideal,0.7,1,srf,Ca H,0.398,1.382e-06,8.879e-05,8.798e-05,0.9995,0.9526,0.9517,25
ideal,0.7,1,srf,Ca K,0.3214,1.682e-06,0.0001082,0.0001072,0.9995,0.9519,0.951,25
ideal,0.7,1,srf,G band,0.2075,1.517e-07,1.033e-05,1.071e-05,0.9998,0.9816,0.981,25
ideal,0.7,1,srf,H alpha,0.1032,9.283e-09,0,0,0.9998,,,25
ideal,0.7,1,srf,H beta,0.1302,3.62e-08,9.14e-06,9.16e-06,0.9999,0.9642,0.9641,25
ideal,0.7,1,srf,H2O,0.4334,3.508e-08,0,0,0.9888,,,25
ideal,0.7,1,srf,Mg b,0.1037,2.339e-08,3.514e-05,3.514e-05,0.9999,0.8607,0.8607,25
ideal,0.7,1,srf,Na D,0.08861,9.049e-09,3.312e-06,3.303e-06,0.9999,0.8918,0.8919,25
ideal,0.7,1,srf,O2 A,0.6934,4.372e-08,0,0,0.9988,1,1,25
ideal,0.7,1,srf,O2 B,0.2464,1.351e-08,1.023e-05,1.023e-05,0.9999,0.8037,0.8037,25
ideal,0.7,1,srf,all,,6.941e-08,2.015e-05,2.018e-05,0.9997,0.9375,0.9375,25
ideal,0.7,5,linear,Ca H,0.398,0.0001121,0.00013,3.528e-05,0,0,0.7652,25
ideal,0.7,5,linear,Ca K,0.3214,0.0001282,0.0001495,4.238e-05,0,0,0.7503,25
ideal,0.7,5,linear,G band,0.2075,2.763e-05,2.653e-05,0,0,0,1,25
ideal,0.7,5,linear,H alpha,0.1032,8.022e-07,0,0,0,,,25
ideal,0.7,5,linear,H beta,0.1302,1.322e-05,1.399e-05,0,0,0,1,25
ideal,0.7,5,linear,H2O,0.4334,7.108e-08,0,0,0,,,25
ideal,0.7,5,linear,Mg b,0.1037,7.415e-06,2.522e-05,2.61e-05,0,0,-0.03483,25
ideal,0.7,5,linear,Na D,0.08861,2.089e-06,0,0,0,0,-0.4608,25
ideal,0.7,5,linear,O2 A,0.6934,1.191e-06,0,0,0,,,25
ideal,0.7,5,linear,O2 B,0.2464,2.065e-06,0,0,0,0,0.156,25
ideal,0.7,5,linear,all,,1.457e-05,1.656e-05,8.899e-06,0,0,0.426,25
ideal,0.7,5,ruddick2023,Ca H,0.398,0.0001213,0.0001388,3.528e-05,-0.08143,-0.07102,0.7652,25
ideal,0.7,5,ruddick2023,Ca K,0.3214,0.0001388,0.0001597,4.238e-05,-0.08261,-0.07182,0.7503,25
ideal,0.7,5,ruddick2023,G band,0.2075,2.906e-05,2.794e-05,0,-0.05189,-0.05326,1,25
ideal,0.7,5,ruddick2023,H alpha,0.1032,9.108e-07,0,0,-0.134,,,25
ideal,0.7,5,ruddick2023,H beta,0.1302,1.327e-05,1.388e-05,0,-0.004158,0.008073,1,25
ideal,0.7,5,ruddick2023,H2O,0.4334,8.3e-08,0,0,-0.1629,,,25
ideal,0.7,5,ruddick2023,Mg b,0.1037,7.611e-06,2.515e-05,2.61e-05,-0.02657,0.002435,-0.03483,25
ideal,0.7,5,ruddick2023,Na D,0.08861,2.286e-06,0,0,-0.09575,-0.5818,-0.4608,25
ideal,0.7,5,ruddick2023,O2 A,0.6934,1.465e-06,0,0,-0.2149,,,25
ideal,0.7,5,ruddick2023,O2 B,0.2464,2.399e-06,0,0,-0.1595,-0.02691,0.156,25
ideal,0.7,5,ruddick2023,all,,1.544e-05,1.722e-05,8.899e-06,-0.05935,-0.04304,0.426,25
ideal,0.7,5,srf,Ca H,0.398,1.453e-07,3.52e-05,3.528e-05,0.9989,0.7657,0.7652,25
ideal,0.7,5,srf,Ca K,0.3214,1.499e-07,4.23e-05,4.238e-05,0.9989,0.751,0.7503,25
ideal,0.7,5,srf,G band,0.2075,1.5e-08,0,0,0.9995,1,1,25
ideal,0.7,5,srf,H alpha,0.1032,8.842e-10,0,0,0.9996,,,25
ideal,0.7,5,srf,H beta,0.1302,5.594e-09,0,0,0.9997,1,1,25
ideal,0.7,5,srf,H2O,0.4334,4.32e-09,0,0,0.9713,,,25
ideal,0.7,5,srf,Mg b,0.1037,2.988e-09,2.61e-05,2.61e-05,0.9997,-0.0349,-0.03483,25
ideal,0.7,5,srf,Na D,0.08861,1.355e-09,0,0,0.9993,-0.457,-0.4608,25
ideal,0.7,5,srf,O2 A,0.6934,4.702e-09,0,0,0.9972,,,25
ideal,0.7,5,srf,O2 B,0.2464,1.568e-09,0,0,0.9997,0.156,0.156,25
ideal,0.7,5,srf,all,,1.482e-08,8.908e-06,8.899e-06,0.9992,0.4262,0.426,25
ideal,0.8,1,linear,Ca H,0.398,0.00299,0.003004,8.798e-05,0,0,0.9603,25
ideal,0.8,1,linear,Ca K,0.3214,0.003612,0.003628,0.0001072,0,0,0.9598,25
ideal,0.8,1,linear,G band,0.2075,0.0006811,0.0006779,1.071e-05,0,0,0.9842,25
ideal,0.8,1,linear,H alpha,0.1032,1.981e-05,0,0,0,,,25
ideal,0.8,1,linear,H beta,0.1302,0.0003249,0.0003119,9.16e-06,0,0,0.9705,25
ideal,0.8,1,linear,H2O,0.4334,2.01e-06,0,0,0,,,25
ideal,0.8,1,linear,Mg b,0.1037,0.0001563,0.000117,3.514e-05,0,0,0.8846,25
ideal,0.8,1,linear,Na D,0.08861,5.92e-05,0,3.303e-06,0,0,0.9104,25
ideal,0.8,1,linear,O2 A,0.6934,3.381e-05,0,0,0,0,1,25
ideal,0.8,1,linear,O2 B,0.2464,5.586e-05,0,1.023e-05,0,0,0.8298,25
ideal,0.8,1,linear,all,,0.0002978,0.0002801,2.018e-05,0,0,0.948,25
ideal,0.8,1,ruddick2023,Ca H,0.398,0.00323,0.003244,8.798e-05,-0.08018,-0.08003,0.9603,25
ideal,0.8,1,ruddick2023,Ca K,0.3214,0.003905,0.003921,0.0001072,-0.08106,-0.08094,0.9598,25
ideal,0.8,1,ruddick2023,G band,0.2075,0.0007174,0.0007138,1.071e-05,-0.05337,-0.05301,0.9842,25
ideal,0.8,1,ruddick2023,H alpha,0.1032,2.277e-05,0,0,-0.1505,,,25
ideal,0.8,1,ruddick2023,H beta,0.1302,0.0003263,0.0003111,9.16e-06,-0.004234,0.00259,0.9705,25
ideal,0.8,1,ruddick2023,H2O,0.4334,2.361e-06,0,0,-0.1779,,,25
ideal,0.8,1,ruddick2023,Mg b,0.1037,0.0001605,0.0001167,3.514e-05,-0.0272,-0.02173,0.8846,25
ideal,0.8,1,ruddick2023,Na D,0.08861,6.497e-05,0,3.303e-06,-0.09737,-0.1222,0.9104,25
ideal,0.8,1,ruddick2023,O2 A,0.6934,4.263e-05,0,0,-0.2382,-0.5426,1,25
ideal,0.8,1,ruddick2023,O2 B,0.2464,6.675e-05,0,1.023e-05,-0.1906,-0.2154,0.8298,25
ideal,0.8,1,ruddick2023,all,,0.0003117,0.0002926,2.018e-05,-0.05101,-0.04827,0.948,25
ideal,0.8,1,srf,Ca H,0.398,1.382e-06,8.879e-05,8.798e-05,0.9996,0.9611,0.9603,25
ideal,0.8,1,srf,Ca K,0.3214,1.682e-06,0.0001082,0.0001072,0.9996,0.9606,0.9598,25
ideal,0.8,1,srf,G band,0.2075,1.517e-07,1.033e-05,1.071e-05,0.9998,0.9847,0.9842,25
ideal,0.8,1,srf,H alpha,0.1032,9.283e-09,0,0,0.9998,,,25
ideal,0.8,1,srf,H beta,0.1302,3.62e-08,9.14e-06,9.16e-06,0.9999,0.9706,0.9705,25
ideal,0.8,1,srf,H2O,0.4334,3.508e-08,0,0,0.9908,,,25
ideal,0.8,1,srf,Mg b,0.1037,2.339e-08,3.514e-05,3.514e-05,0.9999,0.8846,0.8846,25
ideal,0.8,1,srf,Na D,0.08861,9.049e-09,3.312e-06,3.303e-06,0.9999,0.9103,0.9104,25
ideal,0.8,1,srf,O2 A,0.6934,4.372e-08,0,0,0.999,1,1,25
ideal,0.8,1,srf,O2 B,0.2464,1.351e-08,1.023e-05,1.023e-05,0.9999,0.8298,0.8298,25
ideal,0.8,1,srf,all,,6.941e-08,2.015e-05,2.018e-05,0.9998,0.9481,0.948,25
ideal,0.8,5,linear,Ca H,0.398,0.0001362,0.0001533,3.528e-05,0,0,0.8019,25
ideal,0.8,5,linear,Ca K,0.3214,0.000156,0.0001764,4.238e-05,0,0,0.7897,25
ideal,0.8,5,linear,G band,0.2075,3.275e-05,3.156e-05,0,0,0,1,25
ideal,0.8,5,linear,H alpha,0.1032,9.51e-07,0,0,0,,,25
ideal,0.8,5,linear,H beta,0.1302,1.553e-05,1.594e-05,0,0,0,1,25
ideal,0.8,5,linear,H2O,0.4334,8.511e-08,0,0,0,,,25
ideal,0.8,5,linear,Mg b,0.1037,8.761e-06,2.511e-05,2.61e-05,0,0,-0.03907,25
ideal,0.8,5,linear,Na D,0.08861,2.492e-06,0,0,0,0,0.05176,25
ideal,0.8,5,linear,O2 A,0.6934,1.493e-06,0,0,0,,,25
ideal,0.8,5,linear,O2 B,0.2464,2.474e-06,0,0,0,0,0.1786,25
ideal,0.8,5,linear,all,,1.739e-05,1.866e-05,8.899e-06,0,0,0.4907,25
ideal,0.8,5,ruddick2023,Ca H,0.398,0.0001467,0.0001636,3.528e-05,-0.07733,-0.06953,0.8019,25
ideal,0.8,5,ruddick2023,Ca K,0.3214,0.0001682,0.0001884,4.238e-05,-0.07853,-0.07049,0.7897,25
ideal,0.8,5,ruddick2023,G band,0.2075,3.435e-05,3.313e-05,0,-0.04883,-0.04968,1,25
ideal,0.8,5,ruddick2023,H alpha,0.1032,1.071e-06,0,0,-0.1252,,,25
ideal,0.8,5,ruddick2023,H beta,0.1302,1.559e-05,1.58e-05,0,-0.003933,0.00859,1,25
ideal,0.8,5,ruddick2023,H2O,0.4334,9.88e-08,0,0,-0.1559,,,25
ideal,0.8,5,ruddick2023,Mg b,0.1037,8.983e-06,2.503e-05,2.61e-05,-0.02534,0.00309,-0.03907,25
ideal,0.8,5,ruddick2023,Na D,0.08861,2.713e-06,0,0,-0.09022,-0.381,0.05176,25
ideal,0.8,5,ruddick2023,O2 A,0.6934,1.837e-06,0,0,-0.2111,,,25
ideal,0.8,5,ruddick2023,O2 B,0.2464,2.856e-06,0,0,-0.1515,-0.03021,0.1786,25
ideal,0.8,5,ruddick2023,all,,1.838e-05,1.945e-05,8.899e-06,-0.05661,-0.04587,0.4907,25
ideal,0.8,5,srf,Ca H,0.398,1.453e-07,3.52e-05,3.528e-05,0.9991,0.8024,0.8019,25
ideal,0.8,5,srf,Ca K,0.3214,1.499e-07,4.23e-05,4.238e-05,0.9991,0.7903,0.7897,25
ideal,0.8,5,srf,G band,0.2075,1.5e-08,0,0,0.9996,1,1,25
ideal,0.8,5,srf,H alpha,0.1032,8.842e-10,0,0,0.9997,,,25
ideal,0.8,5,srf,H beta,0.1302,5.594e-09,0,0,0.9997,1,1,25
ideal,0.8,5,srf,H2O,0.4334,4.32e-09,0,0,0.976,,,25
ideal,0.8,5,srf,Mg b,0.1037,2.988e-09,2.61e-05,2.61e-05,0.9997,-0.03909,-0.03907,25
ideal,0.8,5,srf,Na D,0.08861,1.355e-09,0,0,0.9994,0.05424,0.05176,25
ideal,0.8,5,srf,O2 A,0.6934,4.702e-09,0,0,0.9977,,,25
ideal,0.8,5,srf,O2 B,0.2464,1.568e-09,0,0,0.9997,0.1786,0.1786,25
ideal,0.8,5,srf,all,,1.482e-08,8.908e-06,8.899e-06,0.9994,0.4909,0.4907,25
ideal,1,1,linear,Ca H,0.398,0.004225,0.004237,8.798e-05,0,0,0.9719,25
ideal,1,1,linear,Ca K,0.3214,0.005116,0.00513,0.0001072,0,0,0.9716,25
ideal,1,1,linear,G band,0.2075,0.0009449,0.000937,1.071e-05,0,0,0.9886,25
ideal,1,1,linear,H alpha,0.1032,2.788e-05,0,0,0,,,25
ideal,1,1,linear,H beta,0.1302,0.0004672,0.0004451,9.16e-06,0,0,0.9793,25
ideal,1,1,linear,H2O,0.4334,2.829e-06,0,0,0,,,25
ideal,1,1,linear,Mg b,0.1037,0.0002236,0.0001615,3.514e-05,0,0,0.9191,25
ideal,1,1,linear,Na D,0.08861,8.304e-05,0,3.303e-06,0,0,0.9351,25
ideal,1,1,linear,O2 A,0.6934,5.403e-05,0,0,0,0,1,25
ideal,1,1,linear,O2 B,0.2464,8.235e-05,0,1.023e-05,0,0,0.8718,25
ideal,1,1,linear,all,,0.0004165,0.0003881,2.018e-05,0,0,0.9625,25
ideal,1,1,ruddick2023,Ca H,0.398,0.004546,0.004559,8.798e-05,-0.07599,-0.07591,0.9719,25
ideal,1,1,ruddick2023,Ca K,0.3214,0.005509,0.005524,0.0001072,-0.07688,-0.07682,0.9716,25
ideal,1,1,ruddick2023,G band,0.2075,0.0009929,0.0009842,1.071e-05,-0.05079,-0.05048,0.9886,25
ideal,1,1,ruddick2023,H alpha,0.1032,3.197e-05,0,0,-0.1465,,,25
ideal,1,1,ruddick2023,H beta,0.1302,0.0004691,0.0004439,9.16e-06,-0.004053,0.002661,0.9793,25
ideal,1,1,ruddick2023,H2O,0.4334,3.337e-06,0,0,-0.182,,,25
ideal,1,1,ruddick2023,Mg b,0.1037,0.0002299,0.0001615,3.514e-05,-0.02807,-0.02325,0.9191,25
ideal,1,1,ruddick2023,Na D,0.08861,9.068e-05,0,3.303e-06,-0.09204,-0.1175,0.9351,25
ideal,1,1,ruddick2023,O2 A,0.6934,6.922e-05,0,0,-0.2443,-0.8892,1,25
ideal,1,1,ruddick2023,O2 B,0.2464,9.838e-05,0,1.023e-05,-0.1887,-0.2269,0.8718,25
ideal,1,1,ruddick2023,all,,0.0004349,0.0004045,2.018e-05,-0.04819,-0.04543,0.9625,25
ideal,1,1,srf,Ca H,0.398,1.382e-06,8.879e-05,8.798e-05,0.9997,0.9725,0.9719,25
ideal,1,1,srf,Ca K,0.3214,1.682e-06,0.0001082,0.0001072,0.9997,0.9722,0.9716,25
ideal,1,1,srf,G band,0.2075,1.517e-07,1.033e-05,1.071e-05,0.9999,0.989,0.9886,25
ideal,1,1,srf,H alpha,0.1032,9.283e-09,0,0,0.9999,,,25
ideal,1,1,srf,H beta,0.1302,3.62e-08,9.14e-06,9.16e-06,0.9999,0.9794,0.9793,25
ideal,1,1,srf,H2O,0.4334,3.508e-08,0,0,0.9935,,,25
ideal,1,1,srf,Mg b,0.1037,2.339e-08,3.514e-05,3.514e-05,0.9999,0.9191,0.9191,25
ideal,1,1,srf,Na D,0.08861,9.049e-09,3.312e-06,3.303e-06,0.9999,0.9351,0.9351,25
ideal,1,1,srf,O2 A,0.6934,4.372e-08,0,0,0.9994,1,1,25
ideal,1,1,srf,O2 B,0.2464,1.351e-08,1.023e-05,1.023e-05,0.9999,0.8718,0.8718,25
ideal,1,1,srf,all,,6.941e-08,2.015e-05,2.018e-05,0.9998,0.9625,0.9625,25
ideal,1,5,linear,Ca H,0.398,0.0001913,0.0002073,3.528e-05,0,0,0.8546,25
ideal,1,5,linear,Ca K,0.3214,0.00022,0.0002391,4.238e-05,0,0,0.8461,25
ideal,1,5,linear,G band,0.2075,4.397e-05,4.253e-05,0,0,0,1,25
ideal,1,5,linear,H alpha,0.1032,1.27e-06,0,0,0,,,25
ideal,1,5,linear,H beta,0.1302,2.057e-05,2.012e-05,0,0,0,1,25
ideal,1,5,linear,H2O,0.4334,1.169e-07,0,0,0,,,25
ideal,1,5,linear,Mg b,0.1037,1.179e-05,2.495e-05,2.61e-05,0,0,-0.04572,25
ideal,1,5,linear,Na D,0.08861,3.375e-06,0,0,0,0,0.4488,25
ideal,1,5,linear,O2 A,0.6934,2.279e-06,0,0,0,,,25
ideal,1,5,linear,O2 B,0.2464,3.392e-06,0,0,0,0,0.242,25
ideal,1,5,linear,all,,2.368e-05,2.363e-05,8.899e-06,0,0,0.598,25
ideal,1,5,ruddick2023,Ca H,0.398,0.0002053,0.0002211,3.528e-05,-0.07305,-0.06823,0.8546,25
ideal,1,5,ruddick2023,Ca K,0.3214,0.0002364,0.0002553,4.238e-05,-0.07433,-0.0694,0.8461,25
ideal,1,5,ruddick2023,G band,0.2075,4.597e-05,4.447e-05,0,-0.04544,-0.04578,1,25
ideal,1,5,ruddick2023,H alpha,0.1032,1.419e-06,0,0,-0.1155,,,25
ideal,1,5,ruddick2023,H beta,0.1302,2.065e-05,1.993e-05,0,-0.003703,0.009662,1,25
ideal,1,5,ruddick2023,H2O,0.4334,1.357e-07,0,0,-0.1547,,,25
ideal,1,5,ruddick2023,Mg b,0.1037,1.208e-05,2.483e-05,2.61e-05,-0.02462,0.004791,-0.04572,25
ideal,1,5,ruddick2023,Na D,0.08861,3.653e-06,0,0,-0.08389,-0.2517,0.4488,25
ideal,1,5,ruddick2023,O2 A,0.6934,2.855e-06,0,0,-0.2185,,,25
ideal,1,5,ruddick2023,O2 B,0.2464,3.903e-06,0,0,-0.1458,-0.0418,0.242,25
ideal,1,5,ruddick2023,all,,2.496e-05,2.472e-05,8.899e-06,-0.05385,-0.04776,0.598,25
ideal,1,5,srf,Ca H,0.398,1.453e-07,3.52e-05,3.528e-05,0.9993,0.855,0.8546,25
ideal,1,5,srf,Ca K,0.3214,1.499e-07,4.23e-05,4.238e-05,0.9993,0.8465,0.8461,25
ideal,1,5,srf,G band,0.2075,1.5e-08,0,0,0.9997,1,1,25
ideal,1,5,srf,H alpha,0.1032,8.842e-10,0,0,0.9997,,,25
ideal,1,5,srf,H beta,0.1302,5.594e-09,0,0,0.9998,1,1,25
ideal,1,5,srf,H2O,0.4334,4.32e-09,0,0,0.9823,,,25
ideal,1,5,srf,Mg b,0.1037,2.988e-09,2.61e-05,2.61e-05,0.9998,-0.04562,-0.04572,25
ideal,1,5,srf,Na D,0.08861,1.355e-09,0,0,0.9996,0.4502,0.4488,25
ideal,1,5,srf,O2 A,0.6934,4.702e-09,0,0,0.9984,,,25
ideal,1,5,srf,O2 B,0.2464,1.568e-09,0,0,0.9998,0.242,0.242,25
ideal,1,5,srf,all,,1.482e-08,8.908e-06,8.899e-06,0.9995,0.5981,0.598,25
noise,0,1,linear,Ca H,0.398,0.0003956,0.0003863,8.798e-05,0,0,0.8243,25
noise,0,1,linear,Ca K,0.3214,0.0004375,0.0004118,0.0001072,0,0,0.784,25
noise,0,1,linear,G band,0.2075,0.0001956,0.0001489,1.071e-05,0,0,0.9411,25
noise,0,1,linear,H alpha,0.1032,3.025e-05,0,0,0,,,25
noise,0,1,linear,H beta,0.1302,0.0001351,8.306e-05,9.16e-06,0,0,1,25
noise,0,1,linear,H2O,0.4334,9.495e-05,0,0,0,0,1,25
noise,0,1,linear,Mg b,0.1037,8.068e-05,3.41e-05,3.514e-05,0,0,0.6587,25
noise,0,1,linear,Na D,0.08861,5.823e-05,0,3.303e-06,0,0,0.3764,25
noise,0,1,linear,O2 A,0.6934,3.743e-05,0,0,0,,,25
noise,0,1,linear,O2 B,0.2464,3.817e-05,0,1.023e-05,0,0,-0.2793,25
noise,0,1,linear,all,,0.0001115,6.226e-05,2.018e-05,0,0,0.686,25
noise,0,1,ruddick2023,Ca H,0.398,0.0004109,0.0003934,8.798e-05,0.01271,0.001817,0.8243,25
noise,0,1,ruddick2023,Ca K,0.3214,0.0004358,0.0004107,0.0001072,0.009563,0.000816,0.784,25
noise,0,1,ruddick2023,G band,0.2075,0.0001934,0.0001506,1.071e-05,0.001278,-0.003525,0.9411,25
noise,0,1,ruddick2023,H alpha,0.1032,3.025e-05,0,0,0.0007296,,,25
noise,0,1,ruddick2023,H beta,0.1302,0.0001351,8.376e-05,9.16e-06,0.0002722,-3.015e-05,1,25
noise,0,1,ruddick2023,H2O,0.4334,9.511e-05,0,0,-0.001331,-0.003806,1,25
noise,0,1,ruddick2023,Mg b,0.1037,8.017e-05,3.464e-05,3.514e-05,-0.0005271,-0.005834,0.6587,25
noise,0,1,ruddick2023,Na D,0.08861,5.852e-05,0,3.303e-06,-0.002148,0.001953,0.3764,25
noise,0,1,ruddick2023,O2 A,0.6934,3.766e-05,0,0,-0.01247,,,25
noise,0,1,ruddick2023,O2 B,0.2464,4.12e-05,0,1.023e-05,0.00176,-0.1588,-0.2793,25
noise,0,1,ruddick2023,all,,0.0001115,6.322e-05,2.018e-05,0.000148,-0.01139,0.686,25
noise,0,1,srf,Ca H,0.398,0.0004109,0.0003934,8.798e-05,0.01271,0.001817,0.8243,25
noise,0,1,srf,Ca K,0.3214,0.0004358,0.0004107,0.0001072,0.009563,0.000816,0.784,25
noise,0,1,srf,G band,0.2075,0.0001934,0.0001506,1.071e-05,0.001278,-0.003525,0.9411,25
noise,0,1,srf,H alpha,0.1032,3.025e-05,0,0,0.0007296,,,25
noise,0,1,srf,H beta,0.1302,0.0001351,8.376e-05,9.16e-06,0.0002722,-3.015e-05,1,25
noise,0,1,srf,H2O,0.4334,9.511e-05,0,0,-0.001331,-0.003806,1,25
noise,0,1,srf,Mg b,0.1037,8.017e-05,3.464e-05,3.514e-05,-0.0005271,-0.005834,0.6587,25
noise,0,1,srf,Na D,0.08861,5.852e-05,0,3.303e-06,-0.002148,0.001953,0.3764,25
noise,0,1,srf,O2 A,0.6934,3.766e-05,0,0,-0.01247,,,25
noise,0,1,srf,O2 B,0.2464,4.12e-05,0,1.023e-05,0.00176,-0.1588,-0.2793,25
noise,0,1,srf,all,,0.0001115,6.322e-05,2.018e-05,0.000148,-0.01139,0.686,25
noise,0,5,linear,Ca H,0.398,1.521e-05,3.155e-05,3.528e-05,0,0,0.1043,25
noise,0,5,linear,Ca K,0.3214,1.676e-05,3.369e-05,4.238e-05,0,0,0.06769,25
noise,0,5,linear,G band,0.2075,7.248e-06,0,0,0,0,0.3906,25
noise,0,5,linear,H alpha,0.1032,1.318e-06,0,0,0,,,25
noise,0,5,linear,H beta,0.1302,5.145e-06,0,0,0,0,0.4988,25
noise,0,5,linear,H2O,0.4334,3.192e-06,0,0,0,0,1,25
noise,0,5,linear,Mg b,0.1037,3.163e-06,2.62e-05,2.61e-05,0,0,-0.01473,25
noise,0,5,linear,Na D,0.08861,2.015e-06,0,0,0,0,0.333,25
noise,0,5,linear,O2 A,0.6934,1.612e-06,0,0,0,,,25
noise,0,5,linear,O2 B,0.2464,1.556e-06,0,0,0,0,-0.02254,25
noise,0,5,linear,all,,4.235e-06,8.485e-06,8.899e-06,0,0,0.03486,25
noise,0,5,ruddick2023,Ca H,0.398,1.628e-05,3.294e-05,3.528e-05,-0.01443,-0.03282,0.1043,25
noise,0,5,ruddick2023,Ca K,0.3214,1.818e-05,3.543e-05,4.238e-05,-0.01589,-0.03008,0.06769,25
noise,0,5,ruddick2023,G band,0.2075,7.344e-06,0,0,0.003565,0.006946,0.3906,25
noise,0,5,ruddick2023,H alpha,0.1032,1.364e-06,0,0,0.001577,,,25
noise,0,5,ruddick2023,H beta,0.1302,5.141e-06,0,0,0.0001393,-0.008963,0.4988,25
noise,0,5,ruddick2023,H2O,0.4334,3.231e-06,0,0,-0.001241,-0.006367,1,25
noise,0,5,ruddick2023,Mg b,0.1037,3.17e-06,2.618e-05,2.61e-05,0.001151,0.000792,-0.01473,25
noise,0,5,ruddick2023,Na D,0.08861,2.009e-06,0,0,-0.005968,0.03055,0.333,25
noise,0,5,ruddick2023,O2 A,0.6934,1.673e-06,0,0,-0.006505,,,25
noise,0,5,ruddick2023,O2 B,0.2464,1.558e-06,0,0,0.01726,-0.01641,-0.02254,25
noise,0,5,ruddick2023,all,,4.195e-06,8.625e-06,8.899e-06,7.44e-05,-0.004124,0.03486,25
noise,0,5,srf,Ca H,0.398,1.628e-05,3.294e-05,3.528e-05,-0.01443,-0.03282,0.1043,25
noise,0,5,srf,Ca K,0.3214,1.818e-05,3.543e-05,4.238e-05,-0.01589,-0.03008,0.06769,25
noise,0,5,srf,G band,0.2075,7.344e-06,0,0,0.003565,0.006946,0.3906,25
noise,0,5,srf,H alpha,0.1032,1.364e-06,0,0,0.001577,,,25
noise,0,5,srf,H beta,0.1302,5.141e-06,0,0,0.0001393,-0.008963,0.4988,25
noise,0,5,srf,H2O,0.4334,3.231e-06,0,0,-0.001241,-0.006367,1,25
noise,0,5,srf,Mg b,0.1037,3.17e-06,2.618e-05,2.61e-05,0.001151,0.000792,-0.01473,25
noise,0,5,srf,Na D,0.08861,2.009e-06,0,0,-0.005968,0.03055,0.333,25
noise,0,5,srf,O2 A,0.6934,1.673e-06,0,0,-0.006505,,,25
noise,0,5,srf,O2 B,0.2464,1.558e-06,0,0,0.01726,-0.01641,-0.02254,25
noise,0,5,srf,all,,4.195e-06,8.625e-06,8.899e-06,7.44e-05,-0.004124,0.03486,25
noise,0.05,1,linear,Ca H,0.398,0.0004369,0.0004031,8.798e-05,0,0,0.8272,25
noise,0.05,1,linear,Ca K,0.3214,0.0004723,0.000453,0.0001072,0,0,0.7924,25
noise,0.05,1,linear,G band,0.2075,0.0001909,0.0001593,1.071e-05,0,0,0.939,25
noise,0.05,1,linear,H alpha,0.1032,3.026e-05,0,0,0,,,25
noise,0.05,1,linear,H beta,0.1302,0.0001346,8.352e-05,9.16e-06,0,0,1,25
noise,0.05,1,linear,H2O,0.4334,9.507e-05,0,0,0,0,1,25
noise,0.05,1,linear,Mg b,0.1037,7.913e-05,3.758e-05,3.514e-05,0,0,0.6842,25
noise,0.05,1,linear,Na D,0.08861,5.851e-05,0,3.303e-06,0,0,0.4075,25
noise,0.05,1,linear,O2 A,0.6934,3.76e-05,0,0,0,,,25
noise,0.05,1,linear,O2 B,0.2464,4.054e-05,0,1.023e-05,0,0,-0.2073,25
noise,0.05,1,linear,all,,0.0001126,6.355e-05,2.018e-05,0,0,0.695,25
noise,0.05,1,ruddick2023,Ca H,0.398,0.0004731,0.0004418,8.798e-05,-0.05884,-0.07264,0.8272,25
noise,0.05,1,ruddick2023,Ca K,0.3214,0.0005296,0.000502,0.0001072,-0.06331,-0.07627,0.7924,25
noise,0.05,1,ruddick2023,G band,0.2075,0.0002067,0.0001631,1.071e-05,-0.01594,-0.02643,0.939,25
noise,0.05,1,ruddick2023,H alpha,0.1032,3.03e-05,0,0,-0.001007,,,25
noise,0.05,1,ruddick2023,H beta,0.1302,0.0001346,8.362e-05,9.16e-06,-0.0001933,0.0004766,1,25
noise,0.05,1,ruddick2023,H2O,0.4334,9.524e-05,0,0,-0.001409,-0.003151,1,25
noise,0.05,1,ruddick2023,Mg b,0.1037,7.87e-05,3.843e-05,3.514e-05,-0.002113,-0.007896,0.6842,25
noise,0.05,1,ruddick2023,Na D,0.08861,5.895e-05,0,3.303e-06,-0.007276,-0.08266,0.4075,25
noise,0.05,1,ruddick2023,O2 A,0.6934,3.789e-05,0,0,-0.0162,,,25
noise,0.05,1,ruddick2023,O2 B,0.2464,4.14e-05,0,1.023e-05,-3.84e-05,-0.1573,-0.2073,25
noise,0.05,1,ruddick2023,all,,0.0001131,6.505e-05,2.018e-05,-0.009244,-0.03565,0.695,25
noise,0.05,1,srf,Ca H,0.398,0.0004109,0.0003934,8.798e-05,0.02199,0.02767,0.8272,25
noise,0.05,1,srf,Ca K,0.3214,0.0004358,0.0004107,0.0001072,0.0377,0.03103,0.7924,25
noise,0.05,1,srf,G band,0.2075,0.0001934,0.0001506,1.071e-05,0.007659,0.01776,0.939,25
noise,0.05,1,srf,H alpha,0.1032,3.025e-05,0,0,1.039e-05,,,25
noise,0.05,1,srf,H beta,0.1302,0.0001351,8.376e-05,9.16e-06,-0.003917,-0.0009003,1,25
noise,0.05,1,srf,H2O,0.4334,9.511e-05,0,0,-0.0002461,-0.0004946,1,25
noise,0.05,1,srf,Mg b,0.1037,8.017e-05,3.464e-05,3.514e-05,0.005384,0.02506,0.6842,25
noise,0.05,1,srf,Na D,0.08861,5.852e-05,0,3.303e-06,0.001399,0.05177,0.4075,25
noise,0.05,1,srf,O2 A,0.6934,3.766e-05,0,0,-0.003284,,,25
noise,0.05,1,srf,O2 B,0.2464,4.12e-05,0,1.023e-05,0.0002198,-0.02814,-0.2073,25
noise,0.05,1,srf,all,,0.0001115,6.322e-05,2.018e-05,0.001753,0.01642,0.695,25
noise,0.05,5,linear,Ca H,0.398,1.809e-05,3.475e-05,3.528e-05,0,0,0.1571,25
noise,0.05,5,linear,Ca K,0.3214,1.865e-05,3.761e-05,4.238e-05,0,0,0.1432,25
noise,0.05,5,linear,G band,0.2075,7.529e-06,0,0,0,0,0.4128,25
noise,0.05,5,linear,H alpha,0.1032,1.354e-06,0,0,0,,,25
noise,0.05,5,linear,H beta,0.1302,5.228e-06,0,0,0,0,0.5329,25
noise,0.05,5,linear,H2O,0.4334,3.225e-06,0,0,0,0,1,25
noise,0.05,5,linear,Mg b,0.1037,3.215e-06,2.611e-05,2.61e-05,0,0,-0.01488,25
noise,0.05,5,linear,Na D,0.08861,2.033e-06,0,0,0,0,0.307,25
noise,0.05,5,linear,O2 A,0.6934,1.625e-06,0,0,0,,,25
noise,0.05,5,linear,O2 B,0.2464,1.559e-06,0,0,0,0,-0.006992,25
noise,0.05,5,linear,all,,4.25e-06,8.588e-06,8.899e-06,0,0,0.06144,25
noise,0.05,5,ruddick2023,Ca H,0.398,1.996e-05,3.673e-05,3.528e-05,-0.08665,-0.05226,0.1571,25
noise,0.05,5,ruddick2023,Ca K,0.3214,1.975e-05,4.036e-05,4.238e-05,-0.1034,-0.05113,0.1432,25
noise,0.05,5,ruddick2023,G band,0.2075,7.779e-06,0,0,-0.0338,-0.04209,0.4128,25
noise,0.05,5,ruddick2023,H alpha,0.1032,1.422e-06,0,0,-0.002874,,,25
noise,0.05,5,ruddick2023,H beta,0.1302,5.227e-06,0,0,-0.001869,-0.005015,0.5329,25
noise,0.05,5,ruddick2023,H2O,0.4334,3.269e-06,0,0,-0.001284,-0.004413,1,25
noise,0.05,5,ruddick2023,Mg b,0.1037,3.23e-06,2.609e-05,2.61e-05,-0.008173,0.0008381,-0.01488,25
noise,0.05,5,ruddick2023,Na D,0.08861,2.163e-06,0,0,-0.01487,0.03141,0.307,25
noise,0.05,5,ruddick2023,O2 A,0.6934,1.791e-06,0,0,-0.01733,,,25
noise,0.05,5,ruddick2023,O2 B,0.2464,1.592e-06,0,0,-0.002856,-0.01679,-0.006992,25
noise,0.05,5,ruddick2023,all,,4.265e-06,8.749e-06,8.899e-06,-0.01951,-0.01206,0.06144,25
noise,0.05,5,srf,Ca H,0.398,1.628e-05,3.294e-05,3.528e-05,0.04471,0.02923,0.1571,25
noise,0.05,5,srf,Ca K,0.3214,1.818e-05,3.543e-05,4.238e-05,0.05512,0.02812,0.1432,25
noise,0.05,5,srf,G band,0.2075,7.344e-06,0,0,0.02058,0.037,0.4128,25
noise,0.05,5,srf,H alpha,0.1032,1.364e-06,0,0,0.0002589,,,25
noise,0.05,5,srf,H beta,0.1302,5.141e-06,0,0,0.007175,0.09171,0.5329,25
noise,0.05,5,srf,H2O,0.4334,3.231e-06,0,0,-0.0002293,-0.00153,1,25
noise,0.05,5,srf,Mg b,0.1037,3.17e-06,2.618e-05,2.61e-05,0.01277,-0.002878,-0.01488,25
noise,0.05,5,srf,Na D,0.08861,2.009e-06,0,0,0.003497,-0.02143,0.307,25
noise,0.05,5,srf,O2 A,0.6934,1.673e-06,0,0,-0.003099,,,25
noise,0.05,5,srf,O2 B,0.2464,1.558e-06,0,0,0.001961,-0.002593,-0.006992,25
noise,0.05,5,srf,all,,4.195e-06,8.625e-06,8.899e-06,0.01861,0.003461,0.06144,25
noise,0.1,1,linear,Ca H,0.398,0.0005162,0.0004991,8.798e-05,0,0,0.8496,25
noise,0.1,1,linear,Ca K,0.3214,0.0005989,0.0005741,0.0001072,0,0,0.8437,25
noise,0.1,1,linear,G band,0.2075,0.0002144,0.0001675,1.071e-05,0,0,0.9409,25
noise,0.1,1,linear,H alpha,0.1032,3.027e-05,0,0,0,,,25
noise,0.1,1,linear,H beta,0.1302,0.0001358,8.668e-05,9.16e-06,0,0,0.9535,25
noise,0.1,1,linear,H2O,0.4334,9.519e-05,0,0,0,0,1,25
noise,0.1,1,linear,Mg b,0.1037,8.034e-05,4.268e-05,3.514e-05,0,0,0.7149,25
noise,0.1,1,linear,Na D,0.08861,5.894e-05,0,3.303e-06,0,0,0.5221,25
noise,0.1,1,linear,O2 A,0.6934,3.782e-05,0,0,0,,,25
noise,0.1,1,linear,O2 B,0.2464,4.129e-05,0,1.023e-05,0,0,-0.07405,25
noise,0.1,1,linear,all,,0.0001152,6.817e-05,2.018e-05,0,0,0.7119,25
noise,0.1,1,ruddick2023,Ca H,0.398,0.0005906,0.0005802,8.798e-05,-0.1049,-0.1128,0.8496,25
noise,0.1,1,ruddick2023,Ca K,0.3214,0.0006952,0.000693,0.0001072,-0.1118,-0.12,0.8437,25
noise,0.1,1,ruddick2023,G band,0.2075,0.0002184,0.0001704,1.071e-05,-0.0347,-0.06843,0.9409,25
noise,0.1,1,ruddick2023,H alpha,0.1032,3.108e-05,0,0,-0.003405,,,25
noise,0.1,1,ruddick2023,H beta,0.1302,0.0001358,8.67e-05,9.16e-06,-0.0006987,0.001126,0.9535,25
noise,0.1,1,ruddick2023,H2O,0.4334,9.538e-05,0,0,-0.001497,-0.002402,1,25
noise,0.1,1,ruddick2023,Mg b,0.1037,8.094e-05,4.38e-05,3.514e-05,-0.004013,-0.01122,0.7149,25
noise,0.1,1,ruddick2023,Na D,0.08861,5.954e-05,0,3.303e-06,-0.01119,-0.1379,0.5221,25
noise,0.1,1,ruddick2023,O2 A,0.6934,4.045e-05,0,0,-0.02236,,,25
noise,0.1,1,ruddick2023,O2 B,0.2464,4.171e-05,0,1.023e-05,-0.009173,-0.1458,-0.07405,25
noise,0.1,1,ruddick2023,all,,0.0001163,7.078e-05,2.018e-05,-0.01725,-0.05764,0.7119,25
noise,0.1,1,srf,Ca H,0.398,0.0004109,0.0003934,8.798e-05,0.1422,0.1585,0.8496,25
noise,0.1,1,srf,Ca K,0.3214,0.0004358,0.0004107,0.0001072,0.1596,0.1785,0.8437,25
noise,0.1,1,srf,G band,0.2075,0.0001934,0.0001506,1.071e-05,0.05187,0.09217,0.9409,25
noise,0.1,1,srf,H alpha,0.1032,3.025e-05,0,0,0.0007898,,,25
noise,0.1,1,srf,H beta,0.1302,0.0001351,8.376e-05,9.16e-06,0.01484,0.03282,0.9535,25
noise,0.1,1,srf,H2O,0.4334,9.511e-05,0,0,0.0008561,0.0009444,1,25
noise,0.1,1,srf,Mg b,0.1037,8.017e-05,3.464e-05,3.514e-05,0.02082,0.06742,0.7149,25
noise,0.1,1,srf,Na D,0.08861,5.852e-05,0,3.303e-06,0.01085,0.1684,0.5221,25
noise,0.1,1,srf,O2 A,0.6934,3.766e-05,0,0,0.0072,,,25
noise,0.1,1,srf,O2 B,0.2464,4.12e-05,0,1.023e-05,-0.001202,0.0853,-0.07405,25
noise,0.1,1,srf,all,,0.0001115,6.322e-05,2.018e-05,0.02137,0.1061,0.7119,25
noise,0.1,5,linear,Ca H,0.398,2.169e-05,3.838e-05,3.528e-05,0,0,0.2234,25
noise,0.1,5,linear,Ca K,0.3214,2.145e-05,4.407e-05,4.238e-05,0,0,0.1895,25
noise,0.1,5,linear,G band,0.2075,8.189e-06,0,0,0,0,0.4519,25
noise,0.1,5,linear,H alpha,0.1032,1.418e-06,0,0,0,,,25
noise,0.1,5,linear,H beta,0.1302,5.361e-06,0,0,0,0,0.564,25
noise,0.1,5,linear,H2O,0.4334,3.261e-06,0,0,0,0,1,25
noise,0.1,5,linear,Mg b,0.1037,3.3e-06,2.602e-05,2.61e-05,0,0,-0.01992,25
noise,0.1,5,linear,Na D,0.08861,2.223e-06,0,0,0,0,0.356,25
noise,0.1,5,linear,O2 A,0.6934,1.785e-06,0,0,0,,,25
noise,0.1,5,linear,O2 B,0.2464,1.59e-06,0,0,0,0,0.007159,25
noise,0.1,5,linear,all,,4.399e-06,8.731e-06,8.899e-06,0,0,0.07545,25
noise,0.1,5,ruddick2023,Ca H,0.398,2.414e-05,4.256e-05,3.528e-05,-0.1269,-0.06462,0.2234,25
noise,0.1,5,ruddick2023,Ca K,0.3214,2.713e-05,4.903e-05,4.238e-05,-0.1485,-0.0633,0.1895,25
noise,0.1,5,ruddick2023,G band,0.2075,8.688e-06,0,0,-0.06327,-0.06723,0.4519,25
noise,0.1,5,ruddick2023,H alpha,0.1032,1.424e-06,0,0,-0.011,,,25
noise,0.1,5,ruddick2023,H beta,0.1302,5.368e-06,0,0,-0.003129,-0.002482,0.564,25
noise,0.1,5,ruddick2023,H2O,0.4334,3.309e-06,0,0,-0.001326,0.001708,1,25
noise,0.1,5,ruddick2023,Mg b,0.1037,3.323e-06,2.6e-05,2.61e-05,-0.01177,0.000785,-0.01992,25
noise,0.1,5,ruddick2023,Na D,0.08861,2.385e-06,0,0,-0.02412,0.02696,0.356,25
noise,0.1,5,ruddick2023,O2 A,0.6934,1.908e-06,0,0,-0.02171,,,25
noise,0.1,5,ruddick2023,O2 B,0.2464,1.635e-06,0,0,-0.00892,-0.01721,0.007159,25
noise,0.1,5,ruddick2023,all,,4.528e-06,8.913e-06,8.899e-06,-0.03486,-0.0166,0.07545,25
noise,0.1,5,srf,Ca H,0.398,1.628e-05,3.294e-05,3.528e-05,0.2127,0.1112,0.2234,25
noise,0.1,5,srf,Ca K,0.3214,1.818e-05,3.543e-05,4.238e-05,0.2077,0.1051,0.1895,25
noise,0.1,5,srf,G band,0.2075,7.344e-06,0,0,0.1062,0.1534,0.4519,25
noise,0.1,5,srf,H alpha,0.1032,1.364e-06,0,0,0.004229,,,25
noise,0.1,5,srf,H beta,0.1302,5.141e-06,0,0,0.04511,0.1737,0.564,25
noise,0.1,5,srf,H2O,0.4334,3.231e-06,0,0,0.0008123,-0.007096,1,25
noise,0.1,5,srf,Mg b,0.1037,3.17e-06,2.618e-05,2.61e-05,0.04456,-0.006437,-0.01992,25
noise,0.1,5,srf,Na D,0.08861,2.009e-06,0,0,0.02465,-0.07384,0.356,25
noise,0.1,5,srf,O2 A,0.6934,1.673e-06,0,0,0.009005,,,25
noise,0.1,5,srf,O2 B,0.2464,1.558e-06,0,0,0.003314,0.01093,0.007159,25
noise,0.1,5,srf,all,,4.195e-06,8.625e-06,8.899e-06,0.07612,0.02051,0.07545,25
noise,0.2,1,linear,Ca H,0.398,0.0007433,0.0007467,8.798e-05,0,0,0.8703,25
noise,0.2,1,linear,Ca K,0.3214,0.0008914,0.0008937,0.0001072,0,0,0.8693,25
noise,0.2,1,linear,G band,0.2075,0.0002473,0.000234,1.071e-05,0,0,0.9535,25
noise,0.2,1,linear,H alpha,0.1032,3.196e-05,0,0,0,,,25
noise,0.2,1,linear,H beta,0.1302,0.0001363,0.0001022,9.16e-06,0,0,0.9564,25
noise,0.2,1,linear,H2O,0.4334,9.546e-05,0,0,0,0,1,25
noise,0.2,1,linear,Mg b,0.1037,8.743e-05,4.878e-05,3.514e-05,0,0,0.6981,25
noise,0.2,1,linear,Na D,0.08861,6.036e-05,0,3.303e-06,0,0,0.66,25
noise,0.2,1,linear,O2 A,0.6934,4.075e-05,0,0,0,,,25
noise,0.2,1,linear,O2 B,0.2464,4.197e-05,0,1.023e-05,0,0,0.1226,25
noise,0.2,1,linear,all,,0.0001255,9.056e-05,2.018e-05,0,0,0.7989,25
noise,0.2,1,ruddick2023,Ca H,0.398,0.0008233,0.0008314,8.798e-05,-0.1279,-0.128,0.8703,25
noise,0.2,1,ruddick2023,Ca K,0.3214,0.0009893,0.000996,0.0001072,-0.1434,-0.1347,0.8693,25
noise,0.2,1,ruddick2023,G band,0.2075,0.0002565,0.0002453,1.071e-05,-0.063,-0.08556,0.9535,25
noise,0.2,1,ruddick2023,H alpha,0.1032,3.259e-05,0,0,-0.01353,,,25
noise,0.2,1,ruddick2023,H beta,0.1302,0.0001363,0.0001022,9.16e-06,-0.001772,0.002462,0.9564,25
noise,0.2,1,ruddick2023,H2O,0.4334,9.568e-05,0,0,-0.001709,0.000156,1,25
noise,0.2,1,ruddick2023,Mg b,0.1037,8.774e-05,4.849e-05,3.514e-05,-0.008015,-0.01582,0.6981,25
noise,0.2,1,ruddick2023,Na D,0.08861,6.128e-05,0,3.303e-06,-0.02519,-0.1663,0.66,25
noise,0.2,1,ruddick2023,O2 A,0.6934,4.158e-05,0,0,-0.034,,,25
noise,0.2,1,ruddick2023,O2 B,0.2464,4.241e-05,0,1.023e-05,-0.06963,-0.1356,0.1226,25
noise,0.2,1,ruddick2023,all,,0.000128,9.65e-05,2.018e-05,-0.03248,-0.08093,0.7989,25
noise,0.2,1,srf,Ca H,0.398,0.0004109,0.0003934,8.798e-05,0.4035,0.4163,0.8703,25
noise,0.2,1,srf,Ca K,0.3214,0.0004358,0.0004107,0.0001072,0.4328,0.4526,0.8693,25
noise,0.2,1,srf,G band,0.2075,0.0001934,0.0001506,1.071e-05,0.2372,0.3448,0.9535,25
noise,0.2,1,srf,H alpha,0.1032,3.025e-05,0,0,0.007655,,,25
noise,0.2,1,srf,H beta,0.1302,0.0001351,8.376e-05,9.16e-06,0.08062,0.1765,0.9564,25
noise,0.2,1,srf,H2O,0.4334,9.511e-05,0,0,0.003589,-0.0002133,1,25
noise,0.2,1,srf,Mg b,0.1037,8.017e-05,3.464e-05,3.514e-05,0.06635,0.2186,0.6981,25
noise,0.2,1,srf,Na D,0.08861,5.852e-05,0,3.303e-06,0.06251,0.4677,0.66,25
noise,0.2,1,srf,O2 A,0.6934,3.766e-05,0,0,0.04301,,,25
noise,0.2,1,srf,O2 B,0.2464,4.12e-05,0,1.023e-05,0.02019,0.2528,0.1226,25
noise,0.2,1,srf,all,,0.0001115,6.322e-05,2.018e-05,0.1384,0.3137,0.7989,25
noise,0.2,5,linear,Ca H,0.398,3.4e-05,5.004e-05,3.528e-05,0,0,0.3776,25
noise,0.2,5,linear,Ca K,0.3214,3.799e-05,5.679e-05,4.238e-05,0,0,0.3423,25
noise,0.2,5,linear,G band,0.2075,1.049e-05,4.18e-06,0,0,0,1,25
noise,0.2,5,linear,H alpha,0.1032,1.428e-06,0,0,0,,,25
noise,0.2,5,linear,H beta,0.1302,6.058e-06,2.28e-06,0,0,0,1,25
noise,0.2,5,linear,H2O,0.4334,3.341e-06,0,0,0,0,1,25
noise,0.2,5,linear,Mg b,0.1037,3.68e-06,2.585e-05,2.61e-05,0,0,-0.02482,25
noise,0.2,5,linear,Na D,0.08861,2.611e-06,0,0,0,0,0.2959,25
noise,0.2,5,linear,O2 A,0.6934,1.904e-06,0,0,0,,,25
noise,0.2,5,linear,O2 B,0.2464,1.685e-06,0,0,0,0,0.0335,25
noise,0.2,5,linear,all,,5.632e-06,9.601e-06,8.899e-06,0,0,0.1198,25
noise,0.2,5,ruddick2023,Ca H,0.398,3.788e-05,5.344e-05,3.528e-05,-0.1367,-0.07691,0.3776,25
noise,0.2,5,ruddick2023,Ca K,0.3214,4.238e-05,6.052e-05,4.238e-05,-0.1469,-0.07476,0.3423,25
noise,0.2,5,ruddick2023,G band,0.2075,1.118e-05,4.863e-06,0,-0.07844,-0.09288,1,25
noise,0.2,5,ruddick2023,H alpha,0.1032,1.477e-06,0,0,-0.03383,,,25
noise,0.2,5,ruddick2023,H beta,0.1302,6.082e-06,2.285e-06,0,-0.003987,0.001494,1,25
noise,0.2,5,ruddick2023,H2O,0.4334,3.4e-06,0,0,-0.001408,0.01139,1,25
noise,0.2,5,ruddick2023,Mg b,0.1037,3.771e-06,2.583e-05,2.61e-05,-0.02167,0.0009937,-0.02482,25
noise,0.2,5,ruddick2023,Na D,0.08861,2.754e-06,0,0,-0.03649,0.01992,0.2959,25
noise,0.2,5,ruddick2023,O2 A,0.6934,1.975e-06,0,0,-0.04354,,,25
noise,0.2,5,ruddick2023,O2 B,0.2464,1.763e-06,0,0,-0.07958,-0.01819,0.0335,25
noise,0.2,5,ruddick2023,all,,6.005e-06,9.872e-06,8.899e-06,-0.06247,-0.02368,0.1198,25
noise,0.2,5,srf,Ca H,0.398,1.628e-05,3.294e-05,3.528e-05,0.4803,0.3007,0.3776,25
noise,0.2,5,srf,Ca K,0.3214,1.818e-05,3.543e-05,4.238e-05,0.522,0.2893,0.3423,25
noise,0.2,5,srf,G band,0.2075,7.344e-06,0,0,0.3507,0.4597,1,25
noise,0.2,5,srf,H alpha,0.1032,1.364e-06,0,0,0.02745,,,25
noise,0.2,5,srf,H beta,0.1302,5.141e-06,0,0,0.238,0.3764,1,25
noise,0.2,5,srf,H2O,0.4334,3.231e-06,0,0,0.002831,-0.0381,1,25
noise,0.2,5,srf,Mg b,0.1037,3.17e-06,2.618e-05,2.61e-05,0.1542,-0.01333,-0.02482,25
noise,0.2,5,srf,Na D,0.08861,2.009e-06,0,0,0.09327,-0.1944,0.2959,25
noise,0.2,5,srf,O2 A,0.6934,1.673e-06,0,0,0.04027,,,25
noise,0.2,5,srf,O2 B,0.2464,1.558e-06,0,0,0.0264,0.03717,0.0335,25
noise,0.2,5,srf,all,,4.195e-06,8.625e-06,8.899e-06,0.2559,0.07727,0.1198,25
noise,0.3,1,linear,Ca H,0.398,0.001024,0.001034,8.798e-05,0,0,0.8948,25
noise,0.3,1,linear,Ca K,0.3214,0.001229,0.001241,0.0001072,0,0,0.8941,25
noise,0.3,1,linear,G band,0.2075,0.0002965,0.0002866,1.071e-05,0,0,0.9616,25
noise,0.3,1,linear,H alpha,0.1032,3.283e-05,0,0,0,,,25
noise,0.3,1,linear,H beta,0.1302,0.0001541,0.0001158,9.16e-06,0,0,0.9279,25
noise,0.3,1,linear,H2O,0.4334,9.577e-05,0,0,0,0,1,25
noise,0.3,1,linear,Mg b,0.1037,9.284e-05,6.121e-05,3.514e-05,0,0,0.72,25
noise,0.3,1,linear,Na D,0.08861,6.256e-05,0,3.303e-06,0,0,0.6867,25
noise,0.3,1,linear,O2 A,0.6934,4.19e-05,0,0,0,,,25
noise,0.3,1,linear,O2 B,0.2464,4.271e-05,0,1.023e-05,0,0,0.2022,25
noise,0.3,1,linear,all,,0.0001427,0.0001258,2.018e-05,0,0,0.8704,25
noise,0.3,1,ruddick2023,Ca H,0.398,0.001128,0.001139,8.798e-05,-0.1165,-0.1167,0.8948,25
noise,0.3,1,ruddick2023,Ca K,0.3214,0.001354,0.001368,0.0001072,-0.124,-0.1216,0.8941,25
noise,0.3,1,ruddick2023,G band,0.2075,0.0003101,0.000301,1.071e-05,-0.06784,-0.07656,0.9616,25
noise,0.3,1,ruddick2023,H alpha,0.1032,3.428e-05,0,0,-0.03067,,,25
noise,0.3,1,ruddick2023,H beta,0.1302,0.0001546,0.0001154,9.16e-06,-0.002908,0.002077,0.9279,25
noise,0.3,1,ruddick2023,H2O,0.4334,9.602e-05,0,0,-0.001839,0.001907,1,25
noise,0.3,1,ruddick2023,Mg b,0.1037,9.398e-05,6.252e-05,3.514e-05,-0.01225,-0.01634,0.72,25
noise,0.3,1,ruddick2023,Na D,0.08861,6.634e-05,0,3.303e-06,-0.03887,-0.2771,0.6867,25
noise,0.3,1,ruddick2023,O2 A,0.6934,4.379e-05,0,0,-0.05551,,,25
noise,0.3,1,ruddick2023,O2 B,0.2464,4.333e-05,0,1.023e-05,-0.1033,-0.1637,0.2022,25
noise,0.3,1,ruddick2023,all,,0.0001468,0.0001302,2.018e-05,-0.04418,-0.07892,0.8704,25
noise,0.3,1,srf,Ca H,0.398,0.0004109,0.0003934,8.798e-05,0.5861,0.5905,0.8948,25
noise,0.3,1,srf,Ca K,0.3214,0.0004358,0.0004107,0.0001072,0.6085,0.6076,0.8941,25
noise,0.3,1,srf,G band,0.2075,0.0001934,0.0001506,1.071e-05,0.4215,0.5508,0.9616,25
noise,0.3,1,srf,H alpha,0.1032,3.025e-05,0,0,0.03152,,,25
noise,0.3,1,srf,H beta,0.1302,0.0001351,8.376e-05,9.16e-06,0.1989,0.3444,0.9279,25
noise,0.3,1,srf,H2O,0.4334,9.511e-05,0,0,0.006359,-0.01216,1,25
noise,0.3,1,srf,Mg b,0.1037,8.017e-05,3.464e-05,3.514e-05,0.1489,0.3547,0.72,25
noise,0.3,1,srf,Na D,0.08861,5.852e-05,0,3.303e-06,0.1409,1,0.6867,25
noise,0.3,1,srf,O2 A,0.6934,3.766e-05,0,0,0.08856,,,25
noise,0.3,1,srf,O2 B,0.2464,4.12e-05,0,1.023e-05,0.1483,0.5022,0.2022,25
noise,0.3,1,srf,all,,0.0001115,6.322e-05,2.018e-05,0.2707,0.5239,0.8704,25
noise,0.3,5,linear,Ca H,0.398,4.769e-05,6.14e-05,3.528e-05,0,0,0.5492,25
noise,0.3,5,linear,Ca K,0.3214,5.353e-05,6.926e-05,4.238e-05,0,0,0.5369,25
noise,0.3,5,linear,G band,0.2075,1.347e-05,1.074e-05,0,0,0,1,25
noise,0.3,5,linear,H alpha,0.1032,1.52e-06,0,0,0,,,25
noise,0.3,5,linear,H beta,0.1302,7.314e-06,7.592e-06,0,0,0,1,25
noise,0.3,5,linear,H2O,0.4334,3.434e-06,0,0,0,0,1,25
noise,0.3,5,linear,Mg b,0.1037,4.359e-06,2.569e-05,2.61e-05,0,0,-0.03068,25
noise,0.3,5,linear,Na D,0.08861,2.97e-06,0,0,0,0,0.2411,25
noise,0.3,5,linear,O2 A,0.6934,1.997e-06,0,0,0,,,25
noise,0.3,5,linear,O2 B,0.2464,1.824e-06,0,0,0,0,0.05887,25
noise,0.3,5,linear,all,,7.108e-06,1.108e-05,8.899e-06,0,0,0.2039,25
noise,0.3,5,ruddick2023,Ca H,0.398,5.24e-05,6.578e-05,3.528e-05,-0.1195,-0.08031,0.5492,25
noise,0.3,5,ruddick2023,Ca K,0.3214,5.891e-05,7.419e-05,4.238e-05,-0.121,-0.08,0.5369,25
noise,0.3,5,ruddick2023,G band,0.2075,1.432e-05,1.267e-05,0,-0.07335,-0.1046,1,25
noise,0.3,5,ruddick2023,H alpha,0.1032,1.506e-06,0,0,-0.04562,,,25
noise,0.3,5,ruddick2023,H beta,0.1302,7.354e-06,7.562e-06,0,-0.00448,0.004145,1,25
noise,0.3,5,ruddick2023,H2O,0.4334,3.506e-06,0,0,-0.001485,0.01757,1,25
noise,0.3,5,ruddick2023,Mg b,0.1037,4.451e-06,2.567e-05,2.61e-05,-0.02388,0.001158,-0.03068,25
noise,0.3,5,ruddick2023,Na D,0.08861,3.034e-06,0,0,-0.0473,-0.01249,0.2411,25
noise,0.3,5,ruddick2023,O2 A,0.6934,2.083e-06,0,0,-0.05987,,,25
noise,0.3,5,ruddick2023,O2 B,0.2464,2.029e-06,0,0,-0.1107,-0.01939,0.05887,25
noise,0.3,5,ruddick2023,all,,7.578e-06,1.153e-05,8.899e-06,-0.06615,-0.02896,0.2039,25
noise,0.3,5,srf,Ca H,0.398,1.628e-05,3.294e-05,3.528e-05,0.6392,0.4313,0.5492,25
noise,0.3,5,srf,Ca K,0.3214,1.818e-05,3.543e-05,4.238e-05,0.6674,0.4204,0.5369,25
noise,0.3,5,srf,G band,0.2075,7.344e-06,0,0,0.5319,1,1,25
noise,0.3,5,srf,H alpha,0.1032,1.364e-06,0,0,0.08387,,,25
noise,0.3,5,srf,H beta,0.1302,5.141e-06,0,0,0.363,0.5724,1,25
noise,0.3,5,srf,H2O,0.4334,3.231e-06,0,0,0.004874,-0.07464,1,25
noise,0.3,5,srf,Mg b,0.1037,3.17e-06,2.618e-05,2.61e-05,0.2852,-0.01764,-0.03068,25
noise,0.3,5,srf,Na D,0.08861,2.009e-06,0,0,0.1687,-0.2839,0.2411,25
noise,0.3,5,srf,O2 A,0.6934,1.673e-06,0,0,0.08392,,,25
noise,0.3,5,srf,O2 B,0.2464,1.558e-06,0,0,0.1774,0.06245,0.05887,25
noise,0.3,5,srf,all,,4.195e-06,8.625e-06,8.899e-06,0.4122,0.1507,0.2039,25
noise,0.4,1,linear,Ca H,0.398,0.00136,0.001371,8.798e-05,0,0,0.9162,25
noise,0.4,1,linear,Ca K,0.3214,0.001634,0.001647,0.0001072,0,0,0.9155,25
noise,0.4,1,linear,G band,0.2075,0.0003618,0.0003542,1.071e-05,0,0,0.9689,25
noise,0.4,1,linear,H alpha,0.1032,3.559e-05,0,0,0,,,25
noise,0.4,1,linear,H beta,0.1302,0.0001717,0.0001346,9.16e-06,0,0,0.9409,25
noise,0.4,1,linear,H2O,0.4334,9.61e-05,0,0,0,0,1,25
noise,0.4,1,linear,Mg b,0.1037,0.000106,7.387e-05,3.514e-05,0,0,0.7782,25
noise,0.4,1,linear,Na D,0.08861,7.391e-05,0,3.303e-06,0,0,0.7506,25
noise,0.4,1,linear,O2 A,0.6934,4.385e-05,0,0,0,,,25
noise,0.4,1,linear,O2 B,0.2464,4.369e-05,0,1.023e-05,0,0,0.3743,25
noise,0.4,1,linear,all,,0.0001668,0.0001512,2.018e-05,0,0,0.9033,25
noise,0.4,1,ruddick2023,Ca H,0.398,0.001484,0.001497,8.798e-05,-0.1028,-0.1026,0.9162,25
noise,0.4,1,ruddick2023,Ca K,0.3214,0.001785,0.001799,0.0001072,-0.1063,-0.1056,0.9155,25
noise,0.4,1,ruddick2023,G band,0.2075,0.0003796,0.0003725,1.071e-05,-0.06421,-0.0689,0.9689,25
noise,0.4,1,ruddick2023,H alpha,0.1032,3.563e-05,0,0,-0.04183,,,25
noise,0.4,1,ruddick2023,H beta,0.1302,0.0001722,0.0001341,9.16e-06,-0.003425,0.002115,0.9409,25
noise,0.4,1,ruddick2023,H2O,0.4334,9.64e-05,0,0,-0.001794,0.004633,1,25
noise,0.4,1,ruddick2023,Mg b,0.1037,0.000108,7.541e-05,3.514e-05,-0.01522,-0.01638,0.7782,25
noise,0.4,1,ruddick2023,Na D,0.08861,7.94e-05,0,3.303e-06,-0.05986,-0.2316,0.7506,25
noise,0.4,1,ruddick2023,O2 A,0.6934,4.457e-05,0,0,-0.06814,,,25
noise,0.4,1,ruddick2023,O2 B,0.2464,4.453e-05,0,1.023e-05,-0.1153,-0.1742,0.3743,25
noise,0.4,1,ruddick2023,all,,0.0001724,0.0001568,2.018e-05,-0.04848,-0.06884,0.9033,25
noise,0.4,1,srf,Ca H,0.398,0.0004109,0.0003934,8.798e-05,0.6972,0.6998,0.9162,25
noise,0.4,1,srf,Ca K,0.3214,0.0004358,0.0004107,0.0001072,0.7144,0.7169,0.9155,25
noise,0.4,1,srf,G band,0.2075,0.0001934,0.0001506,1.071e-05,0.5575,0.6874,0.9689,25
noise,0.4,1,srf,H alpha,0.1032,3.025e-05,0,0,0.0675,,,25
noise,0.4,1,srf,H beta,0.1302,0.0001351,8.376e-05,9.16e-06,0.3165,0.4674,0.9409,25
noise,0.4,1,srf,H2O,0.4334,9.511e-05,0,0,0.00941,-0.03078,1,25
noise,0.4,1,srf,Mg b,0.1037,8.017e-05,3.464e-05,3.514e-05,0.2349,0.4666,0.7782,25
noise,0.4,1,srf,Na D,0.08861,5.852e-05,0,3.303e-06,0.2341,1,0.7506,25
noise,0.4,1,srf,O2 A,0.6934,3.766e-05,0,0,0.1511,,,25
noise,0.4,1,srf,O2 B,0.2464,4.12e-05,0,1.023e-05,0.269,0.7043,0.3743,25
noise,0.4,1,srf,all,,0.0001115,6.322e-05,2.018e-05,0.4084,0.6583,0.9033,25
noise,0.4,5,linear,Ca H,0.398,6.331e-05,7.878e-05,3.528e-05,0,0,0.6518,25
noise,0.4,5,linear,Ca K,0.3214,7.139e-05,8.969e-05,4.238e-05,0,0,0.6414,25
noise,0.4,5,linear,G band,0.2075,1.694e-05,1.543e-05,0,0,0,1,25
noise,0.4,5,linear,H alpha,0.1032,1.529e-06,0,0,0,,,25
noise,0.4,5,linear,H beta,0.1302,9.167e-06,1.077e-05,0,0,0,1,25
noise,0.4,5,linear,H2O,0.4334,3.542e-06,0,0,0,0,1,25
noise,0.4,5,linear,Mg b,0.1037,5.16e-06,2.553e-05,2.61e-05,0,0,-0.0405,25
noise,0.4,5,linear,Na D,0.08861,3.105e-06,0,0,0,0,0.1708,25
noise,0.4,5,linear,O2 A,0.6934,2.143e-06,0,0,0,,,25
noise,0.4,5,linear,O2 B,0.2464,2.043e-06,0,0,0,0,0.08342,25
noise,0.4,5,linear,all,,8.889e-06,1.254e-05,8.899e-06,0,0,0.2628,25
noise,0.4,5,ruddick2023,Ca H,0.398,6.89e-05,8.535e-05,3.528e-05,-0.1027,-0.07799,0.6518,25
noise,0.4,5,ruddick2023,Ca K,0.3214,7.78e-05,9.586e-05,4.238e-05,-0.1043,-0.07869,0.6414,25
noise,0.4,5,ruddick2023,G band,0.2075,1.792e-05,1.644e-05,0,-0.06454,-0.08009,1,25
noise,0.4,5,ruddick2023,H alpha,0.1032,1.613e-06,0,0,-0.06231,,,25
noise,0.4,5,ruddick2023,H beta,0.1302,9.214e-06,1.062e-05,0,-0.004412,0.006037,1,25
noise,0.4,5,ruddick2023,H2O,0.4334,3.628e-06,0,0,-0.001553,0.03452,1,25
noise,0.4,5,ruddick2023,Mg b,0.1037,5.29e-06,2.55e-05,2.61e-05,-0.02404,0.001015,-0.0405,25
noise,0.4,5,ruddick2023,Na D,0.08861,3.336e-06,0,0,-0.05814,-0.06747,0.1708,25
noise,0.4,5,ruddick2023,O2 A,0.6934,2.169e-06,0,0,-0.07065,,,25
noise,0.4,5,ruddick2023,O2 B,0.2464,2.15e-06,0,0,-0.1283,-0.02087,0.08342,25
noise,0.4,5,ruddick2023,all,,9.449e-06,1.291e-05,8.899e-06,-0.06212,-0.03254,0.2628,25
noise,0.4,5,srf,Ca H,0.398,1.628e-05,3.294e-05,3.528e-05,0.7337,0.533,0.6518,25
noise,0.4,5,srf,Ca K,0.3214,1.818e-05,3.543e-05,4.238e-05,0.7537,0.5264,0.6414,25
noise,0.4,5,srf,G band,0.2075,7.344e-06,0,0,0.6475,1,1,25
noise,0.4,5,srf,H alpha,0.1032,1.364e-06,0,0,0.1673,,,25
noise,0.4,5,srf,H beta,0.1302,5.141e-06,0,0,0.4905,0.8265,1,25
noise,0.4,5,srf,H2O,0.4334,3.231e-06,0,0,0.00694,-0.1777,1,25
noise,0.4,5,srf,Mg b,0.1037,3.17e-06,2.618e-05,2.61e-05,0.406,-0.02252,-0.0405,25
noise,0.4,5,srf,Na D,0.08861,2.009e-06,0,0,0.249,-0.2658,0.1708,25
noise,0.4,5,srf,O2 A,0.6934,1.673e-06,0,0,0.1753,,,25
noise,0.4,5,srf,O2 B,0.2464,1.558e-06,0,0,0.2977,0.08691,0.08342,25
noise,0.4,5,srf,all,,4.195e-06,8.625e-06,8.899e-06,0.5337,0.2255,0.2628,25
noise,0.5,1,linear,Ca H,0.398,0.001742,0.001753,8.798e-05,0,0,0.9328,25
noise,0.5,1,linear,Ca K,0.3214,0.002096,0.002109,0.0001072,0,0,0.9323,25
noise,0.5,1,linear,G band,0.2075,0.0004407,0.0004345,1.071e-05,0,0,0.9747,25
noise,0.5,1,linear,H alpha,0.1032,3.81e-05,0,0,0,,,25
noise,0.5,1,linear,H beta,0.1302,0.0002003,0.0001625,9.16e-06,0,0,0.9515,25
noise,0.5,1,linear,H2O,0.4334,9.649e-05,0,0,0,0,1,25
noise,0.5,1,linear,Mg b,0.1037,0.0001264,8.752e-05,3.514e-05,0,0,0.8107,25
noise,0.5,1,linear,Na D,0.08861,8.302e-05,0,3.303e-06,0,0,0.8224,25
noise,0.5,1,linear,O2 A,0.6934,4.525e-05,0,0,0,,,25
noise,0.5,1,linear,O2 B,0.2464,4.494e-05,0,1.023e-05,0,0,0.4877,25
noise,0.5,1,linear,all,,0.0001972,0.0001818,2.018e-05,0,0,0.9195,25
noise,0.5,1,ruddick2023,Ca H,0.398,0.001889,0.001901,8.798e-05,-0.09316,-0.0934,0.9328,25
noise,0.5,1,ruddick2023,Ca K,0.3214,0.002275,0.002289,0.0001072,-0.09481,-0.0944,0.9323,25
noise,0.5,1,ruddick2023,G band,0.2075,0.0004627,0.0004568,1.071e-05,-0.06015,-0.06259,0.9747,25
noise,0.5,1,ruddick2023,H alpha,0.1032,4.151e-05,0,0,-0.05304,,,25
noise,0.5,1,ruddick2023,H beta,0.1302,0.0002009,0.0001625,9.16e-06,-0.003579,0.001876,0.9515,25
noise,0.5,1,ruddick2023,H2O,0.4334,9.683e-05,0,0,-0.001799,0.01143,1,25
noise,0.5,1,ruddick2023,Mg b,0.1037,0.000129,8.856e-05,3.514e-05,-0.01802,-0.01766,0.8107,25
noise,0.5,1,ruddick2023,Na D,0.08861,8.575e-05,0,3.303e-06,-0.06768,-0.1766,0.8224,25
noise,0.5,1,ruddick2023,O2 A,0.6934,5.533e-05,0,0,-0.08166,,,25
noise,0.5,1,ruddick2023,O2 B,0.2464,4.609e-05,0,1.023e-05,-0.124,-0.1752,0.4877,25
noise,0.5,1,ruddick2023,all,,0.0002044,0.0001887,2.018e-05,-0.04985,-0.06131,0.9195,25
noise,0.5,1,srf,Ca H,0.398,0.0004109,0.0003934,8.798e-05,0.7641,0.7698,0.9328,25
noise,0.5,1,srf,Ca K,0.3214,0.0004358,0.0004107,0.0001072,0.782,0.7853,0.9323,25
noise,0.5,1,srf,G band,0.2075,0.0001934,0.0001506,1.071e-05,0.6529,0.7674,0.9747,25
noise,0.5,1,srf,H alpha,0.1032,3.025e-05,0,0,0.1264,,,25
noise,0.5,1,srf,H beta,0.1302,0.0001351,8.376e-05,9.16e-06,0.4268,0.567,0.9515,25
noise,0.5,1,srf,H2O,0.4334,9.511e-05,0,0,0.01248,-0.06195,1,25
noise,0.5,1,srf,Mg b,0.1037,8.017e-05,3.464e-05,3.514e-05,0.3336,0.5555,0.8107,25
noise,0.5,1,srf,Na D,0.08861,5.852e-05,0,3.303e-06,0.3272,1,0.8224,25
noise,0.5,1,srf,O2 A,0.6934,3.766e-05,0,0,0.2399,,,25
noise,0.5,1,srf,O2 B,0.2464,4.12e-05,0,1.023e-05,0.3648,0.7976,0.4877,25
noise,0.5,1,srf,all,,0.0001115,6.322e-05,2.018e-05,0.5119,0.7421,0.9195,25
noise,0.5,5,linear,Ca H,0.398,8.087e-05,9.842e-05,3.528e-05,0,0,0.705,25
noise,0.5,5,linear,Ca K,0.3214,9.153e-05,0.0001122,4.238e-05,0,0,0.6952,25
noise,0.5,5,linear,G band,0.2075,2.08e-05,1.937e-05,0,0,0,1,25
noise,0.5,5,linear,H alpha,0.1032,1.635e-06,0,0,0,,,25
noise,0.5,5,linear,H beta,0.1302,1.102e-05,1.258e-05,0,0,0,1,25
noise,0.5,5,linear,H2O,0.4334,3.665e-06,0,0,0,0,1,25
noise,0.5,5,linear,Mg b,0.1037,6.205e-06,2.538e-05,2.61e-05,0,0,-0.03468,25
noise,0.5,5,linear,Na D,0.08861,3.694e-06,0,0,0,0,0.1233,25
noise,0.5,5,linear,O2 A,0.6934,2.265e-06,0,0,0,,,25
noise,0.5,5,linear,O2 B,0.2464,2.227e-06,0,0,0,0,0.1073,25
noise,0.5,5,linear,all,,1.092e-05,1.391e-05,8.899e-06,0,0,0.3267,25
noise,0.5,5,ruddick2023,Ca H,0.398,8.741e-05,0.0001048,3.528e-05,-0.09117,-0.07552,0.705,25
noise,0.5,5,ruddick2023,Ca K,0.3214,9.907e-05,0.0001195,4.238e-05,-0.09245,-0.07674,0.6952,25
noise,0.5,5,ruddick2023,G band,0.2075,2.191e-05,2.05e-05,0,-0.05777,-0.06618,1,25
noise,0.5,5,ruddick2023,H alpha,0.1032,1.676e-06,0,0,-0.07235,,,25
noise,0.5,5,ruddick2023,H beta,0.1302,1.107e-05,1.252e-05,0,-0.004156,0.006136,1,25
noise,0.5,5,ruddick2023,H2O,0.4334,3.769e-06,0,0,-0.001552,0.03694,1,25
noise,0.5,5,ruddick2023,Mg b,0.1037,6.381e-06,2.534e-05,2.61e-05,-0.02433,0.001141,-0.03468,25
noise,0.5,5,ruddick2023,Na D,0.08861,3.82e-06,0,0,-0.06296,-0.1014,0.1233,25
noise,0.5,5,ruddick2023,O2 A,0.6934,2.559e-06,0,0,-0.09547,,,25
noise,0.5,5,ruddick2023,O2 B,0.2464,2.409e-06,0,0,-0.1324,-0.02269,0.1073,25
noise,0.5,5,ruddick2023,all,,1.157e-05,1.438e-05,8.899e-06,-0.05967,-0.03579,0.3267,25
noise,0.5,5,srf,Ca H,0.398,1.628e-05,3.294e-05,3.528e-05,0.7936,0.6185,0.705,25
noise,0.5,5,srf,Ca K,0.3214,1.818e-05,3.543e-05,4.238e-05,0.8095,0.6167,0.6952,25
noise,0.5,5,srf,G band,0.2075,7.344e-06,0,0,0.7153,1,1,25
noise,0.5,5,srf,H alpha,0.1032,1.364e-06,0,0,0.2575,,,25
noise,0.5,5,srf,H beta,0.1302,5.141e-06,0,0,0.5816,1,1,25
noise,0.5,5,srf,H2O,0.4334,3.231e-06,0,0,0.009028,-0.1999,1,25
noise,0.5,5,srf,Mg b,0.1037,3.17e-06,2.618e-05,2.61e-05,0.5111,-0.0331,-0.03468,25
noise,0.5,5,srf,Na D,0.08861,2.009e-06,0,0,0.3495,-0.2238,0.1233,25
noise,0.5,5,srf,O2 A,0.6934,1.673e-06,0,0,0.2651,,,25
noise,0.5,5,srf,O2 B,0.2464,1.558e-06,0,0,0.4064,0.1107,0.1073,25
noise,0.5,5,srf,all,,4.195e-06,8.625e-06,8.899e-06,0.6365,0.3014,0.3267,25
noise,0.6,1,linear,Ca H,0.398,0.002171,0.002182,8.798e-05,0,0,0.9455,25
noise,0.6,1,linear,Ca K,0.3214,0.002616,0.002628,0.0001072,0,0,0.945,25
noise,0.6,1,linear,G band,0.2075,0.000532,0.0005264,1.071e-05,0,0,0.9791,25
noise,0.6,1,linear,H alpha,0.1032,4.187e-05,0,0,0,,,25
noise,0.6,1,linear,H beta,0.1302,0.0002422,0.0001998,9.16e-06,0,0,0.9599,25
noise,0.6,1,linear,H2O,0.4334,9.691e-05,0,0,0,0,1,25
noise,0.6,1,linear,Mg b,0.1037,0.0001437,0.000102,3.514e-05,0,0,0.8366,25
noise,0.6,1,linear,Na D,0.08861,8.976e-05,0,3.303e-06,0,0,0.8629,25
noise,0.6,1,linear,O2 A,0.6934,5.759e-05,0,0,0,0,1,25
noise,0.6,1,linear,O2 B,0.2464,4.654e-05,0,1.023e-05,0,0,0.5579,25
noise,0.6,1,linear,all,,0.0002335,0.0002172,2.018e-05,0,0,0.9327,25
noise,0.6,1,ruddick2023,Ca H,0.398,0.002343,0.002355,8.798e-05,-0.08669,-0.0866,0.9455,25
noise,0.6,1,ruddick2023,Ca K,0.3214,0.002825,0.002839,0.0001072,-0.08713,-0.08713,0.945,25
noise,0.6,1,ruddick2023,G band,0.2075,0.0005582,0.0005527,1.071e-05,-0.05652,-0.05834,0.9791,25
noise,0.6,1,ruddick2023,H alpha,0.1032,4.282e-05,0,0,-0.06405,,,25
noise,0.6,1,ruddick2023,H beta,0.1302,0.000243,0.0001999,9.16e-06,-0.003903,0.001677,0.9599,25
noise,0.6,1,ruddick2023,H2O,0.4334,9.731e-05,0,0,-0.002122,0.02319,1,25
noise,0.6,1,ruddick2023,Mg b,0.1037,0.0001464,0.000103,3.514e-05,-0.01951,-0.0179,0.8366,25
noise,0.6,1,ruddick2023,Na D,0.08861,9.304e-05,0,3.303e-06,-0.07245,-0.1512,0.8629,25
noise,0.6,1,ruddick2023,O2 A,0.6934,7.031e-05,0,0,-0.1012,-1.204,1,25
noise,0.6,1,ruddick2023,O2 B,0.2464,4.997e-05,0,1.023e-05,-0.1345,-0.1745,0.5579,25
noise,0.6,1,ruddick2023,all,,0.0002423,0.0002256,2.018e-05,-0.04868,-0.05448,0.9327,25
noise,0.6,1,srf,Ca H,0.398,0.0004109,0.0003934,8.798e-05,0.8107,0.8175,0.9455,25
noise,0.6,1,srf,Ca K,0.3214,0.0004358,0.0004107,0.0001072,0.8279,0.8312,0.945,25
noise,0.6,1,srf,G band,0.2075,0.0001934,0.0001506,1.071e-05,0.7209,0.8142,0.9791,25
noise,0.6,1,srf,H alpha,0.1032,3.025e-05,0,0,0.2178,,,25
noise,0.6,1,srf,H beta,0.1302,0.0001351,8.376e-05,9.16e-06,0.522,0.6453,0.9599,25
noise,0.6,1,srf,H2O,0.4334,9.511e-05,0,0,0.01492,-0.1369,1,25
noise,0.6,1,srf,Mg b,0.1037,8.017e-05,3.464e-05,3.514e-05,0.4305,0.6245,0.8366,25
noise,0.6,1,srf,Na D,0.08861,5.852e-05,0,3.303e-06,0.4147,1,0.8629,25
noise,0.6,1,srf,O2 A,0.6934,3.766e-05,0,0,0.3075,1,1,25
noise,0.6,1,srf,O2 B,0.2464,4.12e-05,0,1.023e-05,0.4683,0.8293,0.5579,25
noise,0.6,1,srf,all,,0.0001115,6.322e-05,2.018e-05,0.595,0.7979,0.9327,25
noise,0.6,5,linear,Ca H,0.398,0.0001004,0.0001173,3.528e-05,0,0,0.7495,25
noise,0.6,5,linear,Ca K,0.3214,0.000114,0.0001339,4.238e-05,0,0,0.7404,25
noise,0.6,5,linear,G band,0.2075,2.501e-05,2.361e-05,0,0,0,1,25
noise,0.6,5,linear,H alpha,0.1032,1.7e-06,0,0,0,,,25
noise,0.6,5,linear,H beta,0.1302,1.325e-05,1.432e-05,0,0,0,1,25
noise,0.6,5,linear,H2O,0.4334,3.806e-06,0,0,0,0,1,25
noise,0.6,5,linear,Mg b,0.1037,7.462e-06,2.502e-05,2.61e-05,0,0,-0.03453,25
noise,0.6,5,linear,Na D,0.08861,3.99e-06,0,0,0,0,0.1881,25
noise,0.6,5,linear,O2 A,0.6934,2.59e-06,0,0,0,,,25
noise,0.6,5,linear,O2 B,0.2464,2.487e-06,0,0,0,0,0.1307,25
noise,0.6,5,linear,all,,1.321e-05,1.554e-05,8.899e-06,0,0,0.391,25
noise,0.6,5,ruddick2023,Ca H,0.398,0.000108,0.0001247,3.528e-05,-0.08355,-0.07366,0.7495,25
noise,0.6,5,ruddick2023,Ca K,0.3214,0.0001228,0.0001425,4.238e-05,-0.08481,-0.07421,0.7404,25
noise,0.6,5,ruddick2023,G band,0.2075,2.626e-05,2.485e-05,0,-0.053,-0.05808,1,25
noise,0.6,5,ruddick2023,H alpha,0.1032,1.751e-06,0,0,-0.08021,,,25
noise,0.6,5,ruddick2023,H beta,0.1302,1.33e-05,1.425e-05,0,-0.003952,0.006456,1,25
noise,0.6,5,ruddick2023,H2O,0.4334,3.932e-06,0,0,-0.001627,0.07352,1,25
noise,0.6,5,ruddick2023,Mg b,0.1037,7.637e-06,2.479e-05,2.61e-05,-0.02334,0.00149,-0.03453,25
noise,0.6,5,ruddick2023,Na D,0.08861,4.124e-06,0,0,-0.0676,-0.1363,0.1881,25
noise,0.6,5,ruddick2023,O2 A,0.6934,2.773e-06,0,0,-0.1102,,,25
noise,0.6,5,ruddick2023,O2 B,0.2464,2.709e-06,0,0,-0.1333,-0.02491,0.1307,25
noise,0.6,5,ruddick2023,all,,1.397e-05,1.612e-05,8.899e-06,-0.05694,-0.03876,0.391,25
noise,0.6,5,srf,Ca H,0.398,1.628e-05,3.294e-05,3.528e-05,0.8351,0.6879,0.7495,25
noise,0.6,5,srf,Ca K,0.3214,1.818e-05,3.543e-05,4.238e-05,0.8511,0.6853,0.7404,25
noise,0.6,5,srf,G band,0.2075,7.344e-06,0,0,0.7681,1,1,25
noise,0.6,5,srf,H alpha,0.1032,1.364e-06,0,0,0.3145,,,25
noise,0.6,5,srf,H beta,0.1302,5.141e-06,0,0,0.6366,1,1,25
noise,0.6,5,srf,H2O,0.4334,3.231e-06,0,0,0.01113,-0.4107,1,25
noise,0.6,5,srf,Mg b,0.1037,3.17e-06,2.618e-05,2.61e-05,0.6006,-0.03758,-0.03453,25
noise,0.6,5,srf,Na D,0.08861,2.009e-06,0,0,0.4434,-0.1177,0.1881,25
noise,0.6,5,srf,O2 A,0.6934,1.673e-06,0,0,0.3323,,,25
noise,0.6,5,srf,O2 B,0.2464,1.558e-06,0,0,0.4974,0.134,0.1307,25
noise,0.6,5,srf,all,,4.195e-06,8.625e-06,8.899e-06,0.7085,0.3745,0.391,25
noise,0.7,1,linear,Ca H,0.398,0.002648,0.002659,8.798e-05,0,0,0.9551,25
noise,0.7,1,linear,Ca K,0.3214,0.003195,0.003207,0.0001072,0,0,0.9547,25
noise,0.7,1,linear,G band,0.2075,0.0006349,0.0006292,1.071e-05,0,0,0.9825,25
noise,0.7,1,linear,H alpha,0.1032,4.324e-05,0,0,0,,,25
noise,0.7,1,linear,H beta,0.1302,0.0002931,0.0002492,9.16e-06,0,0,0.9667,25
noise,0.7,1,linear,H2O,0.4334,9.739e-05,0,0,0,0,1,25
noise,0.7,1,linear,Mg b,0.1037,0.000163,0.0001179,3.514e-05,0,0,0.8622,25
noise,0.7,1,linear,Na D,0.08861,9.74e-05,0,3.303e-06,0,0,0.8861,25
noise,0.7,1,linear,O2 A,0.6934,7.053e-05,0,0,0,0,1,25
noise,0.7,1,linear,O2 B,0.2464,5.187e-05,0,1.023e-05,0,0,0.6166,25
noise,0.7,1,linear,all,,0.0002756,0.0002574,2.018e-05,0,0,0.9432,25
noise,0.7,1,ruddick2023,Ca H,0.398,0.002848,0.00286,8.798e-05,-0.08143,-0.08136,0.9551,25
noise,0.7,1,ruddick2023,Ca K,0.3214,0.003438,0.003452,0.0001072,-0.08221,-0.08208,0.9547,25
noise,0.7,1,ruddick2023,G band,0.2075,0.0006656,0.0006598,1.071e-05,-0.05393,-0.05498,0.9825,25
noise,0.7,1,ruddick2023,H alpha,0.1032,4.453e-05,0,0,-0.07489,,,25
noise,0.7,1,ruddick2023,H beta,0.1302,0.0002943,0.0002482,9.16e-06,-0.003964,0.001435,0.9667,25
noise,0.7,1,ruddick2023,H2O,0.4334,9.785e-05,0,0,-0.002506,0.01726,1,25
noise,0.7,1,ruddick2023,Mg b,0.1037,0.0001664,0.000119,3.514e-05,-0.02086,-0.01794,0.8622,25
noise,0.7,1,ruddick2023,Na D,0.08861,0.0001013,0,3.303e-06,-0.07516,-0.1365,0.8861,25
noise,0.7,1,ruddick2023,O2 A,0.6934,7.53e-05,0,0,-0.1217,-1.172,1,25
noise,0.7,1,ruddick2023,O2 B,0.2464,5.931e-05,0,1.023e-05,-0.1525,-0.1778,0.6166,25
noise,0.7,1,ruddick2023,all,,0.0002862,0.0002672,2.018e-05,-0.04798,-0.05159,0.9432,25
noise,0.7,1,srf,Ca H,0.398,0.0004109,0.0003934,8.798e-05,0.8475,0.8518,0.9551,25
noise,0.7,1,srf,Ca K,0.3214,0.0004358,0.0004107,0.0001072,0.8606,0.8638,0.9547,25
noise,0.7,1,srf,G band,0.2075,0.0001934,0.0001506,1.071e-05,0.7707,0.8463,0.9825,25
noise,0.7,1,srf,H alpha,0.1032,3.025e-05,0,0,0.2804,,,25
noise,0.7,1,srf,H beta,0.1302,0.0001351,8.376e-05,9.16e-06,0.5975,0.7049,0.9667,25
noise,0.7,1,srf,H2O,0.4334,9.511e-05,0,0,0.01701,-0.1083,1,25
noise,0.7,1,srf,Mg b,0.1037,8.017e-05,3.464e-05,3.514e-05,0.5094,0.6824,0.8622,25
noise,0.7,1,srf,Na D,0.08861,5.852e-05,0,3.303e-06,0.4925,1,0.8861,25
noise,0.7,1,srf,O2 A,0.6934,3.766e-05,0,0,0.3749,1,1,25
noise,0.7,1,srf,O2 B,0.2464,4.12e-05,0,1.023e-05,0.5555,0.8542,0.6166,25
noise,0.7,1,srf,all,,0.0001115,6.322e-05,2.018e-05,0.6617,0.8372,0.9432,25
noise,0.7,5,linear,Ca H,0.398,0.0001221,0.0001383,3.528e-05,0,0,0.7863,25
noise,0.7,5,linear,Ca K,0.3214,0.000139,0.0001582,4.238e-05,0,0,0.7779,25
noise,0.7,5,linear,G band,0.2075,2.956e-05,2.813e-05,0,0,0,1,25
noise,0.7,5,linear,H alpha,0.1032,1.776e-06,0,0,0,,,25
noise,0.7,5,linear,H beta,0.1302,1.525e-05,1.615e-05,0,0,0,1,25
noise,0.7,5,linear,H2O,0.4334,3.966e-06,0,0,0,0,1,25
noise,0.7,5,linear,Mg b,0.1037,8.721e-06,2.479e-05,2.61e-05,0,0,-0.04046,25
noise,0.7,5,linear,Na D,0.08861,4.303e-06,0,0,0,0,0.2543,25
noise,0.7,5,linear,O2 A,0.6934,2.827e-06,0,0,0,,,25
noise,0.7,5,linear,O2 B,0.2464,2.785e-06,0,0,0,0,0.1537,25
noise,0.7,5,linear,all,,1.577e-05,1.744e-05,8.899e-06,0,0,0.4533,25
noise,0.7,5,ruddick2023,Ca H,0.398,0.0001309,0.000147,3.528e-05,-0.07859,-0.07203,0.7863,25
noise,0.7,5,ruddick2023,Ca K,0.3214,0.0001493,0.0001683,4.238e-05,-0.07986,-0.07249,0.7779,25
noise,0.7,5,ruddick2023,G band,0.2075,3.096e-05,2.952e-05,0,-0.04971,-0.05286,1,25
noise,0.7,5,ruddick2023,H alpha,0.1032,1.837e-06,0,0,-0.08543,,,25
noise,0.7,5,ruddick2023,H beta,0.1302,1.529e-05,1.605e-05,0,-0.003777,0.006796,1,25
noise,0.7,5,ruddick2023,H2O,0.4334,4.118e-06,0,0,-0.001566,0.1368,1,25
noise,0.7,5,ruddick2023,Mg b,0.1037,8.919e-06,2.459e-05,2.61e-05,-0.02293,0.001933,-0.04046,25
noise,0.7,5,ruddick2023,Na D,0.08861,4.456e-06,0,0,-0.07071,-0.1879,0.2543,25
noise,0.7,5,ruddick2023,O2 A,0.6934,3.225e-06,0,0,-0.1298,,,25
noise,0.7,5,ruddick2023,O2 B,0.2464,3.052e-06,0,0,-0.1332,-0.02765,0.1537,25
noise,0.7,5,ruddick2023,all,,1.664e-05,1.813e-05,8.899e-06,-0.05516,-0.04157,0.4533,25
noise,0.7,5,srf,Ca H,0.398,1.628e-05,3.294e-05,3.528e-05,0.8652,0.7409,0.7863,25
noise,0.7,5,srf,Ca K,0.3214,1.818e-05,3.543e-05,4.238e-05,0.8803,0.7382,0.7779,25
noise,0.7,5,srf,G band,0.2075,7.344e-06,0,0,0.8067,1,1,25
noise,0.7,5,srf,H alpha,0.1032,1.364e-06,0,0,0.3781,,,25
noise,0.7,5,srf,H beta,0.1302,5.141e-06,0,0,0.6826,1,1,25
noise,0.7,5,srf,H2O,0.4334,3.231e-06,0,0,0.01324,-0.6609,1,25
noise,0.7,5,srf,Mg b,0.1037,3.17e-06,2.618e-05,2.61e-05,0.6708,-0.02439,-0.04046,25
noise,0.7,5,srf,Na D,0.08861,2.009e-06,0,0,0.5202,0.0266,0.2543,25
noise,0.7,5,srf,O2 A,0.6934,1.673e-06,0,0,0.3982,,,25
noise,0.7,5,srf,O2 B,0.2464,1.558e-06,0,0,0.5714,0.1569,0.1537,25
noise,0.7,5,srf,all,,4.195e-06,8.625e-06,8.899e-06,0.754,0.4457,0.4533,25
noise,0.8,1,linear,Ca H,0.398,0.003177,0.003188,8.798e-05,0,0,0.9625,25
noise,0.8,1,linear,Ca K,0.3214,0.003837,0.003849,0.0001072,0,0,0.9622,25
noise,0.8,1,linear,G band,0.2075,0.0007493,0.0007429,1.071e-05,0,0,0.9852,25
noise,0.8,1,linear,H alpha,0.1032,4.498e-05,0,0,0,,,25
noise,0.8,1,linear,H beta,0.1302,0.0003489,0.0003057,9.16e-06,0,0,0.972,25
noise,0.8,1,linear,H2O,0.4334,9.79e-05,0,0,0,0,1,25
noise,0.8,1,linear,Mg b,0.1037,0.0001861,0.0001357,3.514e-05,0,0,0.8854,25
noise,0.8,1,linear,Na D,0.08861,0.000106,0,3.303e-06,0,0,0.9074,25
noise,0.8,1,linear,O2 A,0.6934,7.65e-05,0,0,0,0,1,25
noise,0.8,1,linear,O2 B,0.2464,6.112e-05,0,1.023e-05,0,0,0.6664,25
noise,0.8,1,linear,all,,0.0003234,0.0003023,2.018e-05,0,0,0.9516,25
noise,0.8,1,ruddick2023,Ca H,0.398,0.003409,0.003421,8.798e-05,-0.07792,-0.07787,0.9625,25
noise,0.8,1,ruddick2023,Ca K,0.3214,0.00412,0.004134,0.0001072,-0.07871,-0.07861,0.9622,25
noise,0.8,1,ruddick2023,G band,0.2075,0.000785,0.0007785,1.071e-05,-0.0519,-0.05242,0.9852,25
noise,0.8,1,ruddick2023,H alpha,0.1032,4.67e-05,0,0,-0.08553,,,25
noise,0.8,1,ruddick2023,H beta,0.1302,0.0003501,0.0003045,9.16e-06,-0.003985,0.00122,0.972,25
noise,0.8,1,ruddick2023,H2O,0.4334,9.845e-05,0,0,-0.002976,0.01775,1,25
noise,0.8,1,ruddick2023,Mg b,0.1037,0.0001901,0.0001369,3.514e-05,-0.02228,-0.01813,0.8854,25
noise,0.8,1,ruddick2023,Na D,0.08861,0.0001106,0,3.303e-06,-0.07708,-0.1292,0.9074,25
noise,0.8,1,ruddick2023,O2 A,0.6934,9.098e-05,0,0,-0.1507,-0.6833,1,25
noise,0.8,1,ruddick2023,O2 B,0.2464,7.048e-05,0,1.023e-05,-0.1641,-0.1838,0.6664,25
noise,0.8,1,ruddick2023,all,,0.0003359,0.0003138,2.018e-05,-0.04727,-0.04921,0.9516,25
noise,0.8,1,srf,Ca H,0.398,0.0004109,0.0003934,8.798e-05,0.8749,0.8772,0.9625,25
noise,0.8,1,srf,Ca K,0.3214,0.0004358,0.0004107,0.0001072,0.8849,0.8877,0.9622,25
noise,0.8,1,srf,G band,0.2075,0.0001934,0.0001506,1.071e-05,0.8084,0.8708,0.9852,25
noise,0.8,1,srf,H alpha,0.1032,3.025e-05,0,0,0.3435,,,25
noise,0.8,1,srf,H beta,0.1302,0.0001351,8.376e-05,9.16e-06,0.6684,0.7546,0.972,25
noise,0.8,1,srf,H2O,0.4334,9.511e-05,0,0,0.0186,-0.1593,1,25
noise,0.8,1,srf,Mg b,0.1037,8.017e-05,3.464e-05,3.514e-05,0.5762,0.729,0.8854,25
noise,0.8,1,srf,Na D,0.08861,5.852e-05,0,3.303e-06,0.5597,1,0.9074,25
noise,0.8,1,srf,O2 A,0.6934,3.766e-05,0,0,0.44,1,1,25
noise,0.8,1,srf,O2 B,0.2464,4.12e-05,0,1.023e-05,0.6273,0.8745,0.6664,25
noise,0.8,1,srf,all,,0.0001115,6.322e-05,2.018e-05,0.718,0.8646,0.9516,25
noise,0.8,5,linear,Ca H,0.398,0.0001459,0.0001617,3.528e-05,0,0,0.8165,25
noise,0.8,5,linear,Ca K,0.3214,0.0001666,0.0001853,4.238e-05,0,0,0.8091,25
noise,0.8,5,linear,G band,0.2075,3.445e-05,3.296e-05,0,0,0,1,25
noise,0.8,5,linear,H alpha,0.1032,1.863e-06,0,0,0,,,25
noise,0.8,5,linear,H beta,0.1302,1.756e-05,1.806e-05,0,0,0,1,25
noise,0.8,5,linear,H2O,0.4334,4.148e-06,0,0,0,0,1,25
noise,0.8,5,linear,Mg b,0.1037,1.003e-05,2.406e-05,2.61e-05,0,0,-0.04614,25
noise,0.8,5,linear,Na D,0.08861,4.642e-06,0,0,0,0,0.368,25
noise,0.8,5,linear,O2 A,0.6934,3.268e-06,0,0,0,,,25
noise,0.8,5,linear,O2 B,0.2464,3.121e-06,0,0,0,0,0.1764,25
noise,0.8,5,linear,all,,1.855e-05,1.958e-05,8.899e-06,0,0,0.5132,25
noise,0.8,5,ruddick2023,Ca H,0.398,0.0001562,0.0001718,3.528e-05,-0.07527,-0.07026,0.8165,25
noise,0.8,5,ruddick2023,Ca K,0.3214,0.0001786,0.0001971,4.238e-05,-0.07655,-0.07121,0.8091,25
noise,0.8,5,ruddick2023,G band,0.2075,3.602e-05,3.451e-05,0,-0.04734,-0.04947,1,25
noise,0.8,5,ruddick2023,H alpha,0.1032,1.936e-06,0,0,-0.08891,,,25
noise,0.8,5,ruddick2023,H beta,0.1302,1.763e-05,1.794e-05,0,-0.003687,0.006539,1,25
noise,0.8,5,ruddick2023,H2O,0.4334,4.33e-06,0,0,-0.001747,0.1161,1,25
noise,0.8,5,ruddick2023,Mg b,0.1037,1.026e-05,2.379e-05,2.61e-05,-0.02274,0.00248,-0.04614,25
noise,0.8,5,ruddick2023,Na D,0.08861,4.818e-06,0,0,-0.07265,-0.1888,0.368,25
noise,0.8,5,ruddick2023,O2 A,0.6934,3.536e-06,0,0,-0.1497,,,25
noise,0.8,5,ruddick2023,O2 B,0.2464,3.438e-06,0,0,-0.1323,-0.031,0.1764,25
noise,0.8,5,ruddick2023,all,,1.955e-05,2.04e-05,8.899e-06,-0.05353,-0.04437,0.5132,25
noise,0.8,5,srf,Ca H,0.398,1.628e-05,3.294e-05,3.528e-05,0.8877,0.7822,0.8165,25
noise,0.8,5,srf,Ca K,0.3214,1.818e-05,3.543e-05,4.238e-05,0.9016,0.7796,0.8091,25
noise,0.8,5,srf,G band,0.2075,7.344e-06,0,0,0.8359,1,1,25
noise,0.8,5,srf,H alpha,0.1032,1.364e-06,0,0,0.4444,,,25
noise,0.8,5,srf,H beta,0.1302,5.141e-06,0,0,0.7229,1,1,25
noise,0.8,5,srf,H2O,0.4334,3.231e-06,0,0,0.0151,-0.6544,1,25
noise,0.8,5,srf,Mg b,0.1037,3.17e-06,2.618e-05,2.61e-05,0.7187,-0.02206,-0.04614,25
noise,0.8,5,srf,Na D,0.08861,2.009e-06,0,0,0.5765,0.175,0.368,25
noise,0.8,5,srf,O2 A,0.6934,1.673e-06,0,0,0.4618,,,25
noise,0.8,5,srf,O2 B,0.2464,1.558e-06,0,0,0.6315,0.1796,0.1764,25
noise,0.8,5,srf,all,,4.195e-06,8.625e-06,8.899e-06,0.7894,0.5094,0.5132,25
noise,1,1,linear,Ca H,0.398,0.0044,0.00441,8.798e-05,0,0,0.973,25
noise,1,1,linear,Ca K,0.3214,0.005327,0.005338,0.0001072,0,0,0.9727,25
noise,1,1,linear,G band,0.2075,0.001014,0.001005,1.071e-05,0,0,0.9891,25
noise,1,1,linear,H alpha,0.1032,4.982e-05,0,0,0,,,25
noise,1,1,linear,H beta,0.1302,0.0004966,0.0004467,9.16e-06,0,0,0.9798,25
noise,1,1,linear,H2O,0.4334,0.0001044,0,0,0,0,1,25
noise,1,1,linear,Mg b,0.1037,0.00025,0.0001803,3.514e-05,0,0,0.9204,25
noise,1,1,linear,Na D,0.08861,0.0001262,0,3.303e-06,0,0,0.9343,25
noise,1,1,linear,O2 A,0.6934,0.0001091,0,0,0,0,1,25
noise,1,1,linear,O2 B,0.2464,8.467e-05,0,1.023e-05,0,0,0.7577,25
noise,1,1,linear,all,,0.0004372,0.0004072,2.018e-05,0,0,0.9641,25
noise,1,1,ruddick2023,Ca H,0.398,0.004713,0.004724,8.798e-05,-0.07468,-0.07479,0.973,25
noise,1,1,ruddick2023,Ca K,0.3214,0.00571,0.005722,0.0001072,-0.0754,-0.07544,0.9727,25
noise,1,1,ruddick2023,G band,0.2075,0.001062,0.001052,1.071e-05,-0.04987,-0.05029,0.9891,25
noise,1,1,ruddick2023,H alpha,0.1032,5.272e-05,0,0,-0.1059,,,25
noise,1,1,ruddick2023,H beta,0.1302,0.0004986,0.0004383,9.16e-06,-0.004002,0.001428,0.9798,25
noise,1,1,ruddick2023,H2O,0.4334,0.000111,0,0,-0.004339,0.0603,1,25
noise,1,1,ruddick2023,Mg b,0.1037,0.0002555,0.000182,3.514e-05,-0.02537,-0.02116,0.9204,25
noise,1,1,ruddick2023,Na D,0.08861,0.0001326,0,3.303e-06,-0.08005,-0.1199,0.9343,25
noise,1,1,ruddick2023,O2 A,0.6934,0.0001316,0,0,-0.2046,-0.494,1,25
noise,1,1,ruddick2023,O2 B,0.2464,9.907e-05,0,1.023e-05,-0.1719,-0.209,0.7577,25
noise,1,1,ruddick2023,all,,0.0004553,0.0004225,2.018e-05,-0.04664,-0.04634,0.9641,25
noise,1,1,srf,Ca H,0.398,0.0004109,0.0003934,8.798e-05,0.9116,0.9122,0.973,25
noise,1,1,srf,Ca K,0.3214,0.0004358,0.0004107,0.0001072,0.9181,0.9203,0.9727,25
noise,1,1,srf,G band,0.2075,0.0001934,0.0001506,1.071e-05,0.8607,0.9051,0.9891,25
noise,1,1,srf,H alpha,0.1032,3.025e-05,0,0,0.4632,,,25
noise,1,1,srf,H beta,0.1302,0.0001351,8.376e-05,9.16e-06,0.7627,0.8249,0.9798,25
noise,1,1,srf,H2O,0.4334,9.511e-05,0,0,0.02356,-0.4395,1,25
noise,1,1,srf,Mg b,0.1037,8.017e-05,3.464e-05,3.514e-05,0.6865,0.8022,0.9204,25
noise,1,1,srf,Na D,0.08861,5.852e-05,0,3.303e-06,0.6651,1,0.9343,25
noise,1,1,srf,O2 A,0.6934,3.766e-05,0,0,0.5758,1,1,25
noise,1,1,srf,O2 B,0.2464,4.12e-05,0,1.023e-05,0.7336,1,0.7577,25
noise,1,1,srf,all,,0.0001115,6.322e-05,2.018e-05,0.7965,0.9021,0.9641,25
noise,1,5,linear,Ca H,0.398,0.0002007,0.0002158,3.528e-05,0,0,0.8622,25
noise,1,5,linear,Ca K,0.3214,0.0002304,0.0002482,4.238e-05,0,0,0.8563,25
noise,1,5,linear,G band,0.2075,4.526e-05,4.355e-05,0,0,0,1,25
noise,1,5,linear,H alpha,0.1032,2.067e-06,0,0,0,,,25
noise,1,5,linear,H beta,0.1302,2.272e-05,2.22e-05,0,0,0,1,25
noise,1,5,linear,H2O,0.4334,4.585e-06,0,0,0,,,25
noise,1,5,linear,Mg b,0.1037,1.302e-05,2.361e-05,2.61e-05,0,0,-0.05271,25
noise,1,5,linear,Na D,0.08861,5.402e-06,0,0,0,0,0.5507,25
noise,1,5,linear,O2 A,0.6934,3.896e-06,0,0,0,,,25
noise,1,5,linear,O2 B,0.2464,3.909e-06,0,0,0,0,0.246,25
noise,1,5,linear,all,,2.477e-05,2.462e-05,8.899e-06,0,0,0.6128,25
noise,1,5,ruddick2023,Ca H,0.398,0.0002144,0.0002294,3.528e-05,-0.07184,-0.0686,0.8622,25
noise,1,5,ruddick2023,Ca K,0.3214,0.0002464,0.0002641,4.238e-05,-0.07319,-0.06995,0.8563,25
noise,1,5,ruddick2023,G band,0.2075,4.724e-05,4.548e-05,0,-0.0445,-0.04533,1,25
noise,1,5,ruddick2023,H alpha,0.1032,2.168e-06,0,0,-0.09322,,,25
noise,1,5,ruddick2023,H beta,0.1302,2.279e-05,2.203e-05,0,-0.00357,0.00775,1,25
noise,1,5,ruddick2023,H2O,0.4334,4.85e-06,0,0,-0.00343,,,25
noise,1,5,ruddick2023,Mg b,0.1037,1.332e-05,2.346e-05,2.61e-05,-0.02297,0.003863,-0.05271,25
noise,1,5,ruddick2023,Na D,0.08861,5.63e-06,0,0,-0.07176,-0.1997,0.5507,25
noise,1,5,ruddick2023,O2 A,0.6934,4.556e-06,0,0,-0.1821,,,25
noise,1,5,ruddick2023,O2 B,0.2464,4.354e-06,0,0,-0.1369,-0.04171,0.246,25
noise,1,5,ruddick2023,all,,2.606e-05,2.573e-05,8.899e-06,-0.0521,-0.04714,0.6128,25
noise,1,5,srf,Ca H,0.398,1.628e-05,3.294e-05,3.528e-05,0.9189,0.841,0.8622,25
noise,1,5,srf,Ca K,0.3214,1.818e-05,3.543e-05,4.238e-05,0.9303,0.8389,0.8563,25
noise,1,5,srf,G band,0.2075,7.344e-06,0,0,0.8769,1,1,25
noise,1,5,srf,H alpha,0.1032,1.364e-06,0,0,0.5531,,,25
noise,1,5,srf,H beta,0.1302,5.141e-06,0,0,0.7888,1,1,25
noise,1,5,srf,H2O,0.4334,3.231e-06,0,0,0.01837,,,25
noise,1,5,srf,Mg b,0.1037,3.17e-06,2.618e-05,2.61e-05,0.7838,-0.02115,-0.05271,25
noise,1,5,srf,Na D,0.08861,2.009e-06,0,0,0.6657,0.4013,0.5507,25
noise,1,5,srf,O2 A,0.6934,1.673e-06,0,0,0.5891,,,25
noise,1,5,srf,O2 B,0.2464,1.558e-06,0,0,0.7211,0.2449,0.246,25
noise,1,5,srf,all,,4.195e-06,8.625e-06,8.899e-06,0.8408,0.614,0.6128,25
realistic,0,1,linear,Ca H,0.398,0.0004545,0.0004433,8.798e-05,0,0,0.8162,25
realistic,0,1,linear,Ca K,0.3214,0.0004693,0.0004906,0.0001072,0,0,0.7851,25
realistic,0,1,linear,G band,0.2075,0.0001696,0.0001391,1.071e-05,0,0,0.9283,25
realistic,0,1,linear,H alpha,0.1032,3.016e-05,0,0,0,,,25
realistic,0,1,linear,H beta,0.1302,0.0001326,8.842e-05,9.16e-06,0,0,0.9651,25
realistic,0,1,linear,H2O,0.4334,9.751e-05,0,0,0,0,1,25
realistic,0,1,linear,Mg b,0.1037,8.402e-05,4.406e-05,3.514e-05,0,0,0.6518,25
realistic,0,1,linear,Na D,0.08861,5.214e-05,0,3.303e-06,0,0,0.6728,25
realistic,0,1,linear,O2 A,0.6934,3.935e-05,0,0,0,0,1,25
realistic,0,1,linear,O2 B,0.2464,3.589e-05,0,1.023e-05,0,0,-1.029,25
realistic,0,1,linear,all,,0.000122,7.986e-05,2.018e-05,0,0,0.79,25
realistic,0,1,ruddick2023,Ca H,0.398,0.0004589,0.00045,8.798e-05,0.02094,0.01529,0.8162,25
realistic,0,1,ruddick2023,Ca K,0.3214,0.0005028,0.0004751,0.0001072,0.02407,0.02323,0.7851,25
realistic,0,1,ruddick2023,G band,0.2075,0.0001747,0.0001379,1.071e-05,0.003034,-0.0003443,0.9283,25
realistic,0,1,ruddick2023,H alpha,0.1032,3.011e-05,0,0,0.002809,,,25
realistic,0,1,ruddick2023,H beta,0.1302,0.0001326,8.82e-05,9.16e-06,-0.0002351,-0.0006731,0.9651,25
realistic,0,1,ruddick2023,H2O,0.4334,9.76e-05,0,0,-0.001202,-0.002148,1,25
realistic,0,1,ruddick2023,Mg b,0.1037,8.418e-05,4.371e-05,3.514e-05,-0.000241,0.004693,0.6518,25
realistic,0,1,ruddick2023,Na D,0.08861,5.169e-05,0,3.303e-06,0.005053,0.0222,0.6728,25
realistic,0,1,ruddick2023,O2 A,0.6934,4.026e-05,0,0,-0.005979,0.0232,1,25
realistic,0,1,ruddick2023,O2 B,0.2464,3.569e-05,0,1.023e-05,0.005945,-0.2424,-1.029,25
realistic,0,1,ruddick2023,all,,0.0001215,8.197e-05,2.018e-05,0.0009573,-0.005071,0.79,25
realistic,0,1,srf,Ca H,0.398,0.0005097,0.0004625,8.798e-05,-0.007754,-0.04326,0.8162,25
realistic,0,1,srf,Ca K,0.3214,0.0005022,0.0005185,0.0001072,0.002371,-0.03005,0.7851,25
realistic,0,1,srf,G band,0.2075,0.0001899,0.0001749,1.071e-05,-0.006446,-0.01549,0.9283,25
realistic,0,1,srf,H alpha,0.1032,3.007e-05,0,0,0.002875,,,25
realistic,0,1,srf,H beta,0.1302,0.0001328,8.698e-05,9.16e-06,-0.006549,-0.02461,0.9651,25
realistic,0,1,srf,H2O,0.4334,9.767e-05,0,0,-0.002183,-0.004547,1,25
realistic,0,1,srf,Mg b,0.1037,8.502e-05,4.401e-05,3.514e-05,-0.008186,0.004674,0.6518,25
realistic,0,1,srf,Na D,0.08861,5.134e-05,0,3.303e-06,0.002114,0.0007495,0.6728,25
realistic,0,1,srf,O2 A,0.6934,4.419e-05,0,0,-0.01123,0.04727,1,25
realistic,0,1,srf,O2 B,0.2464,3.562e-05,0,1.023e-05,0.01083,-0.446,-1.029,25
realistic,0,1,srf,all,,0.0001204,8.033e-05,2.018e-05,-0.007244,-0.03841,0.79,25
realistic,0,5,linear,Ca H,0.398,2.243e-05,3.22e-05,3.528e-05,0,0,0.2083,25
realistic,0,5,linear,Ca K,0.3214,2.465e-05,3.796e-05,4.238e-05,0,0,0.1789,25
realistic,0,5,linear,G band,0.2075,9.049e-06,0,0,0,0,0.6032,25
realistic,0,5,linear,H alpha,0.1032,1.371e-06,0,0,0,,,25
realistic,0,5,linear,H beta,0.1302,5.495e-06,1.948e-06,0,0,0,1,25
realistic,0,5,linear,H2O,0.4334,3.599e-06,0,0,0,0,1,25
realistic,0,5,linear,Mg b,0.1037,3.014e-06,2.594e-05,2.61e-05,0,0,-0.03154,25
realistic,0,5,linear,Na D,0.08861,2.359e-06,0,0,0,0,-0.06076,25
realistic,0,5,linear,O2 A,0.6934,1.964e-06,0,0,0,,,25
realistic,0,5,linear,O2 B,0.2464,1.5e-06,0,0,0,0,-0.0133,25
realistic,0,5,linear,all,,5.806e-06,8.17e-06,8.899e-06,0,0,-0.0004465,25
realistic,0,5,ruddick2023,Ca H,0.398,2.276e-05,3.384e-05,3.528e-05,0.03148,-0.02393,0.2083,25
realistic,0,5,ruddick2023,Ca K,0.3214,2.29e-05,3.972e-05,4.238e-05,0.04634,-0.01494,0.1789,25
realistic,0,5,ruddick2023,G band,0.2075,9.233e-06,0,0,-0.003245,-0.009564,0.6032,25
realistic,0,5,ruddick2023,H alpha,0.1032,1.372e-06,0,0,0.004892,,,25
realistic,0,5,ruddick2023,H beta,0.1302,5.48e-06,1.976e-06,0,0.0004471,-0.005269,1,25
realistic,0,5,ruddick2023,H2O,0.4334,3.613e-06,0,0,-0.001082,-0.004463,1,25
realistic,0,5,ruddick2023,Mg b,0.1037,3.028e-06,2.592e-05,2.61e-05,0.003047,0.0007801,-0.03154,25
realistic,0,5,ruddick2023,Na D,0.08861,2.344e-06,0,0,0.005897,0.1112,-0.06076,25
realistic,0,5,ruddick2023,O2 A,0.6934,1.961e-06,0,0,-0.0112,,,25
realistic,0,5,ruddick2023,O2 B,0.2464,1.49e-06,0,0,0.0141,-0.01588,-0.0133,25
realistic,0,5,ruddick2023,all,,5.96e-06,8.255e-06,8.899e-06,0.00346,-0.005314,-0.0004465,25
realistic,0,5,srf,Ca H,0.398,2.186e-05,3.817e-05,3.528e-05,0.00862,-0.07277,0.2083,25
realistic,0,5,srf,Ca K,0.3214,2.133e-05,4.349e-05,4.238e-05,0.08896,-0.05047,0.1789,25
realistic,0,5,srf,G band,0.2075,9.829e-06,2.091e-06,0,-0.04406,-0.08906,0.6032,25
realistic,0,5,srf,H alpha,0.1032,1.373e-06,0,0,0.001026,,,25
realistic,0,5,srf,H beta,0.1302,5.538e-06,2.4e-06,0,-0.02412,-0.09725,1,25
realistic,0,5,srf,H2O,0.4334,3.626e-06,0,0,-0.001974,-0.008312,1,25
realistic,0,5,srf,Mg b,0.1037,3.157e-06,2.583e-05,2.61e-05,0.001064,0.004441,-0.03154,25
realistic,0,5,srf,Na D,0.08861,2.337e-06,0,0,-0.003718,0.2881,-0.06076,25
realistic,0,5,srf,O2 A,0.6934,2.061e-06,0,0,-0.03496,,,25
realistic,0,5,srf,O2 B,0.2464,1.496e-06,0,0,0.01708,-0.03028,-0.0133,25
realistic,0,5,srf,all,,6.232e-06,8.391e-06,8.899e-06,-0.01817,-0.02058,-0.0004465,25
realistic,0.05,1,linear,Ca H,0.398,0.0004741,0.0004487,8.798e-05,0,0,0.8265,25
realistic,0.05,1,linear,Ca K,0.3214,0.0004953,0.0004674,0.0001072,0,0,0.795,25
realistic,0.05,1,linear,G band,0.2075,0.000184,0.0001456,1.071e-05,0,0,0.9355,25
realistic,0.05,1,linear,H alpha,0.1032,3.012e-05,0,0,0,,,25
realistic,0.05,1,linear,H beta,0.1302,0.0001328,8.887e-05,9.16e-06,0,0,0.9649,25
realistic,0.05,1,linear,H2O,0.4334,9.754e-05,0,0,0,0,1,25
realistic,0.05,1,linear,Mg b,0.1037,8.473e-05,4.366e-05,3.514e-05,0,0,0.6555,25
realistic,0.05,1,linear,Na D,0.08861,5.185e-05,0,3.303e-06,0,0,0.6809,25
realistic,0.05,1,linear,O2 A,0.6934,4.019e-05,0,0,0,0,1,25
realistic,0.05,1,linear,O2 B,0.2464,3.568e-05,0,1.023e-05,0,0,-0.7089,25
realistic,0.05,1,linear,all,,0.0001209,8.087e-05,2.018e-05,0,0,0.7893,25
realistic,0.05,1,ruddick2023,Ca H,0.398,0.0005146,0.000476,8.798e-05,-0.04255,-0.04875,0.8265,25
realistic,0.05,1,ruddick2023,Ca K,0.3214,0.0005093,0.0005262,0.0001072,-0.04483,-0.05673,0.795,25
realistic,0.05,1,ruddick2023,G band,0.2075,0.0001912,0.0001775,1.071e-05,-0.0145,-0.02501,0.9355,25
realistic,0.05,1,ruddick2023,H alpha,0.1032,3.007e-05,0,0,0.0003175,,,25
realistic,0.05,1,ruddick2023,H beta,0.1302,0.0001329,8.837e-05,9.16e-06,-0.0006822,-0.0006396,0.9649,25
realistic,0.05,1,ruddick2023,H2O,0.4334,9.768e-05,0,0,-0.001265,-0.001967,1,25
realistic,0.05,1,ruddick2023,Mg b,0.1037,8.5e-05,4.391e-05,3.514e-05,-0.002548,0.0008601,0.6555,25
realistic,0.05,1,ruddick2023,Na D,0.08861,5.142e-05,0,3.303e-06,-0.0006688,0.0006464,0.6809,25
realistic,0.05,1,ruddick2023,O2 A,0.6934,4.416e-05,0,0,-0.008872,0.02668,1,25
realistic,0.05,1,ruddick2023,O2 B,0.2464,3.559e-05,0,1.023e-05,0.005517,-0.1945,-0.7089,25
realistic,0.05,1,ruddick2023,all,,0.0001203,8.078e-05,2.018e-05,-0.006007,-0.02613,0.7893,25
realistic,0.05,1,srf,Ca H,0.398,0.0005146,0.000476,8.798e-05,-0.04255,-0.04875,0.8265,25
realistic,0.05,1,srf,Ca K,0.3214,0.0005093,0.0005262,0.0001072,-0.04483,-0.05673,0.795,25
realistic,0.05,1,srf,G band,0.2075,0.0001912,0.0001775,1.071e-05,-0.0145,-0.02501,0.9355,25
realistic,0.05,1,srf,H alpha,0.1032,3.007e-05,0,0,0.0003175,,,25
realistic,0.05,1,srf,H beta,0.1302,0.0001329,8.837e-05,9.16e-06,-0.0006822,-0.0006396,0.9649,25
realistic,0.05,1,srf,H2O,0.4334,9.768e-05,0,0,-0.001265,-0.001967,1,25
realistic,0.05,1,srf,Mg b,0.1037,8.5e-05,4.391e-05,3.514e-05,-0.002548,0.0008601,0.6555,25
realistic,0.05,1,srf,Na D,0.08861,5.142e-05,0,3.303e-06,-0.0006688,0.0006464,0.6809,25
realistic,0.05,1,srf,O2 A,0.6934,4.416e-05,0,0,-0.008872,0.02668,1,25
realistic,0.05,1,srf,O2 B,0.2464,3.559e-05,0,1.023e-05,0.005517,-0.1945,-0.7089,25
realistic,0.05,1,srf,all,,0.0001203,8.078e-05,2.018e-05,-0.006007,-0.02613,0.7893,25
realistic,0.05,5,linear,Ca H,0.398,2.191e-05,3.599e-05,3.528e-05,0,0,0.265,25
realistic,0.05,5,linear,Ca K,0.3214,2.173e-05,4.189e-05,4.238e-05,0,0,0.2336,25
realistic,0.05,5,linear,G band,0.2075,9.58e-06,1.188e-06,0,0,0,1,25
realistic,0.05,5,linear,H alpha,0.1032,1.371e-06,0,0,0,,,25
realistic,0.05,5,linear,H beta,0.1302,5.553e-06,2.446e-06,0,0,0,1,25
realistic,0.05,5,linear,H2O,0.4334,3.611e-06,0,0,0,0,1,25
realistic,0.05,5,linear,Mg b,0.1037,3.136e-06,2.584e-05,2.61e-05,0,0,-0.03631,25
realistic,0.05,5,linear,Na D,0.08861,2.354e-06,0,0,0,0,0.001747,25
realistic,0.05,5,linear,O2 A,0.6934,1.959e-06,0,0,0,,,25
realistic,0.05,5,linear,O2 B,0.2464,1.481e-06,0,0,0,0,0.001251,25
realistic,0.05,5,linear,all,,6.063e-06,8.292e-06,8.899e-06,0,0,-0.002063,25
realistic,0.05,5,ruddick2023,Ca H,0.398,2.217e-05,3.829e-05,3.528e-05,-0.028,-0.03672,0.265,25
realistic,0.05,5,ruddick2023,Ca K,0.3214,2.188e-05,4.365e-05,4.238e-05,-0.00859,-0.02875,0.2336,25
realistic,0.05,5,ruddick2023,G band,0.2075,9.893e-06,2.234e-06,0,-0.03273,-0.08117,1,25
realistic,0.05,5,ruddick2023,H alpha,0.1032,1.372e-06,0,0,-0.001183,,,25
realistic,0.05,5,ruddick2023,H beta,0.1302,5.557e-06,2.437e-06,0,-0.0007469,-0.002485,1,25
realistic,0.05,5,ruddick2023,H2O,0.4334,3.626e-06,0,0,-0.001092,-0.003503,1,25
realistic,0.05,5,ruddick2023,Mg b,0.1037,3.166e-06,2.582e-05,2.61e-05,-0.003639,0.001122,-0.03631,25
realistic,0.05,5,ruddick2023,Na D,0.08861,2.341e-06,0,0,-0.003734,0.09844,0.001747,25
realistic,0.05,5,ruddick2023,O2 A,0.6934,2.06e-06,0,0,-0.0204,,,25
realistic,0.05,5,ruddick2023,O2 B,0.2464,1.495e-06,0,0,0.004948,-0.01621,0.001251,25
realistic,0.05,5,ruddick2023,all,,6.264e-06,8.403e-06,8.899e-06,-0.01012,-0.01311,-0.002063,25
realistic,0.05,5,srf,Ca H,0.398,2.217e-05,3.829e-05,3.528e-05,-0.028,-0.03672,0.265,25
realistic,0.05,5,srf,Ca K,0.3214,2.188e-05,4.365e-05,4.238e-05,-0.00859,-0.02875,0.2336,25
realistic,0.05,5,srf,G band,0.2075,9.893e-06,2.234e-06,0,-0.03273,-0.08117,1,25
realistic,0.05,5,srf,H alpha,0.1032,1.372e-06,0,0,-0.001183,,,25
realistic,0.05,5,srf,H beta,0.1302,5.557e-06,2.437e-06,0,-0.0007469,-0.002485,1,25
realistic,0.05,5,srf,H2O,0.4334,3.626e-06,0,0,-0.001092,-0.003503,1,25
realistic,0.05,5,srf,Mg b,0.1037,3.166e-06,2.582e-05,2.61e-05,-0.003639,0.001122,-0.03631,25
realistic,0.05,5,srf,Na D,0.08861,2.341e-06,0,0,-0.003734,0.09844,0.001747,25
realistic,0.05,5,srf,O2 A,0.6934,2.06e-06,0,0,-0.0204,,,25
realistic,0.05,5,srf,O2 B,0.2464,1.495e-06,0,0,0.004948,-0.01621,0.001251,25
realistic,0.05,5,srf,all,,6.264e-06,8.403e-06,8.899e-06,-0.01012,-0.01311,-0.002063,25
realistic,0.1,1,linear,Ca H,0.398,0.0005243,0.0005328,8.798e-05,0,0,0.8399,25
realistic,0.1,1,linear,Ca K,0.3214,0.0005617,0.0005565,0.0001072,0,0,0.8216,25
realistic,0.1,1,linear,G band,0.2075,0.000203,0.0001907,1.071e-05,0,0,0.9428,25
realistic,0.1,1,linear,H alpha,0.1032,3.008e-05,0,0,0,,,25
realistic,0.1,1,linear,H beta,0.1302,0.0001358,9.113e-05,9.16e-06,0,0,0.9649,25
realistic,0.1,1,linear,H2O,0.4334,9.761e-05,0,0,0,0,1,25
realistic,0.1,1,linear,Mg b,0.1037,8.603e-05,4.56e-05,3.514e-05,0,0,0.6686,25
realistic,0.1,1,linear,Na D,0.08861,5.165e-05,0,3.303e-06,0,0,0.6985,25
realistic,0.1,1,linear,O2 A,0.6934,4.401e-05,0,0,0,0,1,25
realistic,0.1,1,linear,O2 B,0.2464,3.554e-05,0,1.023e-05,0,0,-0.4747,25
realistic,0.1,1,linear,all,,0.0001214,8.607e-05,2.018e-05,0,0,0.8004,25
realistic,0.1,1,ruddick2023,Ca H,0.398,0.0005624,0.0006031,8.798e-05,-0.085,-0.09133,0.8399,25
realistic,0.1,1,ruddick2023,Ca K,0.3214,0.0006563,0.0006264,0.0001072,-0.1005,-0.1014,0.8216,25
realistic,0.1,1,ruddick2023,G band,0.2075,0.0002122,0.0002009,1.071e-05,-0.03299,-0.0487,0.9428,25
realistic,0.1,1,ruddick2023,H alpha,0.1032,3.003e-05,0,0,-0.002966,,,25
realistic,0.1,1,ruddick2023,H beta,0.1302,0.000136,9.032e-05,9.16e-06,-0.001162,-8.428e-05,0.9649,25
realistic,0.1,1,ruddick2023,H2O,0.4334,9.779e-05,0,0,-0.001323,-0.001638,1,25
realistic,0.1,1,ruddick2023,Mg b,0.1037,8.643e-05,4.588e-05,3.514e-05,-0.003864,-0.003309,0.6686,25
realistic,0.1,1,ruddick2023,Na D,0.08861,5.125e-05,0,3.303e-06,-0.00601,-0.02451,0.6985,25
realistic,0.1,1,ruddick2023,O2 A,0.6934,4.559e-05,0,0,-0.01157,0.03048,1,25
realistic,0.1,1,ruddick2023,O2 B,0.2464,3.556e-05,0,1.023e-05,-0.002176,-0.1678,-0.4747,25
realistic,0.1,1,ruddick2023,all,,0.0001241,9.299e-05,2.018e-05,-0.01187,-0.03875,0.8004,25
realistic,0.1,1,srf,Ca H,0.398,0.00052,0.0004936,8.798e-05,0.02752,0.03369,0.8399,25
realistic,0.1,1,srf,Ca K,0.3214,0.0005172,0.0005349,0.0001072,0.03639,0.0388,0.8216,25
realistic,0.1,1,srf,G band,0.2075,0.0001926,0.0001792,1.071e-05,0.0204,0.03659,0.9428,25
realistic,0.1,1,srf,H alpha,0.1032,3.007e-05,0,0,0.0002534,,,25
realistic,0.1,1,srf,H beta,0.1302,0.0001331,8.985e-05,9.16e-06,0.01683,0.0392,0.9649,25
realistic,0.1,1,srf,H2O,0.4334,9.768e-05,0,0,-0.0002621,-0.001231,1,25
realistic,0.1,1,srf,Mg b,0.1037,8.498e-05,4.38e-05,3.514e-05,0.01225,0.01572,0.6686,25
realistic,0.1,1,srf,Na D,0.08861,5.151e-05,0,3.303e-06,0.002629,0.01262,0.6985,25
realistic,0.1,1,srf,O2 A,0.6934,4.412e-05,0,0,-0.002371,-0.001491,1,25
realistic,0.1,1,srf,O2 B,0.2464,3.556e-05,0,1.023e-05,0.0008246,-0.02744,-0.4747,25
realistic,0.1,1,srf,all,,0.0001205,8.127e-05,2.018e-05,0.01406,0.03065,0.8004,25
realistic,0.1,5,linear,Ca H,0.398,2.279e-05,3.973e-05,3.528e-05,0,0,0.266,25
realistic,0.1,5,linear,Ca K,0.3214,2.258e-05,4.519e-05,4.238e-05,0,0,0.2533,25
realistic,0.1,5,linear,G band,0.2075,1.04e-05,2.945e-06,0,0,0,1,25
realistic,0.1,5,linear,H alpha,0.1032,1.372e-06,0,0,0,,,25
realistic,0.1,5,linear,H beta,0.1302,5.816e-06,3.025e-06,0,0,0,1,25
realistic,0.1,5,linear,H2O,0.4334,3.623e-06,0,0,0,0,1,25
realistic,0.1,5,linear,Mg b,0.1037,3.323e-06,2.575e-05,2.61e-05,0,0,-0.04019,25
realistic,0.1,5,linear,Na D,0.08861,2.354e-06,0,0,0,0,-0.2167,25
realistic,0.1,5,linear,O2 A,0.6934,2.051e-06,0,0,0,,,25
realistic,0.1,5,linear,O2 B,0.2464,1.493e-06,0,0,0,0,0.01548,25
realistic,0.1,5,linear,all,,6.424e-06,8.628e-06,8.899e-06,0,0,0.0342,25
realistic,0.1,5,ruddick2023,Ca H,0.398,2.509e-05,4.193e-05,3.528e-05,-0.08344,-0.05319,0.266,25
realistic,0.1,5,ruddick2023,Ca K,0.3214,2.531e-05,4.753e-05,4.238e-05,-0.07435,-0.04621,0.2533,25
realistic,0.1,5,ruddick2023,G band,0.2075,1.083e-05,3.582e-06,0,-0.04571,-0.1117,1,25
realistic,0.1,5,ruddick2023,H alpha,0.1032,1.374e-06,0,0,-0.006661,,,25
realistic,0.1,5,ruddick2023,H beta,0.1302,5.815e-06,3.001e-06,0,-0.001518,-0.001501,1,25
realistic,0.1,5,ruddick2023,H2O,0.4334,3.638e-06,0,0,-0.001104,-0.002456,1,25
realistic,0.1,5,ruddick2023,Mg b,0.1037,3.404e-06,2.573e-05,2.61e-05,-0.01001,0.001185,-0.04019,25
realistic,0.1,5,ruddick2023,Na D,0.08861,2.345e-06,0,0,-0.008401,0.1389,-0.2167,25
realistic,0.1,5,ruddick2023,O2 A,0.6934,2.085e-06,0,0,-0.02246,,,25
realistic,0.1,5,ruddick2023,O2 B,0.2464,1.512e-06,0,0,-0.008792,-0.01657,0.01548,25
realistic,0.1,5,ruddick2023,all,,6.671e-06,8.775e-06,8.899e-06,-0.02431,-0.01709,0.0342,25
realistic,0.1,5,srf,Ca H,0.398,2.257e-05,3.842e-05,3.528e-05,0.009618,0.01966,0.266,25
realistic,0.1,5,srf,Ca K,0.3214,2.248e-05,4.384e-05,4.238e-05,-0.002901,0.01506,0.2533,25
realistic,0.1,5,srf,G band,0.2075,9.96e-06,2.378e-06,0,0.04214,0.08376,1,25
realistic,0.1,5,srf,H alpha,0.1032,1.372e-06,0,0,0.001332,,,25
realistic,0.1,5,srf,H beta,0.1302,5.576e-06,2.475e-06,0,0.04201,0.08214,1,25
realistic,0.1,5,srf,H2O,0.4334,3.625e-06,0,0,-0.0002478,-0.0009362,1,25
realistic,0.1,5,srf,Mg b,0.1037,3.175e-06,2.582e-05,2.61e-05,0.01951,-0.002961,-0.04019,25
realistic,0.1,5,srf,Na D,0.08861,2.346e-06,0,0,0.005792,-0.06015,-0.2167,25
realistic,0.1,5,srf,O2 A,0.6934,2.059e-06,0,0,-0.004924,,,25
realistic,0.1,5,srf,O2 B,0.2464,1.494e-06,0,0,0.001158,-0.002472,0.01548,25
realistic,0.1,5,srf,all,,6.298e-06,8.419e-06,8.899e-06,0.02921,0.007086,0.0342,25
realistic,0.2,1,linear,Ca H,0.398,0.0007757,0.0007407,8.798e-05,0,0,0.8588,25
realistic,0.2,1,linear,Ca K,0.3214,0.0009309,0.0008952,0.0001072,0,0,0.8501,25
realistic,0.2,1,linear,G band,0.2075,0.0002532,0.0002447,1.071e-05,0,0,0.9554,25
realistic,0.2,1,linear,H alpha,0.1032,3e-05,0,0,0,,,25
realistic,0.2,1,linear,H beta,0.1302,0.0001483,0.0001103,9.16e-06,0,0,0.9661,25
realistic,0.2,1,linear,H2O,0.4334,9.786e-05,0,0,0,0,1,25
realistic,0.2,1,linear,Mg b,0.1037,9.059e-05,5.124e-05,3.514e-05,0,0,0.7077,25
realistic,0.2,1,linear,Na D,0.08861,5.157e-05,0,3.303e-06,0,0,0.7336,25
realistic,0.2,1,linear,O2 A,0.6934,4.6e-05,0,0,0,0,1,25
realistic,0.2,1,linear,O2 B,0.2464,3.551e-05,0,1.023e-05,0,0,-0.151,25
realistic,0.2,1,linear,all,,0.0001366,9.998e-05,2.018e-05,0,0,0.8419,25
realistic,0.2,1,ruddick2023,Ca H,0.398,0.0008786,0.0008609,8.798e-05,-0.1211,-0.1265,0.8588,25
realistic,0.2,1,ruddick2023,Ca K,0.3214,0.00106,0.00104,0.0001072,-0.1322,-0.1305,0.8501,25
realistic,0.2,1,ruddick2023,G band,0.2075,0.0002659,0.0002581,1.071e-05,-0.056,-0.06835,0.9554,25
realistic,0.2,1,ruddick2023,H alpha,0.1032,3.045e-05,0,0,-0.008534,,,25
realistic,0.2,1,ruddick2023,H beta,0.1302,0.0001486,0.0001097,9.16e-06,-0.002041,0.0002184,0.9661,25
realistic,0.2,1,ruddick2023,H2O,0.4334,9.816e-05,0,0,-0.001434,-0.0002884,1,25
realistic,0.2,1,ruddick2023,Mg b,0.1037,9.13e-05,5.234e-05,3.514e-05,-0.008255,-0.009468,0.7077,25
realistic,0.2,1,ruddick2023,Na D,0.08861,5.152e-05,0,3.303e-06,-0.01519,-0.06825,0.7336,25
realistic,0.2,1,ruddick2023,O2 A,0.6934,4.665e-05,0,0,-0.02298,0.03913,1,25
realistic,0.2,1,ruddick2023,O2 B,0.2464,3.572e-05,0,1.023e-05,-0.03442,-0.1599,-0.151,25
realistic,0.2,1,ruddick2023,all,,0.0001407,0.000111,2.018e-05,-0.02797,-0.05815,0.8419,25
realistic,0.2,1,srf,Ca H,0.398,0.0005326,0.0005319,8.798e-05,0.2651,0.2921,0.8588,25
realistic,0.2,1,srf,Ca K,0.3214,0.0005355,0.0005559,0.0001072,0.321,0.3093,0.8501,25
realistic,0.2,1,srf,G band,0.2075,0.0001957,0.0001829,1.071e-05,0.1966,0.226,0.9554,25
realistic,0.2,1,srf,H alpha,0.1032,3.007e-05,0,0,0.01141,,,25
realistic,0.2,1,srf,H beta,0.1302,0.0001335,9.307e-05,9.16e-06,0.09197,0.1544,0.9661,25
realistic,0.2,1,srf,H2O,0.4334,9.769e-05,0,0,0.00169,-0.002244,1,25
realistic,0.2,1,srf,Mg b,0.1037,8.494e-05,4.441e-05,3.514e-05,0.06466,0.1255,0.7077,25
realistic,0.2,1,srf,Na D,0.08861,5.171e-05,0,3.303e-06,0.02943,0.1104,0.7336,25
realistic,0.2,1,srf,O2 A,0.6934,4.404e-05,0,0,0.0162,-0.09221,1,25
realistic,0.2,1,srf,O2 B,0.2464,3.549e-05,0,1.023e-05,0.00848,0.1925,-0.151,25
realistic,0.2,1,srf,all,,0.0001213,8.237e-05,2.018e-05,0.09591,0.206,0.8419,25
realistic,0.2,5,linear,Ca H,0.398,3.34e-05,4.815e-05,3.528e-05,0,0,0.4292,25
realistic,0.2,5,linear,Ca K,0.3214,3.569e-05,5.418e-05,4.238e-05,0,0,0.393,25
realistic,0.2,5,linear,G band,0.2075,1.275e-05,5.832e-06,0,0,0,1,25
realistic,0.2,5,linear,H alpha,0.1032,1.438e-06,0,0,0,,,25
realistic,0.2,5,linear,H beta,0.1302,6.695e-06,6.307e-06,0,0,0,1,25
realistic,0.2,5,linear,H2O,0.4334,3.648e-06,0,0,0,0,1,25
realistic,0.2,5,linear,Mg b,0.1037,4.14e-06,2.564e-05,2.61e-05,0,0,-0.05107,25
realistic,0.2,5,linear,Na D,0.08861,2.406e-06,0,0,0,0,0.1537,25
realistic,0.2,5,linear,O2 A,0.6934,2.1e-06,0,0,0,,,25
realistic,0.2,5,linear,O2 B,0.2464,1.529e-06,0,0,0,0,0.04189,25
realistic,0.2,5,linear,all,,7.434e-06,9.207e-06,8.899e-06,0,0,0.1141,25
realistic,0.2,5,ruddick2023,Ca H,0.398,3.87e-05,5.112e-05,3.528e-05,-0.1106,-0.07099,0.4292,25
realistic,0.2,5,ruddick2023,Ca K,0.3214,4.108e-05,5.728e-05,4.238e-05,-0.1256,-0.06599,0.393,25
realistic,0.2,5,ruddick2023,G band,0.2075,1.337e-05,6.638e-06,0,-0.0643,-0.1102,1,25
realistic,0.2,5,ruddick2023,H alpha,0.1032,1.451e-06,0,0,-0.01377,,,25
realistic,0.2,5,ruddick2023,H beta,0.1302,6.724e-06,6.288e-06,0,-0.002931,0.001351,1,25
realistic,0.2,5,ruddick2023,H2O,0.4334,3.665e-06,0,0,-0.001336,7.197e-05,1,25
realistic,0.2,5,ruddick2023,Mg b,0.1037,4.264e-06,2.563e-05,2.61e-05,-0.01694,0.001115,-0.05107,25
realistic,0.2,5,ruddick2023,Na D,0.08861,2.391e-06,0,0,-0.02919,0.02292,0.1537,25
realistic,0.2,5,ruddick2023,O2 A,0.6934,2.14e-06,0,0,-0.0437,,,25
realistic,0.2,5,ruddick2023,O2 B,0.2464,1.56e-06,0,0,-0.06038,-0.01742,0.04189,25
realistic,0.2,5,ruddick2023,all,,7.769e-06,9.316e-06,8.899e-06,-0.04505,-0.0241,0.1141,25
realistic,0.2,5,srf,Ca H,0.398,2.348e-05,3.873e-05,3.528e-05,0.2402,0.1757,0.4292,25
realistic,0.2,5,srf,Ca K,0.3214,2.383e-05,4.427e-05,4.238e-05,0.2271,0.1598,0.393,25
realistic,0.2,5,srf,G band,0.2075,1.01e-05,2.676e-06,0,0.2273,0.4317,1,25
realistic,0.2,5,srf,H alpha,0.1032,1.372e-06,0,0,0.01793,,,25
realistic,0.2,5,srf,H beta,0.1302,5.617e-06,2.555e-06,0,0.1665,0.3186,1,25
realistic,0.2,5,srf,H2O,0.4334,3.625e-06,0,0,0.001701,-0.003244,1,25
realistic,0.2,5,srf,Mg b,0.1037,3.194e-06,2.58e-05,2.61e-05,0.1251,-0.009549,-0.05107,25
realistic,0.2,5,srf,Na D,0.08861,2.355e-06,0,0,0.0558,-0.1261,0.1537,25
realistic,0.2,5,srf,O2 A,0.6934,2.058e-06,0,0,0.03197,,,25
realistic,0.2,5,srf,O2 B,0.2464,1.493e-06,0,0,0.02934,0.02414,0.04189,25
realistic,0.2,5,srf,all,,6.377e-06,8.464e-06,8.899e-06,0.1646,0.06831,0.1141,25
realistic,0.3,1,linear,Ca H,0.398,0.001085,0.00111,8.798e-05,0,0,0.8904,25
realistic,0.3,1,linear,Ca K,0.3214,0.001313,0.001344,0.0001072,0,0,0.8896,25
realistic,0.3,1,linear,G band,0.2075,0.0003168,0.0003108,1.071e-05,0,0,0.9649,25
realistic,0.3,1,linear,H alpha,0.1032,3.263e-05,0,0,0,,,25
realistic,0.3,1,linear,H beta,0.1302,0.0001623,0.000133,9.16e-06,0,0,0.937,25
realistic,0.3,1,linear,H2O,0.4334,9.83e-05,0,0,0,0,1,25
realistic,0.3,1,linear,Mg b,0.1037,9.797e-05,6.854e-05,3.514e-05,0,0,0.7264,25
realistic,0.3,1,linear,Na D,0.08861,5.25e-05,0,3.303e-06,0,0,0.7742,25
realistic,0.3,1,linear,O2 A,0.6934,4.713e-05,0,0,0,0,1,25
realistic,0.3,1,linear,O2 B,0.2464,3.581e-05,0,1.023e-05,0,0,0.08211,25
realistic,0.3,1,linear,all,,0.0001582,0.0001355,2.018e-05,0,0,0.8752,25
realistic,0.3,1,ruddick2023,Ca H,0.398,0.001189,0.001214,8.798e-05,-0.1133,-0.113,0.8904,25
realistic,0.3,1,ruddick2023,Ca K,0.3214,0.001439,0.00147,0.0001072,-0.1177,-0.1181,0.8896,25
realistic,0.3,1,ruddick2023,G band,0.2075,0.0003327,0.0003271,1.071e-05,-0.0611,-0.06696,0.9649,25
realistic,0.3,1,ruddick2023,H alpha,0.1032,3.26e-05,0,0,-0.01962,,,25
realistic,0.3,1,ruddick2023,H beta,0.1302,0.0001628,0.0001308,9.16e-06,-0.002786,0.000436,0.937,25
realistic,0.3,1,ruddick2023,H2O,0.4334,9.879e-05,0,0,-0.0016,-0.000641,1,25
realistic,0.3,1,ruddick2023,Mg b,0.1037,9.905e-05,6.908e-05,3.514e-05,-0.01139,-0.0134,0.7264,25
realistic,0.3,1,ruddick2023,Na D,0.08861,5.338e-05,0,3.303e-06,-0.03042,-0.08891,0.7742,25
realistic,0.3,1,ruddick2023,O2 A,0.6934,4.849e-05,0,0,-0.03635,0.04889,1,25
realistic,0.3,1,ruddick2023,O2 B,0.2464,3.643e-05,0,1.023e-05,-0.06822,-0.1494,0.08211,25
realistic,0.3,1,ruddick2023,all,,0.0001636,0.0001413,2.018e-05,-0.03735,-0.05662,0.8752,25
realistic,0.3,1,srf,Ca H,0.398,0.0005476,0.0005743,8.798e-05,0.4642,0.4643,0.8904,25
realistic,0.3,1,srf,Ca K,0.3214,0.0005624,0.0005821,0.0001072,0.5116,0.4996,0.8896,25
realistic,0.3,1,srf,G band,0.2075,0.0001993,0.0001871,1.071e-05,0.3708,0.4138,0.9649,25
realistic,0.3,1,srf,H alpha,0.1032,3.006e-05,0,0,0.02951,,,25
realistic,0.3,1,srf,H beta,0.1302,0.0001341,9.668e-05,9.16e-06,0.1973,0.2983,0.937,25
realistic,0.3,1,srf,H2O,0.4334,9.772e-05,0,0,0.004072,-0.01523,1,25
realistic,0.3,1,srf,Mg b,0.1037,8.49e-05,4.549e-05,3.514e-05,0.1477,0.2613,0.7264,25
realistic,0.3,1,srf,Na D,0.08861,5.195e-05,0,3.303e-06,0.09355,0.2911,0.7742,25
realistic,0.3,1,srf,O2 A,0.6934,4.396e-05,0,0,0.03989,-0.2735,1,25
realistic,0.3,1,srf,O2 B,0.2464,3.54e-05,0,1.023e-05,0.08111,0.3384,0.08211,25
realistic,0.3,1,srf,all,,0.0001223,8.365e-05,2.018e-05,0.2248,0.3919,0.8752,25
realistic,0.3,5,linear,Ca H,0.398,5.119e-05,5.867e-05,3.528e-05,0,0,0.5524,25
realistic,0.3,5,linear,Ca K,0.3214,5.616e-05,6.535e-05,4.238e-05,0,0,0.5095,25
realistic,0.3,5,linear,G band,0.2075,1.58e-05,1.399e-05,0,0,0,1,25
realistic,0.3,5,linear,H alpha,0.1032,1.516e-06,0,0,0,,,25
realistic,0.3,5,linear,H beta,0.1302,7.914e-06,8.061e-06,0,0,0,1,25
realistic,0.3,5,linear,H2O,0.4334,3.674e-06,0,0,0,0,1,25
realistic,0.3,5,linear,Mg b,0.1037,4.996e-06,2.556e-05,2.61e-05,0,0,-0.05781,25
realistic,0.3,5,linear,Na D,0.08861,2.42e-06,0,0,0,0,0.1156,25
realistic,0.3,5,linear,O2 A,0.6934,2.155e-06,0,0,0,,,25
realistic,0.3,5,linear,O2 B,0.2464,1.584e-06,0,0,0,0,0.06387,25
realistic,0.3,5,linear,all,,8.782e-06,1.093e-05,8.899e-06,0,0,0.2393,25
realistic,0.3,5,ruddick2023,Ca H,0.398,5.578e-05,6.339e-05,3.528e-05,-0.11,-0.08005,0.5524,25
realistic,0.3,5,ruddick2023,Ca K,0.3214,6.305e-05,6.97e-05,4.238e-05,-0.1161,-0.07728,0.5095,25
realistic,0.3,5,ruddick2023,G band,0.2075,1.658e-05,1.483e-05,0,-0.0646,-0.0978,1,25
realistic,0.3,5,ruddick2023,H alpha,0.1032,1.572e-06,0,0,-0.02202,,,25
realistic,0.3,5,ruddick2023,H beta,0.1302,7.938e-06,8.043e-06,0,-0.003454,0.003195,1,25
realistic,0.3,5,ruddick2023,H2O,0.4334,3.692e-06,0,0,-0.001481,0.003636,1,25
realistic,0.3,5,ruddick2023,Mg b,0.1037,5.102e-06,2.555e-05,2.61e-05,-0.02103,0.001115,-0.05781,25
realistic,0.3,5,ruddick2023,Na D,0.08861,2.425e-06,0,0,-0.04078,-0.01858,0.1156,25
realistic,0.3,5,ruddick2023,O2 A,0.6934,2.201e-06,0,0,-0.05585,,,25
realistic,0.3,5,ruddick2023,O2 B,0.2464,1.628e-06,0,0,-0.1154,-0.01847,0.06387,25
realistic,0.3,5,ruddick2023,all,,9.202e-06,1.146e-05,8.899e-06,-0.05143,-0.029,0.2393,25
realistic,0.3,5,srf,Ca H,0.398,2.459e-05,3.913e-05,3.528e-05,0.4351,0.3396,0.5524,25
realistic,0.3,5,srf,Ca K,0.3214,2.558e-05,4.48e-05,4.238e-05,0.4358,0.3019,0.5095,25
realistic,0.3,5,srf,G band,0.2075,1.026e-05,2.989e-06,0,0.3955,0.7008,1,25
realistic,0.3,5,srf,H alpha,0.1032,1.371e-06,0,0,0.04755,,,25
realistic,0.3,5,srf,H beta,0.1302,5.663e-06,2.641e-06,0,0.3032,0.5317,1,25
realistic,0.3,5,srf,H2O,0.4334,3.625e-06,0,0,0.00371,-0.01804,1,25
realistic,0.3,5,srf,Mg b,0.1037,3.215e-06,2.578e-05,2.61e-05,0.2469,-0.01601,-0.05781,25
realistic,0.3,5,srf,Na D,0.08861,2.366e-06,0,0,0.129,-0.186,0.1156,25
realistic,0.3,5,srf,O2 A,0.6934,2.056e-06,0,0,0.1028,,,25
realistic,0.3,5,srf,O2 B,0.2464,1.491e-06,0,0,0.1466,0.04968,0.06387,25
realistic,0.3,5,srf,all,,6.471e-06,8.528e-06,8.899e-06,0.3325,0.1367,0.2393,25
realistic,0.4,1,linear,Ca H,0.398,0.001424,0.001448,8.798e-05,0,0,0.916,25
realistic,0.4,1,linear,Ca K,0.3214,0.001725,0.001754,0.0001072,0,0,0.9154,25
realistic,0.4,1,linear,G band,0.2075,0.0003918,0.0003871,1.071e-05,0,0,0.9718,25
realistic,0.4,1,linear,H alpha,0.1032,3.263e-05,0,0,0,,,25
realistic,0.4,1,linear,H beta,0.1302,0.0001915,0.0001632,9.16e-06,0,0,0.9439,25
realistic,0.4,1,linear,H2O,0.4334,9.901e-05,0,0,0,0,1,25
realistic,0.4,1,linear,Mg b,0.1037,0.0001095,7.962e-05,3.514e-05,0,0,0.7817,25
realistic,0.4,1,linear,Na D,0.08861,5.506e-05,0,3.303e-06,0,0,0.8039,25
realistic,0.4,1,linear,O2 A,0.6934,5.121e-05,0,0,0,0,1,25
realistic,0.4,1,linear,O2 B,0.2464,3.748e-05,0,1.023e-05,0,0,0.2746,25
realistic,0.4,1,linear,all,,0.0001856,0.0001645,2.018e-05,0,0,0.9031,25
realistic,0.4,1,ruddick2023,Ca H,0.398,0.001547,0.001572,8.798e-05,-0.101,-0.1002,0.916,25
realistic,0.4,1,ruddick2023,Ca K,0.3214,0.001875,0.001904,0.0001072,-0.1046,-0.1014,0.9154,25
realistic,0.4,1,ruddick2023,G band,0.2075,0.0004109,0.0004064,1.071e-05,-0.0593,-0.0618,0.9718,25
realistic,0.4,1,ruddick2023,H alpha,0.1032,3.28e-05,0,0,-0.02997,,,25
realistic,0.4,1,ruddick2023,H beta,0.1302,0.0001921,0.0001624,9.16e-06,-0.003355,0.0009395,0.9439,25
realistic,0.4,1,ruddick2023,H2O,0.4334,9.973e-05,0,0,-0.001827,0.004528,1,25
realistic,0.4,1,ruddick2023,Mg b,0.1037,0.0001109,8.013e-05,3.514e-05,-0.01422,-0.01456,0.7817,25
realistic,0.4,1,ruddick2023,Na D,0.08861,5.632e-05,0,3.303e-06,-0.04153,-0.1405,0.8039,25
realistic,0.4,1,ruddick2023,O2 A,0.6934,6.043e-05,0,0,-0.05178,0.05516,1,25
realistic,0.4,1,ruddick2023,O2 B,0.2464,3.933e-05,0,1.023e-05,-0.1039,-0.1544,0.2746,25
realistic,0.4,1,ruddick2023,all,,0.0001924,0.0001715,2.018e-05,-0.04266,-0.0567,0.9031,25
realistic,0.4,1,srf,Ca H,0.398,0.0005665,0.000602,8.798e-05,0.5938,0.574,0.916,25
realistic,0.4,1,srf,Ca K,0.3214,0.0005959,0.0006141,0.0001072,0.6305,0.6197,0.9154,25
realistic,0.4,1,srf,G band,0.2075,0.0002036,0.000192,1.071e-05,0.4923,0.5412,0.9718,25
realistic,0.4,1,srf,H alpha,0.1032,3.004e-05,0,0,0.0735,,,25
realistic,0.4,1,srf,H beta,0.1302,0.0001349,9.832e-05,9.16e-06,0.3093,0.4119,0.9439,25
realistic,0.4,1,srf,H2O,0.4334,9.776e-05,0,0,0.00645,-0.03411,1,25
realistic,0.4,1,srf,Mg b,0.1037,8.488e-05,4.685e-05,3.514e-05,0.2542,0.384,0.7817,25
realistic,0.4,1,srf,Na D,0.08861,5.224e-05,0,3.303e-06,0.1706,0.5814,0.8039,25
realistic,0.4,1,srf,O2 A,0.6934,4.501e-05,0,0,0.1016,-0.7573,1,25
realistic,0.4,1,srf,O2 B,0.2464,3.531e-05,0,1.023e-05,0.1576,0.4618,0.2746,25
realistic,0.4,1,srf,all,,0.0001234,8.785e-05,2.018e-05,0.362,0.5314,0.9031,25
realistic,0.4,5,linear,Ca H,0.398,6.626e-05,7.398e-05,3.528e-05,0,0,0.6289,25
realistic,0.4,5,linear,Ca K,0.3214,7.5e-05,8.226e-05,4.238e-05,0,0,0.5933,25
realistic,0.4,5,linear,G band,0.2075,1.937e-05,1.776e-05,0,0,0,1,25
realistic,0.4,5,linear,H alpha,0.1032,1.667e-06,0,0,0,,,25
realistic,0.4,5,linear,H beta,0.1302,9.389e-06,1.117e-05,0,0,0,1,25
realistic,0.4,5,linear,H2O,0.4334,3.702e-06,0,0,0,0,1,25
realistic,0.4,5,linear,Mg b,0.1037,5.88e-06,2.549e-05,2.61e-05,0,0,-0.06201,25
realistic,0.4,5,linear,Na D,0.08861,2.494e-06,0,0,0,0,0.1522,25
realistic,0.4,5,linear,O2 A,0.6934,2.216e-06,0,0,0,,,25
realistic,0.4,5,linear,O2 B,0.2464,1.658e-06,0,0,0,0,0.08876,25
realistic,0.4,5,linear,all,,1.042e-05,1.37e-05,8.899e-06,0,0,0.333,25
realistic,0.4,5,ruddick2023,Ca H,0.398,7.172e-05,7.888e-05,3.528e-05,-0.09919,-0.07583,0.6289,25
realistic,0.4,5,ruddick2023,Ca K,0.3214,8.124e-05,8.774e-05,4.238e-05,-0.107,-0.07677,0.5933,25
realistic,0.4,5,ruddick2023,G band,0.2075,2.03e-05,1.872e-05,0,-0.05982,-0.07695,1,25
realistic,0.4,5,ruddick2023,H alpha,0.1032,1.767e-06,0,0,-0.03792,,,25
realistic,0.4,5,ruddick2023,H beta,0.1302,9.418e-06,1.114e-05,0,-0.003561,0.005104,1,25
realistic,0.4,5,ruddick2023,H2O,0.4334,3.722e-06,0,0,-0.001714,0.00936,1,25
realistic,0.4,5,ruddick2023,Mg b,0.1037,5.963e-06,2.547e-05,2.61e-05,-0.02206,0.001218,-0.06201,25
realistic,0.4,5,ruddick2023,Na D,0.08861,2.516e-06,0,0,-0.04711,-0.06765,0.1522,25
realistic,0.4,5,ruddick2023,O2 A,0.6934,2.441e-06,0,0,-0.06495,,,25
realistic,0.4,5,ruddick2023,O2 B,0.2464,1.733e-06,0,0,-0.1225,-0.01975,0.08876,25
realistic,0.4,5,ruddick2023,all,,1.095e-05,1.414e-05,8.899e-06,-0.0527,-0.03298,0.333,25
realistic,0.4,5,srf,Ca H,0.398,2.59e-05,3.962e-05,3.528e-05,0.5577,0.4607,0.6289,25
realistic,0.4,5,srf,Ca K,0.3214,2.764e-05,4.545e-05,4.238e-05,0.578,0.4305,0.5933,25
realistic,0.4,5,srf,G band,0.2075,1.043e-05,3.233e-06,0,0.5223,0.8607,1,25
realistic,0.4,5,srf,H alpha,0.1032,1.388e-06,0,0,0.1005,,,25
realistic,0.4,5,srf,H beta,0.1302,5.682e-06,2.735e-06,0,0.4036,0.6396,1,25
realistic,0.4,5,srf,H2O,0.4334,3.624e-06,0,0,0.005787,-0.05203,1,25
realistic,0.4,5,srf,Mg b,0.1037,3.239e-06,2.576e-05,2.61e-05,0.3736,-0.02137,-0.06201,25
realistic,0.4,5,srf,Na D,0.08861,2.379e-06,0,0,0.2367,-0.1483,0.1522,25
realistic,0.4,5,srf,O2 A,0.6934,2.054e-06,0,0,0.1708,,,25
realistic,0.4,5,srf,O2 B,0.2464,1.49e-06,0,0,0.2514,0.07432,0.08876,25
realistic,0.4,5,srf,all,,6.582e-06,8.573e-06,8.899e-06,0.4488,0.2131,0.333,25
realistic,0.5,1,linear,Ca H,0.398,0.001809,0.001832,8.798e-05,0,0,0.9336,25
realistic,0.5,1,linear,Ca K,0.3214,0.002192,0.00222,0.0001072,0,0,0.9331,25
realistic,0.5,1,linear,G band,0.2075,0.0004771,0.000473,1.071e-05,0,0,0.9769,25
realistic,0.5,1,linear,H alpha,0.1032,3.523e-05,0,0,0,,,25
realistic,0.5,1,linear,H beta,0.1302,0.0002266,0.0001916,9.16e-06,0,0,0.9526,25
realistic,0.5,1,linear,H2O,0.4334,0.0001,0,0,0,0,1,25
realistic,0.5,1,linear,Mg b,0.1037,0.0001219,9.204e-05,3.514e-05,0,0,0.814,25
realistic,0.5,1,linear,Na D,0.08861,5.848e-05,0,3.303e-06,0,0,0.8484,25
realistic,0.5,1,linear,O2 A,0.6934,6.048e-05,0,0,0,,,25
realistic,0.5,1,linear,O2 B,0.2464,4.071e-05,0,1.023e-05,0,0,0.3806,25
realistic,0.5,1,linear,all,,0.0002186,0.0001981,2.018e-05,0,0,0.9245,25
realistic,0.5,1,ruddick2023,Ca H,0.398,0.001954,0.001977,8.798e-05,-0.09133,-0.09051,0.9336,25
realistic,0.5,1,ruddick2023,Ca K,0.3214,0.002369,0.002396,0.0001072,-0.09304,-0.09185,0.9331,25
realistic,0.5,1,ruddick2023,G band,0.2075,0.0004996,0.0004955,1.071e-05,-0.05505,-0.05758,0.9769,25
realistic,0.5,1,ruddick2023,H alpha,0.1032,3.858e-05,0,0,-0.03841,,,25
realistic,0.5,1,ruddick2023,H beta,0.1302,0.0002273,0.0001888,9.16e-06,-0.003624,0.001355,0.9526,25
realistic,0.5,1,ruddick2023,H2O,0.4334,0.0001011,0,0,-0.002057,0.00122,1,25
realistic,0.5,1,ruddick2023,Mg b,0.1037,0.000124,9.248e-05,3.514e-05,-0.01699,-0.01642,0.814,25
realistic,0.5,1,ruddick2023,Na D,0.08861,6.02e-05,0,3.303e-06,-0.05471,-0.1169,0.8484,25
realistic,0.5,1,ruddick2023,O2 A,0.6934,6.088e-05,0,0,-0.06839,,,25
realistic,0.5,1,ruddick2023,O2 B,0.2464,4.335e-05,0,1.023e-05,-0.1197,-0.1544,0.3806,25
realistic,0.5,1,ruddick2023,all,,0.0002269,0.0002062,2.018e-05,-0.04473,-0.05241,0.9245,25
realistic,0.5,1,srf,Ca H,0.398,0.0006008,0.0006269,8.798e-05,0.6727,0.6587,0.9336,25
realistic,0.5,1,srf,Ca K,0.3214,0.0006368,0.0006525,0.0001072,0.7042,0.6965,0.9331,25
realistic,0.5,1,srf,G band,0.2075,0.0002085,0.0001976,1.071e-05,0.5854,0.6211,0.9769,25
realistic,0.5,1,srf,H alpha,0.1032,3.003e-05,0,0,0.124,,,25
realistic,0.5,1,srf,H beta,0.1302,0.0001361,9.983e-05,9.16e-06,0.4239,0.5389,0.9526,25
realistic,0.5,1,srf,H2O,0.4334,9.782e-05,0,0,0.008983,-0.01694,1,25
realistic,0.5,1,srf,Mg b,0.1037,8.518e-05,4.745e-05,3.514e-05,0.3375,0.4845,0.814,25
realistic,0.5,1,srf,Na D,0.08861,5.258e-05,0,3.303e-06,0.2596,0.6391,0.8484,25
realistic,0.5,1,srf,O2 A,0.6934,4.558e-05,0,0,0.1619,,,25
realistic,0.5,1,srf,O2 B,0.2464,3.523e-05,0,1.023e-05,0.3014,0.5419,0.3806,25
realistic,0.5,1,srf,all,,0.0001247,9.281e-05,2.018e-05,0.477,0.616,0.9245,25
realistic,0.5,5,linear,Ca H,0.398,8.339e-05,9.182e-05,3.528e-05,0,0,0.6905,25
realistic,0.5,5,linear,Ca K,0.3214,9.462e-05,0.0001033,4.238e-05,0,0,0.6621,25
realistic,0.5,5,linear,G band,0.2075,2.337e-05,2.186e-05,0,0,0,1,25
realistic,0.5,5,linear,H alpha,0.1032,1.852e-06,0,0,0,,,25
realistic,0.5,5,linear,H beta,0.1302,1.104e-05,1.267e-05,0,0,0,1,25
realistic,0.5,5,linear,H2O,0.4334,3.73e-06,0,0,0,0,1,25
realistic,0.5,5,linear,Mg b,0.1037,6.694e-06,2.517e-05,2.61e-05,0,0,-0.075,25
realistic,0.5,5,linear,Na D,0.08861,2.608e-06,0,0,0,0,0.2503,25
realistic,0.5,5,linear,O2 A,0.6934,2.446e-06,0,0,0,,,25
realistic,0.5,5,linear,O2 B,0.2464,1.781e-06,0,0,0,0,0.1111,25
realistic,0.5,5,linear,all,,1.252e-05,1.56e-05,8.899e-06,0,0,0.3897,25
realistic,0.5,5,ruddick2023,Ca H,0.398,8.979e-05,0.0001009,3.528e-05,-0.09063,-0.07283,0.6905,25
realistic,0.5,5,ruddick2023,Ca K,0.3214,0.000102,0.0001143,4.238e-05,-0.09402,-0.07366,0.6621,25
realistic,0.5,5,ruddick2023,G band,0.2075,2.443e-05,2.294e-05,0,-0.05429,-0.06403,1,25
realistic,0.5,5,ruddick2023,H alpha,0.1032,1.955e-06,0,0,-0.04609,,,25
realistic,0.5,5,ruddick2023,H beta,0.1302,1.107e-05,1.262e-05,0,-0.003609,0.006283,1,25
realistic,0.5,5,ruddick2023,H2O,0.4334,3.752e-06,0,0,-0.001769,0.0205,1,25
realistic,0.5,5,ruddick2023,Mg b,0.1037,6.801e-06,2.507e-05,2.61e-05,-0.02229,0.001179,-0.075,25
realistic,0.5,5,ruddick2023,Na D,0.08861,2.648e-06,0,0,-0.05547,-0.1033,0.2503,25
realistic,0.5,5,ruddick2023,O2 A,0.6934,2.745e-06,0,0,-0.07305,,,25
realistic,0.5,5,ruddick2023,O2 B,0.2464,1.933e-06,0,0,-0.1233,-0.02133,0.1111,25
realistic,0.5,5,ruddick2023,all,,1.316e-05,1.604e-05,8.899e-06,-0.05099,-0.03606,0.3897,25
realistic,0.5,5,srf,Ca H,0.398,2.744e-05,4.023e-05,3.528e-05,0.6473,0.5509,0.6905,25
realistic,0.5,5,srf,Ca K,0.3214,2.965e-05,4.624e-05,4.238e-05,0.6625,0.5303,0.6621,25
realistic,0.5,5,srf,G band,0.2075,1.062e-05,3.371e-06,0,0.6129,0.8935,1,25
realistic,0.5,5,srf,H alpha,0.1032,1.412e-06,0,0,0.1443,,,25
realistic,0.5,5,srf,H beta,0.1302,5.698e-06,2.838e-06,0,0.5017,0.6901,1,25
realistic,0.5,5,srf,H2O,0.4334,3.624e-06,0,0,0.007943,-0.1229,1,25
realistic,0.5,5,srf,Mg b,0.1037,3.267e-06,2.574e-05,2.61e-05,0.4788,-0.02703,-0.075,25
realistic,0.5,5,srf,Na D,0.08861,2.393e-06,0,0,0.3162,-0.02801,0.2503,25
realistic,0.5,5,srf,O2 A,0.6934,2.052e-06,0,0,0.2434,,,25
realistic,0.5,5,srf,O2 B,0.2464,1.489e-06,0,0,0.4095,0.09818,0.1111,25
realistic,0.5,5,srf,all,,6.711e-06,8.64e-06,8.899e-06,0.5472,0.3039,0.3897,25
realistic,0.6,1,linear,Ca H,0.398,0.002241,0.002262,8.798e-05,0,0,0.9462,25
realistic,0.6,1,linear,Ca K,0.3214,0.002716,0.002742,0.0001072,0,0,0.9459,25
realistic,0.6,1,linear,G band,0.2075,0.0005726,0.0005683,1.071e-05,0,0,0.9808,25
realistic,0.6,1,linear,H alpha,0.1032,4.08e-05,0,0,0,,,25
realistic,0.6,1,linear,H beta,0.1302,0.0002678,0.0002318,9.16e-06,0,0,0.9604,25
realistic,0.6,1,linear,H2O,0.4334,0.0001015,0,0,0,0,1,25
realistic,0.6,1,linear,Mg b,0.1037,0.0001397,0.0001058,3.514e-05,0,0,0.8454,25
realistic,0.6,1,linear,Na D,0.08861,6.285e-05,0,3.303e-06,0,0,0.8744,25
realistic,0.6,1,linear,O2 A,0.6934,6.098e-05,0,0,0,,,25
realistic,0.6,1,linear,O2 B,0.2464,4.502e-05,0,1.023e-05,0,0,0.4719,25
realistic,0.6,1,linear,all,,0.000257,0.0002359,2.018e-05,0,0,0.9374,25
realistic,0.6,1,ruddick2023,Ca H,0.398,0.00241,0.002432,8.798e-05,-0.08412,-0.08373,0.9462,25
realistic,0.6,1,ruddick2023,Ca K,0.3214,0.002922,0.002949,0.0001072,-0.08577,-0.08506,0.9459,25
realistic,0.6,1,ruddick2023,G band,0.2075,0.0005987,0.0005944,1.071e-05,-0.05205,-0.05441,0.9808,25
realistic,0.6,1,ruddick2023,H alpha,0.1032,4.159e-05,0,0,-0.04595,,,25
realistic,0.6,1,ruddick2023,H beta,0.1302,0.0002687,0.0002282,9.16e-06,-0.003686,0.001006,0.9604,25
realistic,0.6,1,ruddick2023,H2O,0.4334,0.0001029,0,0,-0.002304,0.003135,1,25
realistic,0.6,1,ruddick2023,Mg b,0.1037,0.0001425,0.0001061,3.514e-05,-0.01901,-0.01649,0.8454,25
realistic,0.6,1,ruddick2023,Na D,0.08861,6.509e-05,0,3.303e-06,-0.06244,-0.1062,0.8744,25
realistic,0.6,1,ruddick2023,O2 A,0.6934,6.862e-05,0,0,-0.08439,,,25
realistic,0.6,1,ruddick2023,O2 B,0.2464,4.987e-05,0,1.023e-05,-0.1304,-0.1571,0.4719,25
realistic,0.6,1,ruddick2023,all,,0.0002668,0.0002453,2.018e-05,-0.04522,-0.04868,0.9374,25
realistic,0.6,1,srf,Ca H,0.398,0.0006266,0.0006575,8.798e-05,0.7311,0.7227,0.9462,25
realistic,0.6,1,srf,Ca K,0.3214,0.0006856,0.000707,0.0001072,0.7471,0.7482,0.9459,25
realistic,0.6,1,srf,G band,0.2075,0.0002143,0.0002041,1.071e-05,0.6556,0.679,0.9808,25
realistic,0.6,1,srf,H alpha,0.1032,3e-05,0,0,0.1838,,,25
realistic,0.6,1,srf,H beta,0.1302,0.0001377,0.0001019,9.16e-06,0.5098,0.596,0.9604,25
realistic,0.6,1,srf,H2O,0.4334,9.792e-05,0,0,0.01168,-0.03555,1,25
realistic,0.6,1,srf,Mg b,0.1037,8.674e-05,4.684e-05,3.514e-05,0.4134,0.5622,0.8454,25
realistic,0.6,1,srf,Na D,0.08861,5.298e-05,0,3.303e-06,0.361,0.7481,0.8744,25
realistic,0.6,1,srf,O2 A,0.6934,4.571e-05,0,0,0.2303,,,25
realistic,0.6,1,srf,O2 B,0.2464,3.518e-05,0,1.023e-05,0.4131,0.6046,0.4719,25
realistic,0.6,1,srf,all,,0.0001261,9.397e-05,2.018e-05,0.5642,0.6826,0.9374,25
realistic,0.6,5,linear,Ca H,0.398,0.0001026,0.0001199,3.528e-05,0,0,0.7398,25
realistic,0.6,5,linear,Ca K,0.3214,0.0001167,0.0001347,4.238e-05,0,0,0.7172,25
realistic,0.6,5,linear,G band,0.2075,2.774e-05,2.628e-05,0,0,0,1,25
realistic,0.6,5,linear,H alpha,0.1032,1.955e-06,0,0,0,,,25
realistic,0.6,5,linear,H beta,0.1302,1.293e-05,1.425e-05,0,0,0,1,25
realistic,0.6,5,linear,H2O,0.4334,3.76e-06,0,0,0,0,1,25
realistic,0.6,5,linear,Mg b,0.1037,7.719e-06,2.503e-05,2.61e-05,0,0,-0.08832,25
realistic,0.6,5,linear,Na D,0.08861,2.764e-06,0,0,0,0,0.3667,25
realistic,0.6,5,linear,O2 A,0.6934,2.883e-06,0,0,0,,,25
realistic,0.6,5,linear,O2 B,0.2464,1.991e-06,0,0,0,0,0.1322,25
realistic,0.6,5,linear,all,,1.487e-05,1.716e-05,8.899e-06,0,0,0.4449,25
realistic,0.6,5,ruddick2023,Ca H,0.398,0.0001101,0.0001295,3.528e-05,-0.08334,-0.07105,0.7398,25
realistic,0.6,5,ruddick2023,Ca K,0.3214,0.0001253,0.0001475,4.238e-05,-0.08659,-0.07221,0.7172,25
realistic,0.6,5,ruddick2023,G band,0.2075,2.895e-05,2.748e-05,0,-0.05035,-0.05669,1,25
realistic,0.6,5,ruddick2023,H alpha,0.1032,1.953e-06,0,0,-0.05443,,,25
realistic,0.6,5,ruddick2023,H beta,0.1302,1.298e-05,1.418e-05,0,-0.003519,0.00571,1,25
realistic,0.6,5,ruddick2023,H2O,0.4334,3.784e-06,0,0,-0.002141,0.05256,1,25
realistic,0.6,5,ruddick2023,Mg b,0.1037,7.898e-06,2.499e-05,2.61e-05,-0.02175,0.001452,-0.08832,25
realistic,0.6,5,ruddick2023,Na D,0.08861,2.84e-06,0,0,-0.05897,-0.1203,0.3667,25
realistic,0.6,5,ruddick2023,O2 A,0.6934,3.247e-06,0,0,-0.09406,,,25
realistic,0.6,5,ruddick2023,O2 B,0.2464,2.184e-06,0,0,-0.127,-0.02328,0.1322,25
realistic,0.6,5,ruddick2023,all,,1.56e-05,1.769e-05,8.899e-06,-0.04933,-0.03873,0.4449,25
realistic,0.6,5,srf,Ca H,0.398,2.941e-05,4.096e-05,3.528e-05,0.7098,0.6206,0.7398,25
realistic,0.6,5,srf,Ca K,0.3214,3.196e-05,4.719e-05,4.238e-05,0.719,0.6061,0.7172,25
realistic,0.6,5,srf,G band,0.2075,1.082e-05,3.683e-06,0,0.6738,0.9094,1,25
realistic,0.6,5,srf,H alpha,0.1032,1.438e-06,0,0,0.1908,,,25
realistic,0.6,5,srf,H beta,0.1302,5.805e-06,2.965e-06,0,0.5779,0.7276,1,25
realistic,0.6,5,srf,H2O,0.4334,3.623e-06,0,0,0.01019,-0.2971,1,25
realistic,0.6,5,srf,Mg b,0.1037,3.3e-06,2.572e-05,2.61e-05,0.5557,-0.02902,-0.08832,25
realistic,0.6,5,srf,Na D,0.08861,2.409e-06,0,0,0.3876,0.1189,0.3667,25
realistic,0.6,5,srf,O2 A,0.6934,2.05e-06,0,0,0.3096,,,25
realistic,0.6,5,srf,O2 B,0.2464,1.488e-06,0,0,0.5225,0.1214,0.1322,25
realistic,0.6,5,srf,all,,6.86e-06,8.789e-06,8.899e-06,0.6162,0.389,0.4449,25
realistic,0.7,1,linear,Ca H,0.398,0.002721,0.002742,8.798e-05,0,0,0.9556,25
realistic,0.7,1,linear,Ca K,0.3214,0.0033,0.003325,0.0001072,0,0,0.9554,25
realistic,0.7,1,linear,G band,0.2075,0.0006781,0.0006733,1.071e-05,0,0,0.9838,25
realistic,0.7,1,linear,H alpha,0.1032,4.21e-05,0,0,0,,,25
realistic,0.7,1,linear,H beta,0.1302,0.0003154,0.0002792,9.16e-06,0,0,0.9667,25
realistic,0.7,1,linear,H2O,0.4334,0.0001034,0,0,0,0,1,25
realistic,0.7,1,linear,Mg b,0.1037,0.0001631,0.000121,3.514e-05,0,0,0.8705,25
realistic,0.7,1,linear,Na D,0.08861,6.955e-05,0,3.303e-06,0,0,0.8978,25
realistic,0.7,1,linear,O2 A,0.6934,7.006e-05,0,0,0,0,1,25
realistic,0.7,1,linear,O2 B,0.2464,5.184e-05,0,1.023e-05,0,0,0.5516,25
realistic,0.7,1,linear,all,,0.0003007,0.0002781,2.018e-05,0,0,0.9469,25
realistic,0.7,1,ruddick2023,Ca H,0.398,0.002918,0.002939,8.798e-05,-0.07918,-0.07878,0.9556,25
realistic,0.7,1,ruddick2023,Ca K,0.3214,0.00354,0.003565,0.0001072,-0.08059,-0.07995,0.9554,25
realistic,0.7,1,ruddick2023,G band,0.2075,0.0007083,0.0007033,1.071e-05,-0.04999,-0.05163,0.9838,25
realistic,0.7,1,ruddick2023,H alpha,0.1032,4.309e-05,0,0,-0.05511,,,25
realistic,0.7,1,ruddick2023,H beta,0.1302,0.0003164,0.0002747,9.16e-06,-0.003727,0.001169,0.9667,25
realistic,0.7,1,ruddick2023,H2O,0.4334,0.0001054,0,0,-0.002746,0.005396,1,25
realistic,0.7,1,ruddick2023,Mg b,0.1037,0.0001667,0.0001211,3.514e-05,-0.01947,-0.01661,0.8705,25
realistic,0.7,1,ruddick2023,Na D,0.08861,7.317e-05,0,3.303e-06,-0.06426,-0.1012,0.8978,25
realistic,0.7,1,ruddick2023,O2 A,0.6934,7.805e-05,0,0,-0.09969,-0.9693,1,25
realistic,0.7,1,ruddick2023,O2 B,0.2464,5.822e-05,0,1.023e-05,-0.1418,-0.1619,0.5516,25
realistic,0.7,1,ruddick2023,all,,0.0003121,0.0002888,2.018e-05,-0.04412,-0.04694,0.9469,25
realistic,0.7,1,srf,Ca H,0.398,0.000656,0.0006944,8.798e-05,0.7729,0.7655,0.9556,25
realistic,0.7,1,srf,Ca K,0.3214,0.0007431,0.0007717,0.0001072,0.7836,0.7846,0.9554,25
realistic,0.7,1,srf,G band,0.2075,0.0002209,0.0002114,1.071e-05,0.7131,0.7276,0.9838,25
realistic,0.7,1,srf,H alpha,0.1032,2.997e-05,0,0,0.247,,,25
realistic,0.7,1,srf,H beta,0.1302,0.0001398,0.0001064,9.16e-06,0.5813,0.6519,0.9667,25
realistic,0.7,1,srf,H2O,0.4334,9.806e-05,0,0,0.01455,-0.06336,1,25
realistic,0.7,1,srf,Mg b,0.1037,8.875e-05,4.736e-05,3.514e-05,0.4993,0.6213,0.8705,25
realistic,0.7,1,srf,Na D,0.08861,5.346e-05,0,3.303e-06,0.4264,0.7589,0.8978,25
realistic,0.7,1,srf,O2 A,0.6934,4.587e-05,0,0,0.3023,1,1,25
realistic,0.7,1,srf,O2 B,0.2464,3.513e-05,0,1.023e-05,0.5173,0.6547,0.5516,25
realistic,0.7,1,srf,all,,0.0001279,9.419e-05,2.018e-05,0.6301,0.7276,0.9469,25
realistic,0.7,5,linear,Ca H,0.398,0.0001239,0.0001428,3.528e-05,0,0,0.7793,25
realistic,0.7,5,linear,Ca K,0.3214,0.0001414,0.0001641,4.238e-05,0,0,0.7613,25
realistic,0.7,5,linear,G band,0.2075,3.247e-05,3.101e-05,0,0,0,1,25
realistic,0.7,5,linear,H alpha,0.1032,1.954e-06,0,0,0,,,25
realistic,0.7,5,linear,H beta,0.1302,1.494e-05,1.591e-05,0,0,0,1,25
realistic,0.7,5,linear,H2O,0.4334,3.792e-06,0,0,0,0,1,25
realistic,0.7,5,linear,Mg b,0.1037,9.08e-06,2.455e-05,2.61e-05,0,0,-0.08143,25
realistic,0.7,5,linear,Na D,0.08861,2.98e-06,0,0,0,0,0.4722,25
realistic,0.7,5,linear,O2 A,0.6934,3.341e-06,0,0,0,,,25
realistic,0.7,5,linear,O2 B,0.2464,2.247e-06,0,0,0,0,0.1528,25
realistic,0.7,5,linear,all,,1.744e-05,1.897e-05,8.899e-06,0,0,0.4979,25
realistic,0.7,5,ruddick2023,Ca H,0.398,0.0001326,0.0001512,3.528e-05,-0.07806,-0.06941,0.7793,25
realistic,0.7,5,ruddick2023,Ca K,0.3214,0.0001514,0.0001737,4.238e-05,-0.08054,-0.07067,0.7613,25
realistic,0.7,5,ruddick2023,G band,0.2075,3.383e-05,3.235e-05,0,-0.04728,-0.05186,1,25
realistic,0.7,5,ruddick2023,H alpha,0.1032,1.954e-06,0,0,-0.06459,,,25
realistic,0.7,5,ruddick2023,H beta,0.1302,1.498e-05,1.583e-05,0,-0.003415,0.005758,1,25
realistic,0.7,5,ruddick2023,H2O,0.4334,3.817e-06,0,0,-0.002475,0.5006,1,25
realistic,0.7,5,ruddick2023,Mg b,0.1037,9.29e-06,2.423e-05,2.61e-05,-0.02129,0.001929,-0.08143,25
realistic,0.7,5,ruddick2023,Na D,0.08861,3.086e-06,0,0,-0.06016,-0.1253,0.4722,25
realistic,0.7,5,ruddick2023,O2 A,0.6934,3.845e-06,0,0,-0.1073,,,25
realistic,0.7,5,ruddick2023,O2 B,0.2464,2.483e-06,0,0,-0.1269,-0.02568,0.1528,25
realistic,0.7,5,ruddick2023,all,,1.828e-05,1.96e-05,8.899e-06,-0.04808,-0.04112,0.4979,25
realistic,0.7,5,srf,Ca H,0.398,3.172e-05,4.184e-05,3.528e-05,0.7547,0.6748,0.7793,25
realistic,0.7,5,srf,Ca K,0.3214,3.458e-05,4.832e-05,4.238e-05,0.7587,0.6639,0.7613,25
realistic,0.7,5,srf,G band,0.2075,1.105e-05,4.171e-06,0,0.7194,0.917,1,25
realistic,0.7,5,srf,H alpha,0.1032,1.465e-06,0,0,0.2385,,,25
realistic,0.7,5,srf,H beta,0.1302,5.904e-06,3.157e-06,0,0.6442,0.7566,1,25
realistic,0.7,5,srf,H2O,0.4334,3.623e-06,0,0,0.01269,-1.657,1,25
realistic,0.7,5,srf,Mg b,0.1037,3.34e-06,2.57e-05,2.61e-05,0.614,-0.03279,-0.08143,25
realistic,0.7,5,srf,Na D,0.08861,2.427e-06,0,0,0.4517,0.2533,0.4722,25
realistic,0.7,5,srf,O2 A,0.6934,2.048e-06,0,0,0.3705,,,25
realistic,0.7,5,srf,O2 B,0.2464,1.491e-06,0,0,0.5873,0.1442,0.1528,25
realistic,0.7,5,srf,all,,7.029e-06,8.882e-06,8.899e-06,0.6684,0.4648,0.4979,25
realistic,0.8,1,linear,Ca H,0.398,0.003253,0.003273,8.798e-05,0,0,0.9628,25
realistic,0.8,1,linear,Ca K,0.3214,0.003947,0.00397,0.0001072,0,0,0.9626,25
realistic,0.8,1,linear,G band,0.2075,0.0007942,0.0007884,1.071e-05,0,0,0.9862,25
realistic,0.8,1,linear,H alpha,0.1032,4.365e-05,0,0,0,,,25
realistic,0.8,1,linear,H beta,0.1302,0.0003717,0.0003341,9.16e-06,0,0,0.9718,25
realistic,0.8,1,linear,H2O,0.4334,0.000106,0,0,0,0,1,25
realistic,0.8,1,linear,Mg b,0.1037,0.0001923,0.0001379,3.514e-05,0,0,0.8909,25
realistic,0.8,1,linear,Na D,0.08861,7.895e-05,0,3.303e-06,0,0,0.9119,25
realistic,0.8,1,linear,O2 A,0.6934,7.98e-05,0,0,0,0,1,25
realistic,0.8,1,linear,O2 B,0.2464,6.036e-05,0,1.023e-05,0,0,0.6203,25
realistic,0.8,1,linear,all,,0.0003498,0.0003247,2.018e-05,0,0,0.9545,25
realistic,0.8,1,ruddick2023,Ca H,0.398,0.003482,0.003501,8.798e-05,-0.07565,-0.07548,0.9628,25
realistic,0.8,1,ruddick2023,Ca K,0.3214,0.004226,0.004249,0.0001072,-0.07694,-0.07647,0.9626,25
realistic,0.8,1,ruddick2023,G band,0.2075,0.000829,0.0008229,1.071e-05,-0.0485,-0.04969,0.9862,25
realistic,0.8,1,ruddick2023,H alpha,0.1032,4.486e-05,0,0,-0.07206,,,25
realistic,0.8,1,ruddick2023,H beta,0.1302,0.0003733,0.0003286,9.16e-06,-0.003742,0.001423,0.9718,25
realistic,0.8,1,ruddick2023,H2O,0.4334,0.0001078,0,0,-0.003157,0.01002,1,25
realistic,0.8,1,ruddick2023,Mg b,0.1037,0.000197,0.0001379,3.514e-05,-0.01998,-0.01672,0.8909,25
realistic,0.8,1,ruddick2023,Na D,0.08861,8.331e-05,0,3.303e-06,-0.0675,-0.1046,0.9119,25
realistic,0.8,1,ruddick2023,O2 A,0.6934,8.765e-05,0,0,-0.1175,-0.5494,1,25
realistic,0.8,1,ruddick2023,O2 B,0.2464,6.949e-05,0,1.023e-05,-0.1485,-0.1793,0.6203,25
realistic,0.8,1,ruddick2023,all,,0.000363,0.000337,2.018e-05,-0.04313,-0.04459,0.9545,25
realistic,0.8,1,srf,Ca H,0.398,0.0006919,0.0007348,8.798e-05,0.7995,0.7961,0.9628,25
realistic,0.8,1,srf,Ca K,0.3214,0.0008096,0.0008201,0.0001072,0.8127,0.8112,0.9626,25
realistic,0.8,1,srf,G band,0.2075,0.0002286,0.0002197,1.071e-05,0.7496,0.7652,0.9862,25
realistic,0.8,1,srf,H alpha,0.1032,3.024e-05,0,0,0.3007,,,25
realistic,0.8,1,srf,H beta,0.1302,0.0001427,0.0001094,9.16e-06,0.6398,0.7036,0.9718,25
realistic,0.8,1,srf,H2O,0.4334,9.826e-05,0,0,0.01745,-0.1149,1,25
realistic,0.8,1,srf,Mg b,0.1037,9.132e-05,5.232e-05,3.514e-05,0.5736,0.6724,0.8909,25
realistic,0.8,1,srf,Na D,0.08861,5.403e-05,0,3.303e-06,0.5051,0.9019,0.9119,25
realistic,0.8,1,srf,O2 A,0.6934,4.604e-05,0,0,0.374,1,1,25
realistic,0.8,1,srf,O2 B,0.2464,3.509e-05,0,1.023e-05,0.597,0.6977,0.6203,25
realistic,0.8,1,srf,all,,0.0001299,9.454e-05,2.018e-05,0.6807,0.7586,0.9545,25
realistic,0.8,5,linear,Ca H,0.398,0.0001475,0.0001656,3.528e-05,0,0,0.8113,25
realistic,0.8,5,linear,Ca K,0.3214,0.0001687,0.0001905,4.238e-05,0,0,0.7967,25
realistic,0.8,5,linear,G band,0.2075,3.755e-05,3.605e-05,0,0,0,1,25
realistic,0.8,5,linear,H alpha,0.1032,1.957e-06,0,0,0,,,25
realistic,0.8,5,linear,H beta,0.1302,1.701e-05,1.768e-05,0,0,0,1,25
realistic,0.8,5,linear,H2O,0.4334,3.824e-06,0,0,0,0,1,25
realistic,0.8,5,linear,Mg b,0.1037,1.057e-05,2.363e-05,2.61e-05,0,0,-0.05881,25
realistic,0.8,5,linear,Na D,0.08861,3.242e-06,0,0,0,0,-0.4451,25
realistic,0.8,5,linear,O2 A,0.6934,3.926e-06,0,0,0,,,25
realistic,0.8,5,linear,O2 B,0.2464,2.582e-06,0,0,0,0,0.1913,25
realistic,0.8,5,linear,all,,2.025e-05,2.11e-05,8.899e-06,0,0,0.5498,25
realistic,0.8,5,ruddick2023,Ca H,0.398,0.0001576,0.0001754,3.528e-05,-0.07439,-0.06814,0.8113,25
realistic,0.8,5,ruddick2023,Ca K,0.3214,0.0001803,0.0002018,4.238e-05,-0.07646,-0.06943,0.7967,25
realistic,0.8,5,ruddick2023,G band,0.2075,3.908e-05,3.755e-05,0,-0.04505,-0.04859,1,25
realistic,0.8,5,ruddick2023,H alpha,0.1032,1.96e-06,0,0,-0.07037,,,25
realistic,0.8,5,ruddick2023,H beta,0.1302,1.706e-05,1.757e-05,0,-0.003343,0.006172,1,25
realistic,0.8,5,ruddick2023,H2O,0.4334,3.852e-06,0,0,-0.003037,0.002359,1,25
realistic,0.8,5,ruddick2023,Mg b,0.1037,1.077e-05,2.343e-05,2.61e-05,-0.021,0.00253,-0.05881,25
realistic,0.8,5,ruddick2023,Na D,0.08861,3.373e-06,0,0,-0.06271,-0.6747,-0.4451,25
realistic,0.8,5,ruddick2023,O2 A,0.6934,4.191e-06,0,0,-0.1275,,,25
realistic,0.8,5,ruddick2023,O2 B,0.2464,2.935e-06,0,0,-0.1257,-0.03147,0.1913,25
realistic,0.8,5,ruddick2023,all,,2.12e-05,2.188e-05,8.899e-06,-0.04749,-0.04308,0.5498,25
realistic,0.8,5,srf,Ca H,0.398,3.362e-05,4.288e-05,3.528e-05,0.7855,0.7179,0.8113,25
realistic,0.8,5,srf,Ca K,0.3214,3.752e-05,4.963e-05,4.238e-05,0.79,0.7086,0.7967,25
realistic,0.8,5,srf,G band,0.2075,1.13e-05,4.456e-06,0,0.7549,0.9202,1,25
realistic,0.8,5,srf,H alpha,0.1032,1.494e-06,0,0,0.3074,,,25
realistic,0.8,5,srf,H beta,0.1302,5.984e-06,3.354e-06,0,0.6888,0.7796,1,25
realistic,0.8,5,srf,H2O,0.4334,3.623e-06,0,0,0.0157,-0.04282,1,25
realistic,0.8,5,srf,Mg b,0.1037,3.389e-06,2.568e-05,2.61e-05,0.6585,-0.01298,-0.05881,25
realistic,0.8,5,srf,Na D,0.08861,2.448e-06,0,0,0.5129,0.3635,-0.4451,25
realistic,0.8,5,srf,O2 A,0.6934,2.046e-06,0,0,0.4286,,,25
realistic,0.8,5,srf,O2 B,0.2464,1.497e-06,0,0,0.6376,0.1868,0.1913,25
realistic,0.8,5,srf,all,,7.219e-06,9.029e-06,8.899e-06,0.7089,0.5302,0.5498,25
realistic,1,1,linear,Ca H,0.398,0.004485,0.004502,8.798e-05,0,0,0.973,25
realistic,1,1,linear,Ca K,0.3214,0.005448,0.005469,0.0001072,0,0,0.9729,25
realistic,1,1,linear,G band,0.2075,0.00106,0.001051,1.071e-05,0,0,0.9896,25
realistic,1,1,linear,H alpha,0.1032,4.759e-05,0,0,0,,,25
realistic,1,1,linear,H beta,0.1302,0.0005311,0.0004723,9.16e-06,0,0,0.9795,25
realistic,1,1,linear,H2O,0.4334,0.0001092,0,0,0,0,1,25
realistic,1,1,linear,Mg b,0.1037,0.0002517,0.0001802,3.514e-05,0,0,0.922,25
realistic,1,1,linear,Na D,0.08861,0.0001012,0,3.303e-06,0,0,0.9369,25
realistic,1,1,linear,O2 A,0.6934,0.0001019,0,0,0,0,1,25
realistic,1,1,linear,O2 B,0.2464,8.564e-05,0,1.023e-05,0,0,0.7416,25
realistic,1,1,linear,all,,0.0004651,0.0004324,2.018e-05,0,0,0.9659,25
realistic,1,1,ruddick2023,Ca H,0.398,0.004793,0.00481,8.798e-05,-0.07243,-0.07226,0.973,25
realistic,1,1,ruddick2023,Ca K,0.3214,0.005824,0.005846,0.0001072,-0.07353,-0.07323,0.9729,25
realistic,1,1,ruddick2023,G band,0.2075,0.001106,0.001097,1.071e-05,-0.04719,-0.04802,0.9896,25
realistic,1,1,ruddick2023,H alpha,0.1032,4.941e-05,0,0,-0.09404,,,25
realistic,1,1,ruddick2023,H beta,0.1302,0.0005333,0.0004656,9.16e-06,-0.003776,0.00187,0.9795,25
realistic,1,1,ruddick2023,H2O,0.4334,0.0001106,0,0,-0.004398,0.03982,1,25
realistic,1,1,ruddick2023,Mg b,0.1037,0.0002567,0.0001799,3.514e-05,-0.02197,-0.01854,0.922,25
realistic,1,1,ruddick2023,Na D,0.08861,0.0001073,0,3.303e-06,-0.07221,-0.0999,0.9369,25
realistic,1,1,ruddick2023,O2 A,0.6934,0.000117,0,0,-0.1572,-0.4189,1,25
realistic,1,1,ruddick2023,O2 B,0.2464,9.991e-05,0,1.023e-05,-0.1564,-0.1928,0.7416,25
realistic,1,1,ruddick2023,all,,0.0004827,0.0004484,2.018e-05,-0.0429,-0.0429,0.9659,25
realistic,1,1,srf,Ca H,0.398,0.0007842,0.0008226,8.798e-05,0.8415,0.84,0.973,25
realistic,1,1,srf,Ca K,0.3214,0.0009195,0.0009552,0.0001072,0.8509,0.8446,0.9729,25
realistic,1,1,srf,G band,0.2075,0.0002475,0.0002399,1.071e-05,0.7965,0.8075,0.9896,25
realistic,1,1,srf,H alpha,0.1032,3.167e-05,0,0,0.4057,,,25
realistic,1,1,srf,H beta,0.1302,0.0001548,0.0001212,9.16e-06,0.7261,0.7636,0.9795,25
realistic,1,1,srf,H2O,0.4334,9.889e-05,0,0,0.02402,-0.354,1,25
realistic,1,1,srf,Mg b,0.1037,9.768e-05,4.516e-05,3.514e-05,0.6693,0.7581,0.922,25
realistic,1,1,srf,Na D,0.08861,5.544e-05,0,3.303e-06,0.6198,0.9354,0.9369,25
realistic,1,1,srf,O2 A,0.6934,4.644e-05,0,0,0.5055,1,1,25
realistic,1,1,srf,O2 B,0.2464,3.627e-05,0,1.023e-05,0.7043,0.8399,0.7416,25
realistic,1,1,srf,all,,0.000135,9.843e-05,2.018e-05,0.7479,0.8022,0.9659,25
realistic,1,5,linear,Ca H,0.398,0.0002019,0.0002188,3.528e-05,0,0,0.8589,25
realistic,1,5,linear,Ca K,0.3214,0.000232,0.0002523,4.238e-05,0,0,0.8491,25
realistic,1,5,linear,G band,0.2075,4.877e-05,4.71e-05,0,0,0,1,25
realistic,1,5,linear,H alpha,0.1032,1.974e-06,0,0,0,,,25
realistic,1,5,linear,H beta,0.1302,2.198e-05,2.155e-05,0,0,0,1,25
realistic,1,5,linear,H2O,0.4334,3.891e-06,0,0,0,0,1,25
realistic,1,5,linear,Mg b,0.1037,1.348e-05,2.21e-05,2.61e-05,0,0,-0.03201,25
realistic,1,5,linear,Na D,0.08861,3.875e-06,0,0,0,0,0.4178,25
realistic,1,5,linear,O2 A,0.6934,4.907e-06,0,0,0,,,25
realistic,1,5,linear,O2 B,0.2464,3.499e-06,0,0,0,0,0.2403,25
realistic,1,5,linear,all,,2.658e-05,2.634e-05,8.899e-06,0,0,0.6394,25
realistic,1,5,ruddick2023,Ca H,0.398,0.0002153,0.000232,3.528e-05,-0.07059,-0.06666,0.8589,25
realistic,1,5,ruddick2023,Ca K,0.3214,0.0002476,0.0002678,4.238e-05,-0.07258,-0.06826,0.8491,25
realistic,1,5,ruddick2023,G band,0.2075,5.07e-05,4.898e-05,0,-0.04267,-0.04482,1,25
realistic,1,5,ruddick2023,H alpha,0.1032,1.986e-06,0,0,-0.08106,,,25
realistic,1,5,ruddick2023,H beta,0.1302,2.205e-05,2.139e-05,0,-0.003288,0.007497,1,25
realistic,1,5,ruddick2023,H2O,0.4334,3.923e-06,0,0,-0.004513,0.006193,1,25
realistic,1,5,ruddick2023,Mg b,0.1037,1.374e-05,2.199e-05,2.61e-05,-0.02134,0.004136,-0.03201,25
realistic,1,5,ruddick2023,Na D,0.08861,4.063e-06,0,0,-0.06438,-0.2891,0.4178,25
realistic,1,5,ruddick2023,O2 A,0.6934,5.509e-06,0,0,-0.1633,,,25
realistic,1,5,ruddick2023,O2 B,0.2464,3.973e-06,0,0,-0.1261,-0.04038,0.2403,25
realistic,1,5,ruddick2023,all,,2.782e-05,2.741e-05,8.899e-06,-0.04891,-0.04528,0.6394,25
realistic,1,5,srf,Ca H,0.398,3.765e-05,4.651e-05,3.528e-05,0.8287,0.7786,0.8589,25
realistic,1,5,srf,Ca K,0.3214,4.432e-05,5.545e-05,4.238e-05,0.8334,0.7717,0.8491,25
realistic,1,5,srf,G band,0.2075,1.187e-05,5.082e-06,0,0.8019,0.9209,1,25
realistic,1,5,srf,H alpha,0.1032,1.554e-06,0,0,0.4331,,,25
realistic,1,5,srf,H beta,0.1302,6.174e-06,3.763e-06,0,0.7512,0.8136,1,25
realistic,1,5,srf,H2O,0.4334,3.622e-06,0,0,0.02243,-0.09864,1,25
realistic,1,5,srf,Mg b,0.1037,3.671e-06,2.563e-05,2.61e-05,0.7271,-0.01115,-0.03201,25
realistic,1,5,srf,Na D,0.08861,2.496e-06,0,0,0.6126,0.8221,0.4178,25
realistic,1,5,srf,O2 A,0.6934,2.042e-06,0,0,0.5343,,,25
realistic,1,5,srf,O2 B,0.2464,1.515e-06,0,0,0.7127,0.2378,0.2403,25
realistic,1,5,srf,all,,7.668e-06,9.303e-06,8.899e-06,0.7709,0.6326,0.6394,25
ideal,0,1,linear,"depth[0.0,0.1)",0.08854,1.726e-06,2.848e-06,2.725e-06,0,0,0.1183,21
ideal,0,1,linear,"depth[0.1,0.2)",0.1041,1.458e-06,1.24e-05,9.555e-06,0,0,-0.001573,79
ideal,0,1,linear,"depth[0.2,0.4)",0.3131,2.626e-05,3.035e-05,3.886e-05,0,0,0.04563,100
ideal,0,1,linear,"depth[0.4,0.6)",0.4334,4.258e-07,0,0,0,0,0.1662,25
ideal,0,1,linear,"depth[0.6,1.0)",0.6934,1.481e-06,0,0,0,,,25
ideal,0,1,ruddick2023,"depth[0.0,0.1)",0.08854,9.047e-09,2.736e-06,2.725e-06,0.9981,0.1178,0.1183,21
ideal,0,1,ruddick2023,"depth[0.1,0.2)",0.1041,2.713e-08,9.54e-06,9.555e-06,0.9866,-0.001384,-0.001573,79
ideal,0,1,ruddick2023,"depth[0.2,0.4)",0.3131,1.738e-07,3.877e-05,3.886e-05,0.9872,0.05041,0.04563,100
ideal,0,1,ruddick2023,"depth[0.4,0.6)",0.4334,4.365e-08,0,0,0.9373,0.1562,0.1662,25
ideal,0,1,ruddick2023,"depth[0.6,1.0)",0.6934,4.372e-08,0,0,0.9806,,,25
ideal,0,1,srf,"depth[0.0,0.1)",0.08854,9.047e-09,2.736e-06,2.725e-06,0.9981,0.1178,0.1183,21
ideal,0,1,srf,"depth[0.1,0.2)",0.1041,2.713e-08,9.54e-06,9.555e-06,0.9866,-0.001384,-0.001573,79
ideal,0,1,srf,"depth[0.2,0.4)",0.3131,1.738e-07,3.877e-05,3.886e-05,0.9872,0.05041,0.04563,100
ideal,0,1,srf,"depth[0.4,0.6)",0.4334,4.365e-08,0,0,0.9373,0.1562,0.1662,25
ideal,0,1,srf,"depth[0.6,1.0)",0.6934,4.372e-08,0,0,0.9806,,,25
ideal,0,5,linear,"depth[0.0,0.1)",0.08854,8.231e-08,0,0,0,0,0.0656,21
ideal,0,5,linear,"depth[0.1,0.2)",0.1041,9.254e-08,0,0,0,0,0.0004696,79
ideal,0,5,linear,"depth[0.2,0.4)",0.3131,1.514e-06,4.436e-06,0,0,0,-0.03697,100
ideal,0,5,linear,"depth[0.4,0.6)",0.4334,2.667e-08,0,0,0,0,-0.04676,25
ideal,0,5,linear,"depth[0.6,1.0)",0.6934,8.211e-08,0,0,0,,,25
ideal,0,5,ruddick2023,"depth[0.0,0.1)",0.08854,1.066e-09,0,0,0.9893,0.06694,0.0656,21
ideal,0,5,ruddick2023,"depth[0.1,0.2)",0.1041,3.134e-09,0,0,0.9716,0.0005498,0.0004696,79
ideal,0,5,ruddick2023,"depth[0.2,0.4)",0.3131,2.043e-08,0,0,0.9737,-0.0369,-0.03697,100
ideal,0,5,ruddick2023,"depth[0.4,0.6)",0.4334,5.439e-09,0,0,0.8351,-0.04748,-0.04676,25
ideal,0,5,ruddick2023,"depth[0.6,1.0)",0.6934,4.702e-09,0,0,0.9629,,,25
ideal,0,5,srf,"depth[0.0,0.1)",0.08854,1.066e-09,0,0,0.9893,0.06694,0.0656,21
ideal,0,5,srf,"depth[0.1,0.2)",0.1041,3.134e-09,0,0,0.9716,0.0005498,0.0004696,79
ideal,0,5,srf,"depth[0.2,0.4)",0.3131,2.043e-08,0,0,0.9737,-0.0369,-0.03697,100
ideal,0,5,srf,"depth[0.4,0.6)",0.4334,5.439e-09,0,0,0.8351,-0.04748,-0.04676,25
ideal,0,5,srf,"depth[0.6,1.0)",0.6934,4.702e-09,0,0,0.9629,,,25
ideal,0.05,1,linear,"depth[0.0,0.1)",0.08854,7.467e-07,0,2.725e-06,0,0,0.0337,21
ideal,0.05,1,linear,"depth[0.1,0.2)",0.1041,5.441e-06,2.049e-05,9.555e-06,0,0,0.08111,79
ideal,0.05,1,linear,"depth[0.2,0.4)",0.3131,2.993e-05,5.998e-05,3.886e-05,0,0,0.3579,100
ideal,0.05,1,linear,"depth[0.4,0.6)",0.4334,1.83e-07,0,0,0,0,0.2537,25
ideal,0.05,1,linear,"depth[0.6,1.0)",0.6934,4.704e-07,0,0,0,,,25
ideal,0.05,1,ruddick2023,"depth[0.0,0.1)",0.08854,2.479e-06,0,2.725e-06,-2.33,-0.0612,0.0337,21
ideal,0.05,1,ruddick2023,"depth[0.1,0.2)",0.1041,8.821e-06,2.052e-05,9.555e-06,-0.2715,-0.003069,0.08111,79
ideal,0.05,1,ruddick2023,"depth[0.2,0.4)",0.3131,6.259e-05,8.334e-05,3.886e-05,-1.483,-0.4482,0.3579,100
ideal,0.05,1,ruddick2023,"depth[0.4,0.6)",0.4334,3.901e-07,0,0,-1.508,-0.6156,0.2537,25
ideal,0.05,1,ruddick2023,"depth[0.6,1.0)",0.6934,1.351e-06,0,0,-2.216,,,25
ideal,0.05,1,srf,"depth[0.0,0.1)",0.08854,9.047e-09,2.736e-06,2.725e-06,0.9956,0.03334,0.0337,21
ideal,0.05,1,srf,"depth[0.1,0.2)",0.1041,2.713e-08,9.54e-06,9.555e-06,0.996,0.08112,0.08111,79
ideal,0.05,1,srf,"depth[0.2,0.4)",0.3131,1.738e-07,3.877e-05,3.886e-05,0.9828,0.3599,0.3579,100
ideal,0.05,1,srf,"depth[0.4,0.6)",0.4334,4.365e-08,0,0,0.6938,0.2497,0.2537,25
ideal,0.05,1,srf,"depth[0.6,1.0)",0.6934,4.372e-08,0,0,0.9262,,,25
ideal,0.05,5,linear,"depth[0.0,0.1)",0.08854,3.359e-08,0,0,0,0,-0.04158,21
ideal,0.05,5,linear,"depth[0.1,0.2)",0.1041,3.601e-07,0,0,0,0,-0.002501,79
ideal,0.05,5,linear,"depth[0.2,0.4)",0.3131,1.421e-06,0,0,0,0,0.02728,100
ideal,0.05,5,linear,"depth[0.4,0.6)",0.4334,1.662e-08,0,0,0,0,0.03395,25
ideal,0.05,5,linear,"depth[0.6,1.0)",0.6934,3.669e-08,0,0,0,,,25
ideal,0.05,5,ruddick2023,"depth[0.0,0.1)",0.08854,1.161e-07,0,0,-2.474,0.07306,-0.04158,21
ideal,0.05,5,ruddick2023,"depth[0.1,0.2)",0.1041,6.003e-07,0,0,-0.3054,0.0005883,-0.002501,79
ideal,0.05,5,ruddick2023,"depth[0.2,0.4)",0.3131,3.327e-06,0,0,-1.367,-0.05179,0.02728,100
ideal,0.05,5,ruddick2023,"depth[0.4,0.6)",0.4334,2.91e-08,0,0,-1.392,-0.06376,0.03395,25
ideal,0.05,5,ruddick2023,"depth[0.6,1.0)",0.6934,8.26e-08,0,0,-2.324,,,25
ideal,0.05,5,srf,"depth[0.0,0.1)",0.08854,1.066e-09,0,0,0.9704,-0.04008,-0.04158,21
ideal,0.05,5,srf,"depth[0.1,0.2)",0.1041,3.134e-09,0,0,0.9902,-0.002385,-0.002501,79
ideal,0.05,5,srf,"depth[0.2,0.4)",0.3131,2.043e-08,0,0,0.9626,0.02746,0.02728,100
ideal,0.05,5,srf,"depth[0.4,0.6)",0.4334,5.439e-09,0,0,0.2897,0.03329,0.03395,25
ideal,0.05,5,srf,"depth[0.6,1.0)",0.6934,4.702e-09,0,0,0.854,,,25
ideal,0.1,1,linear,"depth[0.0,0.1)",0.08854,3.157e-06,0,2.725e-06,0,0,0.136,21
ideal,0.1,1,linear,"depth[0.1,0.2)",0.1041,1.322e-05,3.206e-05,9.555e-06,0,0,0.3055,79
ideal,0.1,1,linear,"depth[0.2,0.4)",0.3131,9.746e-05,0.0001155,3.886e-05,0,0,0.7186,100
ideal,0.1,1,linear,"depth[0.4,0.6)",0.4334,3.03e-07,0,0,0,0,0.6141,25
ideal,0.1,1,linear,"depth[0.6,1.0)",0.6934,9.509e-07,0,0,0,,,25
ideal,0.1,1,ruddick2023,"depth[0.0,0.1)",0.08854,5.092e-06,0,2.725e-06,-0.6119,-0.2254,0.136,21
ideal,0.1,1,ruddick2023,"depth[0.1,0.2)",0.1041,1.803e-05,3.196e-05,9.555e-06,-0.1256,-0.00287,0.3055,79
ideal,0.1,1,ruddick2023,"depth[0.2,0.4)",0.3131,0.0001284,0.000149,3.886e-05,-0.4686,-0.3563,0.7186,100
ideal,0.1,1,ruddick2023,"depth[0.4,0.6)",0.4334,7.523e-07,0,0,-1.377,-0.391,0.6141,25
ideal,0.1,1,ruddick2023,"depth[0.6,1.0)",0.6934,2.637e-06,0,0,-2.233,,,25
ideal,0.1,1,srf,"depth[0.0,0.1)",0.08854,9.047e-09,2.736e-06,2.725e-06,0.999,0.1358,0.136,21
ideal,0.1,1,srf,"depth[0.1,0.2)",0.1041,2.713e-08,9.54e-06,9.555e-06,0.9984,0.3055,0.3055,79
ideal,0.1,1,srf,"depth[0.2,0.4)",0.3131,1.738e-07,3.877e-05,3.886e-05,0.9949,0.7167,0.7186,100
ideal,0.1,1,srf,"depth[0.4,0.6)",0.4334,4.365e-08,0,0,0.9012,0.6146,0.6141,25
ideal,0.1,1,srf,"depth[0.6,1.0)",0.6934,4.372e-08,0,0,0.9634,,,25
ideal,0.1,5,linear,"depth[0.0,0.1)",0.08854,1.464e-07,0,0,0,0,-0.1838,21
ideal,0.1,5,linear,"depth[0.1,0.2)",0.1041,8.307e-07,2.347e-06,0,0,0,-0.005208,79
ideal,0.1,5,linear,"depth[0.2,0.4)",0.3131,4.809e-06,0,0,0,0,0.1108,100
ideal,0.1,5,linear,"depth[0.4,0.6)",0.4334,2.643e-08,0,0,0,0,0.1286,25
ideal,0.1,5,linear,"depth[0.6,1.0)",0.6934,6.366e-08,0,0,0,,,25
ideal,0.1,5,ruddick2023,"depth[0.0,0.1)",0.08854,2.36e-07,0,0,-0.6143,0.07883,-0.1838,21
ideal,0.1,5,ruddick2023,"depth[0.1,0.2)",0.1041,1.21e-06,2.363e-06,0,-0.1369,0.0006344,-0.005208,79
ideal,0.1,5,ruddick2023,"depth[0.2,0.4)",0.3131,6.782e-06,5.393e-06,0,-0.4458,-0.06654,0.1108,100
ideal,0.1,5,ruddick2023,"depth[0.4,0.6)",0.4334,4.185e-08,0,0,-0.5729,-0.07449,0.1286,25
ideal,0.1,5,ruddick2023,"depth[0.6,1.0)",0.6934,1.475e-07,0,0,-2.078,,,25
ideal,0.1,5,srf,"depth[0.0,0.1)",0.08854,1.066e-09,0,0,0.994,-0.1821,-0.1838,21
ideal,0.1,5,srf,"depth[0.1,0.2)",0.1041,3.134e-09,0,0,0.9963,-0.005231,-0.005208,79
ideal,0.1,5,srf,"depth[0.2,0.4)",0.3131,2.043e-08,0,0,0.9896,0.1106,0.1108,100
ideal,0.1,5,srf,"depth[0.4,0.6)",0.4334,5.439e-09,0,0,0.755,0.128,0.1286,25
ideal,0.1,5,srf,"depth[0.6,1.0)",0.6934,4.702e-09,0,0,0.9292,,,25
ideal,0.2,1,linear,"depth[0.0,0.1)",0.08854,8.509e-06,0,2.725e-06,0,0,0.4792,21
ideal,0.2,1,linear,"depth[0.1,0.2)",0.1041,3.54e-05,4.202e-05,9.555e-06,0,0,0.6039,79
ideal,0.2,1,linear,"depth[0.2,0.4)",0.3131,0.0002369,0.0002525,3.886e-05,0,0,0.9007,100
ideal,0.2,1,linear,"depth[0.4,0.6)",0.4334,1.025e-06,0,0,0,0,0.8283,25
ideal,0.2,1,linear,"depth[0.6,1.0)",0.6934,3.493e-06,0,0,0,,,25
ideal,0.2,1,ruddick2023,"depth[0.0,0.1)",0.08854,1.075e-05,0,2.725e-06,-0.264,-0.2512,0.4792,21
ideal,0.2,1,ruddick2023,"depth[0.1,0.2)",0.1041,3.768e-05,4.222e-05,9.555e-06,-0.06436,-0.001161,0.6039,79
ideal,0.2,1,ruddick2023,"depth[0.2,0.4)",0.3131,0.0002701,0.0002873,3.886e-05,-0.2138,-0.2027,0.9007,100
ideal,0.2,1,ruddick2023,"depth[0.4,0.6)",0.4334,1.577e-06,0,0,-0.5249,-0.2032,0.8283,25
ideal,0.2,1,ruddick2023,"depth[0.6,1.0)",0.6934,5.736e-06,0,0,-0.6298,,,25
ideal,0.2,1,srf,"depth[0.0,0.1)",0.08854,9.047e-09,2.736e-06,2.725e-06,0.9996,0.4789,0.4792,21
ideal,0.2,1,srf,"depth[0.1,0.2)",0.1041,2.713e-08,9.54e-06,9.555e-06,0.9993,0.6039,0.6039,79
ideal,0.2,1,srf,"depth[0.2,0.4)",0.3131,1.738e-07,3.877e-05,3.886e-05,0.998,0.899,0.9007,100
ideal,0.2,1,srf,"depth[0.4,0.6)",0.4334,4.365e-08,0,0,0.9741,0.829,0.8283,25
ideal,0.2,1,srf,"depth[0.6,1.0)",0.6934,4.372e-08,0,0,0.9915,,,25
ideal,0.2,5,linear,"depth[0.0,0.1)",0.08854,3.887e-07,0,0,0,0,-0.6876,21
ideal,0.2,5,linear,"depth[0.1,0.2)",0.1041,2.306e-06,3.42e-06,0,0,0,-0.01068,79
ideal,0.2,5,linear,"depth[0.2,0.4)",0.3131,1.209e-05,1.569e-05,0,0,0,0.3905,100
ideal,0.2,5,linear,"depth[0.4,0.6)",0.4334,5.212e-08,0,0,0,0,0.3885,25
ideal,0.2,5,linear,"depth[0.6,1.0)",0.6934,1.901e-07,0,0,0,,,25
ideal,0.2,5,ruddick2023,"depth[0.0,0.1)",0.08854,4.892e-07,0,0,-0.2595,0.07799,-0.6876,21
ideal,0.2,5,ruddick2023,"depth[0.1,0.2)",0.1041,2.463e-06,3.01e-06,0,-0.06812,0.001601,-0.01068,79
ideal,0.2,5,ruddick2023,"depth[0.2,0.4)",0.3131,1.413e-05,1.702e-05,0,-0.2047,-0.08568,0.3905,100
ideal,0.2,5,ruddick2023,"depth[0.4,0.6)",0.4334,7.331e-08,0,0,-0.4011,-0.09871,0.3885,25
ideal,0.2,5,ruddick2023,"depth[0.6,1.0)",0.6934,2.943e-07,0,0,-0.5846,,,25
ideal,0.2,5,srf,"depth[0.0,0.1)",0.08854,1.066e-09,0,0,0.9977,-0.6851,-0.6876,21
ideal,0.2,5,srf,"depth[0.1,0.2)",0.1041,3.134e-09,0,0,0.9983,-0.01071,-0.01068,79
ideal,0.2,5,srf,"depth[0.2,0.4)",0.3131,2.043e-08,0,0,0.9958,0.3883,0.3905,100
ideal,0.2,5,srf,"depth[0.4,0.6)",0.4334,5.439e-09,0,0,0.9301,0.3888,0.3885,25
ideal,0.2,5,srf,"depth[0.6,1.0)",0.6934,4.702e-09,0,0,0.9829,,,25
ideal,0.3,1,linear,"depth[0.0,0.1)",0.08854,1.444e-05,0,2.725e-06,0,0,0.6678,21
ideal,0.3,1,linear,"depth[0.1,0.2)",0.1041,5.654e-05,5e-05,9.555e-06,0,0,0.7394,79
ideal,0.3,1,linear,"depth[0.2,0.4)",0.3131,0.0003882,0.0004029,3.886e-05,0,0,0.9403,100
ideal,0.3,1,linear,"depth[0.4,0.6)",0.4334,1.852e-06,0,0,0,0,0.8961,25
ideal,0.3,1,linear,"depth[0.6,1.0)",0.6934,6.658e-06,0,0,0,,,25
ideal,0.3,1,ruddick2023,"depth[0.0,0.1)",0.08854,1.704e-05,0,2.725e-06,-0.1798,-0.2036,0.6678,21
ideal,0.3,1,ruddick2023,"depth[0.1,0.2)",0.1041,5.912e-05,5.02e-05,9.555e-06,-0.0457,-0.0008567,0.7394,79
ideal,0.3,1,ruddick2023,"depth[0.2,0.4)",0.3131,0.0004263,0.0004409,3.886e-05,-0.1479,-0.1437,0.9403,100
ideal,0.3,1,ruddick2023,"depth[0.4,0.6)",0.4334,2.48e-06,0,0,-0.3362,-0.1437,0.8961,25
ideal,0.3,1,ruddick2023,"depth[0.6,1.0)",0.6934,9.429e-06,0,0,-0.4046,,,25
ideal,0.3,1,srf,"depth[0.0,0.1)",0.08854,9.047e-09,2.736e-06,2.725e-06,0.9998,0.6676,0.6678,21
ideal,0.3,1,srf,"depth[0.1,0.2)",0.1041,2.713e-08,9.54e-06,9.555e-06,0.9996,0.7394,0.7394,79
ideal,0.3,1,srf,"depth[0.2,0.4)",0.3131,1.738e-07,3.877e-05,3.886e-05,0.9988,0.9396,0.9403,100
ideal,0.3,1,srf,"depth[0.4,0.6)",0.4334,4.365e-08,0,0,0.9857,0.8968,0.8961,25
ideal,0.3,1,srf,"depth[0.6,1.0)",0.6934,4.372e-08,0,0,0.9955,,,25
ideal,0.3,5,linear,"depth[0.0,0.1)",0.08854,6.492e-07,0,0,0,0,-2.648,21
ideal,0.3,5,linear,"depth[0.1,0.2)",0.1041,3.599e-06,0,0,0,0,-0.01402,79
ideal,0.3,5,linear,"depth[0.2,0.4)",0.3131,1.98e-05,2.058e-05,0,0,0,0.5738,100
ideal,0.3,5,linear,"depth[0.4,0.6)",0.4334,8.422e-08,0,0,0,0,0.5387,25
ideal,0.3,5,linear,"depth[0.6,1.0)",0.6934,3.398e-07,0,0,0,,,25
ideal,0.3,5,ruddick2023,"depth[0.0,0.1)",0.08854,7.621e-07,0,0,-0.1745,-0.1489,-2.648,21
ideal,0.3,5,ruddick2023,"depth[0.1,0.2)",0.1041,3.77e-06,6.118e-07,0,-0.04733,0.001769,-0.01402,79
ideal,0.3,5,ruddick2023,"depth[0.2,0.4)",0.3131,2.212e-05,2.104e-05,0,-0.1421,-0.08227,0.5738,100
ideal,0.3,5,ruddick2023,"depth[0.4,0.6)",0.4334,1.102e-07,0,0,-0.2844,-0.09204,0.5387,25
ideal,0.3,5,ruddick2023,"depth[0.6,1.0)",0.6934,4.677e-07,0,0,-0.3699,,,25
ideal,0.3,5,srf,"depth[0.0,0.1)",0.08854,1.066e-09,0,0,0.9986,-2.642,-2.648,21
ideal,0.3,5,srf,"depth[0.1,0.2)",0.1041,3.134e-09,0,0,0.9989,-0.01404,-0.01402,79
ideal,0.3,5,srf,"depth[0.2,0.4)",0.3131,2.043e-08,0,0,0.9975,0.5725,0.5738,100
ideal,0.3,5,srf,"depth[0.4,0.6)",0.4334,5.439e-09,0,0,0.9603,0.5392,0.5387,25
ideal,0.3,5,srf,"depth[0.6,1.0)",0.6934,4.702e-09,0,0,0.9907,,,25
ideal,0.4,1,linear,"depth[0.0,0.1)",0.08854,2.101e-05,0,2.725e-06,0,0,0.7665,21
ideal,0.4,1,linear,"depth[0.1,0.2)",0.1041,7.964e-05,5.983e-05,9.555e-06,0,0,0.8117,79
ideal,0.4,1,linear,"depth[0.2,0.4)",0.3131,0.0005544,0.0005668,3.886e-05,0,0,0.9588,100
ideal,0.4,1,linear,"depth[0.4,0.6)",0.4334,2.753e-06,0,0,0,0,0.9282,25
ideal,0.4,1,linear,"depth[0.6,1.0)",0.6934,1.039e-05,0,0,0,0,1,25
ideal,0.4,1,ruddick2023,"depth[0.0,0.1)",0.08854,2.401e-05,0,2.725e-06,-0.1427,-0.1707,0.7665,21
ideal,0.4,1,ruddick2023,"depth[0.1,0.2)",0.1041,8.259e-05,5.998e-05,9.555e-06,-0.03696,-0.0006865,0.8117,79
ideal,0.4,1,ruddick2023,"depth[0.2,0.4)",0.3131,0.0005979,0.0006102,3.886e-05,-0.1183,-0.1161,0.9588,100
ideal,0.4,1,ruddick2023,"depth[0.4,0.6)",0.4334,3.467e-06,0,0,-0.2587,-0.1159,0.9282,25
ideal,0.4,1,ruddick2023,"depth[0.6,1.0)",0.6934,1.383e-05,0,0,-0.3191,-2.105,1,25
ideal,0.4,1,srf,"depth[0.0,0.1)",0.08854,9.047e-09,2.736e-06,2.725e-06,0.9998,0.7663,0.7665,21
ideal,0.4,1,srf,"depth[0.1,0.2)",0.1041,2.713e-08,9.54e-06,9.555e-06,0.9997,0.8117,0.8117,79
ideal,0.4,1,srf,"depth[0.2,0.4)",0.3131,1.738e-07,3.877e-05,3.886e-05,0.9992,0.9582,0.9588,100
ideal,0.4,1,srf,"depth[0.4,0.6)",0.4334,4.365e-08,0,0,0.9904,0.9287,0.9282,25
ideal,0.4,1,srf,"depth[0.6,1.0)",0.6934,4.372e-08,0,0,0.9971,1,1,25
ideal,0.4,5,linear,"depth[0.0,0.1)",0.08854,9.296e-07,0,0,0,,,21
ideal,0.4,5,linear,"depth[0.1,0.2)",0.1041,4.954e-06,8.502e-06,0,0,0,-0.02106,79
ideal,0.4,5,linear,"depth[0.2,0.4)",0.3131,2.818e-05,2.855e-05,0,0,0,0.6949,100
ideal,0.4,5,linear,"depth[0.4,0.6)",0.4334,1.219e-07,0,0,0,0,0.6418,25
ideal,0.4,5,linear,"depth[0.6,1.0)",0.6934,5.13e-07,0,0,0,,,25
ideal,0.4,5,ruddick2023,"depth[0.0,0.1)",0.08854,1.057e-06,0,0,-0.1372,,,21
ideal,0.4,5,ruddick2023,"depth[0.1,0.2)",0.1041,5.14e-06,8.449e-06,0,-0.03756,0.001177,-0.02106,79
ideal,0.4,5,ruddick2023,"depth[0.2,0.4)",0.3131,3.07e-05,3.145e-05,0,-0.1139,-0.08241,0.6949,100
ideal,0.4,5,ruddick2023,"depth[0.4,0.6)",0.4334,1.516e-07,0,0,-0.2255,-0.08528,0.6418,25
ideal,0.4,5,ruddick2023,"depth[0.6,1.0)",0.6934,6.647e-07,0,0,-0.2873,,,25
ideal,0.4,5,srf,"depth[0.0,0.1)",0.08854,1.066e-09,0,0,0.9991,,,21
ideal,0.4,5,srf,"depth[0.1,0.2)",0.1041,3.134e-09,0,0,0.9992,-0.02094,-0.02106,79
ideal,0.4,5,srf,"depth[0.2,0.4)",0.3131,2.043e-08,0,0,0.9983,0.6954,0.6949,100
ideal,0.4,5,srf,"depth[0.4,0.6)",0.4334,5.439e-09,0,0,0.9728,0.6424,0.6418,25
ideal,0.4,5,srf,"depth[0.6,1.0)",0.6934,4.702e-09,0,0,0.9938,,,25
ideal,0.5,1,linear,"depth[0.0,0.1)",0.08854,2.826e-05,0,2.725e-06,0,0,0.8247,21
ideal,0.5,1,linear,"depth[0.1,0.2)",0.1041,0.000105,7.141e-05,9.555e-06,0,0,0.8559,79
ideal,0.5,1,linear,"depth[0.2,0.4)",0.3131,0.0007365,0.0007465,3.886e-05,0,0,0.9694,100
ideal,0.5,1,linear,"depth[0.4,0.6)",0.4334,3.732e-06,0,0,0,0,0.9466,25
ideal,0.5,1,linear,"depth[0.6,1.0)",0.6934,1.481e-05,0,0,0,0,1,25
ideal,0.5,1,ruddick2023,"depth[0.0,0.1)",0.08854,3.172e-05,0,2.725e-06,-0.1225,-0.1502,0.8247,21
ideal,0.5,1,ruddick2023,"depth[0.1,0.2)",0.1041,0.0001084,7.602e-05,9.555e-06,-0.03215,-0.0005747,0.8559,79
ideal,0.5,1,ruddick2023,"depth[0.2,0.4)",0.3131,0.0007862,0.0007959,3.886e-05,-0.1019,-0.1005,0.9694,100
ideal,0.5,1,ruddick2023,"depth[0.4,0.6)",0.4334,4.546e-06,0,0,-0.218,-0.1002,0.9466,25
ideal,0.5,1,ruddick2023,"depth[0.6,1.0)",0.6934,1.91e-05,0,0,-0.277,-1.082,1,25
ideal,0.5,1,srf,"depth[0.0,0.1)",0.08854,9.047e-09,2.736e-06,2.725e-06,0.9999,0.8246,0.8247,21
ideal,0.5,1,srf,"depth[0.1,0.2)",0.1041,2.713e-08,9.54e-06,9.555e-06,0.9998,0.8559,0.8559,79
ideal,0.5,1,srf,"depth[0.2,0.4)",0.3131,1.738e-07,3.877e-05,3.886e-05,0.9994,0.969,0.9694,100
ideal,0.5,1,srf,"depth[0.4,0.6)",0.4334,4.365e-08,0,0,0.9929,0.947,0.9466,25
ideal,0.5,1,srf,"depth[0.6,1.0)",0.6934,4.372e-08,0,0,0.9979,1,1,25
ideal,0.5,5,linear,"depth[0.0,0.1)",0.08854,1.232e-06,0,0,0,,,21
ideal,0.5,5,linear,"depth[0.1,0.2)",0.1041,6.38e-06,1.028e-05,0,0,0,0.008775,79
ideal,0.5,5,linear,"depth[0.2,0.4)",0.3131,3.727e-05,3.764e-05,0,0,0,0.7602,100
ideal,0.5,5,linear,"depth[0.4,0.6)",0.4334,1.627e-07,0,0,0,0,0.7146,25
ideal,0.5,5,linear,"depth[0.6,1.0)",0.6934,7.088e-07,0,0,0,,,25
ideal,0.5,5,ruddick2023,"depth[0.0,0.1)",0.08854,1.375e-06,0,0,-0.1167,,,21
ideal,0.5,5,ruddick2023,"depth[0.1,0.2)",0.1041,6.585e-06,1.021e-05,0,-0.03207,0.001496,0.008775,79
ideal,0.5,5,ruddick2023,"depth[0.2,0.4)",0.3131,3.963e-05,3.985e-05,0,-0.09833,-0.07597,0.7602,100
ideal,0.5,5,ruddick2023,"depth[0.4,0.6)",0.4334,1.961e-07,0,0,-0.1931,-0.07989,0.7146,25
ideal,0.5,5,ruddick2023,"depth[0.6,1.0)",0.6934,8.911e-07,0,0,-0.2472,,,25
ideal,0.5,5,srf,"depth[0.0,0.1)",0.08854,1.066e-09,0,0,0.9993,,,21
ideal,0.5,5,srf,"depth[0.1,0.2)",0.1041,3.134e-09,0,0,0.9994,0.008883,0.008775,79
ideal,0.5,5,srf,"depth[0.2,0.4)",0.3131,2.043e-08,0,0,0.9987,0.7606,0.7602,100
ideal,0.5,5,srf,"depth[0.4,0.6)",0.4334,5.439e-09,0,0,0.9796,0.7152,0.7146,25
ideal,0.5,5,srf,"depth[0.6,1.0)",0.6934,4.702e-09,0,0,0.9954,,,25
ideal,0.6,1,linear,"depth[0.0,0.1)",0.08854,3.625e-05,0,2.725e-06,0,0,0.8624,21
ideal,0.6,1,linear,"depth[0.1,0.2)",0.1041,0.000133,8.476e-05,9.555e-06,0,0,0.8856,79
ideal,0.6,1,linear,"depth[0.2,0.4)",0.3131,0.0009356,0.000943,3.886e-05,0,0,0.9761,100
ideal,0.6,1,linear,"depth[0.4,0.6)",0.4334,4.794e-06,0,0,0,0,0.9584,25
ideal,0.6,1,linear,"depth[0.6,1.0)",0.6934,2.005e-05,0,0,0,0,1,25
ideal,0.6,1,ruddick2023,"depth[0.0,0.1)",0.08854,4.025e-05,0,2.725e-06,-0.1102,-0.1372,0.8624,21
ideal,0.6,1,ruddick2023,"depth[0.1,0.2)",0.1041,0.0001369,9.593e-05,9.555e-06,-0.02938,3.909e-05,0.8856,79
ideal,0.6,1,ruddick2023,"depth[0.2,0.4)",0.3131,0.0009924,0.0009993,3.886e-05,-0.09181,-0.09082,0.9761,100
ideal,0.6,1,ruddick2023,"depth[0.4,0.6)",0.4334,5.728e-06,0,0,-0.1946,-0.09045,0.9584,25
ideal,0.6,1,ruddick2023,"depth[0.6,1.0)",0.6934,2.545e-05,0,0,-0.2544,-0.7617,1,25
ideal,0.6,1,srf,"depth[0.0,0.1)",0.08854,9.047e-09,2.736e-06,2.725e-06,0.9999,0.8623,0.8624,21
ideal,0.6,1,srf,"depth[0.1,0.2)",0.1041,2.713e-08,9.54e-06,9.555e-06,0.9998,0.8856,0.8856,79
ideal,0.6,1,srf,"depth[0.2,0.4)",0.3131,1.738e-07,3.877e-05,3.886e-05,0.9995,0.9759,0.9761,100
ideal,0.6,1,srf,"depth[0.4,0.6)",0.4334,4.365e-08,0,0,0.9945,0.9587,0.9584,25
ideal,0.6,1,srf,"depth[0.6,1.0)",0.6934,4.372e-08,0,0,0.9984,1,1,25
ideal,0.6,5,linear,"depth[0.0,0.1)",0.08854,1.556e-06,0,0,0,0,-2.605,21
ideal,0.6,5,linear,"depth[0.1,0.2)",0.1041,7.891e-06,1.21e-05,0,0,0,0.06027,79
ideal,0.6,5,linear,"depth[0.2,0.4)",0.3131,4.652e-05,4.643e-05,0,0,0,0.8067,100
ideal,0.6,5,linear,"depth[0.4,0.6)",0.4334,2.064e-07,0,0,0,0,0.7678,25
ideal,0.6,5,linear,"depth[0.6,1.0)",0.6934,9.325e-07,0,0,0,,,25
ideal,0.6,5,ruddick2023,"depth[0.0,0.1)",0.08854,1.718e-06,0,0,-0.1042,-1.652,-2.605,21
ideal,0.6,5,ruddick2023,"depth[0.1,0.2)",0.1041,8.118e-06,1.2e-05,0,-0.02874,0.00191,0.06027,79
ideal,0.6,5,ruddick2023,"depth[0.2,0.4)",0.3131,4.915e-05,4.892e-05,0,-0.08878,-0.06991,0.8067,100
ideal,0.6,5,ruddick2023,"depth[0.4,0.6)",0.4334,2.44e-07,0,0,-0.1743,-0.07586,0.7678,25
ideal,0.6,5,ruddick2023,"depth[0.6,1.0)",0.6934,1.154e-06,0,0,-0.2258,,,25
ideal,0.6,5,srf,"depth[0.0,0.1)",0.08854,1.066e-09,0,0,0.9994,-2.595,-2.605,21
ideal,0.6,5,srf,"depth[0.1,0.2)",0.1041,3.134e-09,0,0,0.9995,0.06039,0.06027,79
ideal,0.6,5,srf,"depth[0.2,0.4)",0.3131,2.043e-08,0,0,0.999,0.807,0.8067,100
ideal,0.6,5,srf,"depth[0.4,0.6)",0.4334,5.439e-09,0,0,0.9839,0.7682,0.7678,25
ideal,0.6,5,srf,"depth[0.6,1.0)",0.6934,4.702e-09,0,0,0.9965,,,25
ideal,0.7,1,linear,"depth[0.0,0.1)",0.08854,4.504e-05,0,2.725e-06,0,0,0.8885,21
ideal,0.7,1,linear,"depth[0.1,0.2)",0.1041,0.0001641,0.0001048,9.555e-06,0,0,0.9069,79
ideal,0.7,1,linear,"depth[0.2,0.4)",0.3131,0.001153,0.001157,3.886e-05,0,0,0.9809,100
ideal,0.7,1,linear,"depth[0.4,0.6)",0.4334,5.95e-06,0,0,0,0,0.9666,25
ideal,0.7,1,linear,"depth[0.6,1.0)",0.6934,2.63e-05,0,0,0,0,1,25
ideal,0.7,1,ruddick2023,"depth[0.0,0.1)",0.08854,4.964e-05,0,2.725e-06,-0.1024,-0.1288,0.8885,21
ideal,0.7,1,ruddick2023,"depth[0.1,0.2)",0.1041,0.0001687,0.0001178,9.555e-06,-0.02788,4.671e-05,0.9069,79
ideal,0.7,1,ruddick2023,"depth[0.2,0.4)",0.3131,0.001218,0.001222,3.886e-05,-0.08529,-0.08455,0.9809,100
ideal,0.7,1,ruddick2023,"depth[0.4,0.6)",0.4334,7.028e-06,0,0,-0.1811,-0.08409,0.9666,25
ideal,0.7,1,ruddick2023,"depth[0.6,1.0)",0.6934,3.317e-05,0,0,-0.2427,-0.6192,1,25
ideal,0.7,1,srf,"depth[0.0,0.1)",0.08854,9.047e-09,2.736e-06,2.725e-06,0.9999,0.8885,0.8885,21
ideal,0.7,1,srf,"depth[0.1,0.2)",0.1041,2.713e-08,9.54e-06,9.555e-06,0.9999,0.907,0.9069,79
ideal,0.7,1,srf,"depth[0.2,0.4)",0.3131,1.738e-07,3.877e-05,3.886e-05,0.9996,0.9806,0.9809,100
ideal,0.7,1,srf,"depth[0.4,0.6)",0.4334,4.365e-08,0,0,0.9955,0.9668,0.9666,25
ideal,0.7,1,srf,"depth[0.6,1.0)",0.6934,4.372e-08,0,0,0.9988,1,1,25
ideal,0.7,5,linear,"depth[0.0,0.1)",0.08854,1.905e-06,0,0,0,0,-0.667,21
ideal,0.7,5,linear,"depth[0.1,0.2)",0.1041,9.5e-06,1.344e-05,0,0,0,0.1356,79
ideal,0.7,5,linear,"depth[0.2,0.4)",0.3131,5.636e-05,5.587e-05,0,0,0,0.841,100
ideal,0.7,5,linear,"depth[0.4,0.6)",0.4334,2.532e-07,0,0,0,0,0.8077,25
ideal,0.7,5,linear,"depth[0.6,1.0)",0.6934,1.191e-06,0,0,0,,,25
ideal,0.7,5,ruddick2023,"depth[0.0,0.1)",0.08854,2.087e-06,0,0,-0.09595,-0.6837,-0.667,21
ideal,0.7,5,ruddick2023,"depth[0.1,0.2)",0.1041,9.753e-06,1.349e-05,0,-0.02667,0.002438,0.1356,79
ideal,0.7,5,ruddick2023,"depth[0.2,0.4)",0.3131,5.929e-05,5.865e-05,0,-0.08259,-0.06886,0.841,100
ideal,0.7,5,ruddick2023,"depth[0.4,0.6)",0.4334,2.961e-07,0,0,-0.1629,-0.07296,0.8077,25
ideal,0.7,5,ruddick2023,"depth[0.6,1.0)",0.6934,1.465e-06,0,0,-0.2149,,,25
ideal,0.7,5,srf,"depth[0.0,0.1)",0.08854,1.066e-09,0,0,0.9995,-0.6648,-0.667,21
ideal,0.7,5,srf,"depth[0.1,0.2)",0.1041,3.134e-09,0,0,0.9996,0.1382,0.1356,79
ideal,0.7,5,srf,"depth[0.2,0.4)",0.3131,2.043e-08,0,0,0.9992,0.8413,0.841,100
ideal,0.7,5,srf,"depth[0.4,0.6)",0.4334,5.439e-09,0,0,0.9869,0.8081,0.8077,25
ideal,0.7,5,srf,"depth[0.6,1.0)",0.6934,4.702e-09,0,0,0.9972,,,25
ideal,0.8,1,linear,"depth[0.0,0.1)",0.08854,5.466e-05,0,2.725e-06,0,0,0.9075,21
ideal,0.8,1,linear,"depth[0.1,0.2)",0.1041,0.0001992,0.0001266,9.555e-06,0,0,0.9231,79
ideal,0.8,1,linear,"depth[0.2,0.4)",0.3131,0.00139,0.001391,3.886e-05,0,0,0.9841,100
ideal,0.8,1,linear,"depth[0.4,0.6)",0.4334,7.213e-06,0,0,0,0,0.9726,25
ideal,0.8,1,linear,"depth[0.6,1.0)",0.6934,3.381e-05,0,0,0,0,1,25
ideal,0.8,1,ruddick2023,"depth[0.0,0.1)",0.08854,5.996e-05,0,2.725e-06,-0.09728,-0.1235,0.9075,21
ideal,0.8,1,ruddick2023,"depth[0.1,0.2)",0.1041,0.0002046,0.0001416,9.555e-06,-0.02729,6.5e-05,0.9231,79
ideal,0.8,1,ruddick2023,"depth[0.2,0.4)",0.3131,0.001464,0.001464,3.886e-05,-0.08102,-0.08045,0.9841,100
ideal,0.8,1,ruddick2023,"depth[0.4,0.6)",0.4334,8.473e-06,0,0,-0.1749,-0.07993,0.9726,25
ideal,0.8,1,ruddick2023,"depth[0.6,1.0)",0.6934,4.263e-05,0,0,-0.2382,-0.5426,1,25
ideal,0.8,1,srf,"depth[0.0,0.1)",0.08854,9.047e-09,2.736e-06,2.725e-06,0.9999,0.9075,0.9075,21
ideal,0.8,1,srf,"depth[0.1,0.2)",0.1041,2.713e-08,9.54e-06,9.555e-06,0.9999,0.9231,0.9231,79
ideal,0.8,1,srf,"depth[0.2,0.4)",0.3131,1.738e-07,3.877e-05,3.886e-05,0.9997,0.984,0.9841,100
ideal,0.8,1,srf,"depth[0.4,0.6)",0.4334,4.365e-08,0,0,0.9963,0.9728,0.9726,25
ideal,0.8,1,srf,"depth[0.6,1.0)",0.6934,4.372e-08,0,0,0.999,1,1,25
ideal,0.8,5,linear,"depth[0.0,0.1)",0.08854,2.279e-06,0,0,0,0,-0.0342,21
ideal,0.8,5,linear,"depth[0.1,0.2)",0.1041,1.122e-05,1.409e-05,0,0,0,0.3396,79
ideal,0.8,5,linear,"depth[0.2,0.4)",0.3131,6.683e-05,6.594e-05,0,0,0,0.8672,100
ideal,0.8,5,linear,"depth[0.4,0.6)",0.4334,3.036e-07,0,0,0,0,0.8384,25
ideal,0.8,5,linear,"depth[0.6,1.0)",0.6934,1.493e-06,0,0,0,,,25
ideal,0.8,5,ruddick2023,"depth[0.0,0.1)",0.08854,2.484e-06,0,0,-0.09037,-0.4199,-0.0342,21
ideal,0.8,5,ruddick2023,"depth[0.1,0.2)",0.1041,1.151e-05,1.509e-05,0,-0.02544,0.003093,0.3396,79
ideal,0.8,5,ruddick2023,"depth[0.2,0.4)",0.3131,7.009e-05,6.906e-05,0,-0.0785,-0.06816,0.8672,100
ideal,0.8,5,ruddick2023,"depth[0.4,0.6)",0.4334,3.529e-07,0,0,-0.1559,-0.07097,0.8384,25
ideal,0.8,5,ruddick2023,"depth[0.6,1.0)",0.6934,1.837e-06,0,0,-0.2111,,,25
ideal,0.8,5,srf,"depth[0.0,0.1)",0.08854,1.066e-09,0,0,0.9996,-0.0328,-0.0342,21
ideal,0.8,5,srf,"depth[0.1,0.2)",0.1041,3.134e-09,0,0,0.9997,0.3433,0.3396,79
ideal,0.8,5,srf,"depth[0.2,0.4)",0.3131,2.043e-08,0,0,0.9993,0.8674,0.8672,100
ideal,0.8,5,srf,"depth[0.4,0.6)",0.4334,5.439e-09,0,0,0.9891,0.8388,0.8384,25
ideal,0.8,5,srf,"depth[0.6,1.0)",0.6934,4.702e-09,0,0,0.9977,,,25
ideal,1,1,linear,"depth[0.0,0.1)",0.08854,7.658e-05,0,2.725e-06,0,0,0.9329,21
ideal,1,1,linear,"depth[0.1,0.2)",0.1041,0.0002853,0.0001753,9.555e-06,0,0,0.9463,79
ideal,1,1,linear,"depth[0.2,0.4)",0.3131,0.001929,0.001921,3.886e-05,0,0,0.9885,100
ideal,1,1,linear,"depth[0.4,0.6)",0.4334,1.015e-05,0,0,0,0,0.9806,25
ideal,1,1,linear,"depth[0.6,1.0)",0.6934,5.403e-05,0,0,0,0,1,25
ideal,1,1,ruddick2023,"depth[0.0,0.1)",0.08854,8.361e-05,0,2.725e-06,-0.09215,-0.1191,0.9329,21
ideal,1,1,ruddick2023,"depth[0.1,0.2)",0.1041,0.0002933,0.0001952,9.555e-06,-0.02819,2.26e-05,0.9463,79
ideal,1,1,ruddick2023,"depth[0.2,0.4)",0.3131,0.002027,0.002018,3.886e-05,-0.07685,-0.07621,0.9885,100
ideal,1,1,ruddick2023,"depth[0.4,0.6)",0.4334,1.196e-05,0,0,-0.1792,-0.07584,0.9806,25
ideal,1,1,ruddick2023,"depth[0.6,1.0)",0.6934,6.922e-05,0,0,-0.2443,-0.8892,1,25
ideal,1,1,srf,"depth[0.0,0.1)",0.08854,9.047e-09,2.736e-06,2.725e-06,1,0.9329,0.9329,21
ideal,1,1,srf,"depth[0.1,0.2)",0.1041,2.713e-08,9.54e-06,9.555e-06,0.9999,0.9463,0.9463,79
ideal,1,1,srf,"depth[0.2,0.4)",0.3131,1.738e-07,3.877e-05,3.886e-05,0.9998,0.9886,0.9885,100
ideal,1,1,srf,"depth[0.4,0.6)",0.4334,4.365e-08,0,0,0.9974,0.9807,0.9806,25
ideal,1,1,srf,"depth[0.6,1.0)",0.6934,4.372e-08,0,0,0.9994,1,1,25
ideal,1,5,linear,"depth[0.0,0.1)",0.08854,3.101e-06,0,0,0,0,0.4138,21
ideal,1,5,linear,"depth[0.1,0.2)",0.1041,1.511e-05,1.897e-05,0,0,0,0.5746,79
ideal,1,5,linear,"depth[0.2,0.4)",0.3131,8.972e-05,8.806e-05,0,0,0,0.9038,100
ideal,1,5,linear,"depth[0.4,0.6)",0.4334,4.178e-07,0,0,0,0,0.882,25
ideal,1,5,linear,"depth[0.6,1.0)",0.6934,2.279e-06,0,0,0,,,25
ideal,1,5,ruddick2023,"depth[0.0,0.1)",0.08854,3.361e-06,0,0,-0.08403,-0.2673,0.4138,21
ideal,1,5,ruddick2023,"depth[0.1,0.2)",0.1041,1.548e-05,1.971e-05,0,-0.02474,0.004792,0.5746,79
ideal,1,5,ruddick2023,"depth[0.2,0.4)",0.3131,9.38e-05,9.197e-05,0,-0.07428,-0.06786,0.9038,100
ideal,1,5,ruddick2023,"depth[0.4,0.6)",0.4334,4.853e-07,0,0,-0.1547,-0.06907,0.882,25
ideal,1,5,ruddick2023,"depth[0.6,1.0)",0.6934,2.855e-06,0,0,-0.2185,,,25
ideal,1,5,srf,"depth[0.0,0.1)",0.08854,1.066e-09,0,0,0.9997,0.4147,0.4138,21
ideal,1,5,srf,"depth[0.1,0.2)",0.1041,3.134e-09,0,0,0.9998,0.5756,0.5746,79
ideal,1,5,srf,"depth[0.2,0.4)",0.3131,2.043e-08,0,0,0.9995,0.9039,0.9038,100
ideal,1,5,srf,"depth[0.4,0.6)",0.4334,5.439e-09,0,0,0.9921,0.8822,0.882,25
ideal,1,5,srf,"depth[0.6,1.0)",0.6934,4.702e-09,0,0,0.9984,,,25
noise,0,1,linear,"depth[0.0,0.1)",0.08854,4.582e-05,0,2.725e-06,0,0,0.5417,21
noise,0,1,linear,"depth[0.1,0.2)",0.1041,9.168e-05,0,9.555e-06,0,0,0.8273,79
noise,0,1,linear,"depth[0.2,0.4)",0.3131,0.0002424,0.0001839,3.886e-05,0,0,0.8428,100
noise,0,1,linear,"depth[0.4,0.6)",0.4334,0.0002281,0.0001857,0,0,0,1,25
noise,0,1,linear,"depth[0.6,1.0)",0.6934,3.743e-05,0,0,0,,,25
noise,0,1,ruddick2023,"depth[0.0,0.1)",0.08854,4.557e-05,0,2.725e-06,-0.0004981,-0.08296,0.5417,21
noise,0,1,ruddick2023,"depth[0.1,0.2)",0.1041,9.173e-05,0,9.555e-06,8.658e-05,-5.958e-05,0.8273,79
noise,0,1,ruddick2023,"depth[0.2,0.4)",0.3131,0.0002392,0.0001888,3.886e-05,0.0008469,-0.003639,0.8428,100
noise,0,1,ruddick2023,"depth[0.4,0.6)",0.4334,0.000228,0.0001867,0,-0.001178,-0.002667,1,25
noise,0,1,ruddick2023,"depth[0.6,1.0)",0.6934,3.766e-05,0,0,-0.01247,,,25
noise,0,1,srf,"depth[0.0,0.1)",0.08854,4.557e-05,0,2.725e-06,-0.0004981,-0.08296,0.5417,21
noise,0,1,srf,"depth[0.1,0.2)",0.1041,9.173e-05,0,9.555e-06,8.658e-05,-5.958e-05,0.8273,79
noise,0,1,srf,"depth[0.2,0.4)",0.3131,0.0002392,0.0001888,3.886e-05,0.0008469,-0.003639,0.8428,100
noise,0,1,srf,"depth[0.4,0.6)",0.4334,0.000228,0.0001867,0,-0.001178,-0.002667,1,25
noise,0,1,srf,"depth[0.6,1.0)",0.6934,3.766e-05,0,0,-0.01247,,,25
noise,0,5,linear,"depth[0.0,0.1)",0.08854,1.472e-06,0,0,0,0,0.4857,21
noise,0,5,linear,"depth[0.1,0.2)",0.1041,3.647e-06,0,0,0,0,-0.007201,79
noise,0,5,linear,"depth[0.2,0.4)",0.3131,8.671e-06,1.1e-05,0,0,0,0.1234,100
noise,0,5,linear,"depth[0.4,0.6)",0.4334,6.572e-06,0,0,0,0,0.2617,25
noise,0,5,linear,"depth[0.6,1.0)",0.6934,1.612e-06,0,0,0,,,25
noise,0,5,ruddick2023,"depth[0.0,0.1)",0.08854,1.476e-06,0,0,-0.002754,0.03055,0.4857,21
noise,0,5,ruddick2023,"depth[0.1,0.2)",0.1041,3.642e-06,0,0,-1.469e-05,0.0004091,-0.007201,79
noise,0,5,ruddick2023,"depth[0.2,0.4)",0.3131,8.798e-06,1.08e-05,0,0.0004352,-0.01914,0.1234,100
noise,0,5,ruddick2023,"depth[0.4,0.6)",0.4334,6.571e-06,0,0,-0.001942,-0.0259,0.2617,25
noise,0,5,ruddick2023,"depth[0.6,1.0)",0.6934,1.673e-06,0,0,-0.006505,,,25
noise,0,5,srf,"depth[0.0,0.1)",0.08854,1.476e-06,0,0,-0.002754,0.03055,0.4857,21
noise,0,5,srf,"depth[0.1,0.2)",0.1041,3.642e-06,0,0,-1.469e-05,0.0004091,-0.007201,79
noise,0,5,srf,"depth[0.2,0.4)",0.3131,8.798e-06,1.08e-05,0,0.0004352,-0.01914,0.1234,100
noise,0,5,srf,"depth[0.4,0.6)",0.4334,6.571e-06,0,0,-0.001942,-0.0259,0.2617,25
noise,0,5,srf,"depth[0.6,1.0)",0.6934,1.673e-06,0,0,-0.006505,,,25
noise,0.05,1,linear,"depth[0.0,0.1)",0.08854,4.555e-05,0,2.725e-06,0,0,0.6218,21
noise,0.05,1,linear,"depth[0.1,0.2)",0.1041,9.125e-05,0,9.555e-06,0,0,0.8297,79
noise,0.05,1,linear,"depth[0.2,0.4)",0.3131,0.0002336,0.0001932,3.886e-05,0,0,0.8427,100
noise,0.05,1,linear,"depth[0.4,0.6)",0.4334,0.000228,0.0001865,0,0,0,1,25
noise,0.05,1,linear,"depth[0.6,1.0)",0.6934,3.76e-05,0,0,0,,,25
noise,0.05,1,ruddick2023,"depth[0.0,0.1)",0.08854,4.537e-05,0,2.725e-06,-0.006264,-0.09875,0.6218,21
noise,0.05,1,ruddick2023,"depth[0.1,0.2)",0.1041,9.135e-05,0,9.555e-06,-0.001007,-0.0001703,0.8297,79
noise,0.05,1,ruddick2023,"depth[0.2,0.4)",0.3131,0.0002431,0.0001952,3.886e-05,-0.02136,-0.05353,0.8427,100
noise,0.05,1,ruddick2023,"depth[0.4,0.6)",0.4334,0.0002279,0.0001872,0,-0.003034,-0.0064,1,25
noise,0.05,1,ruddick2023,"depth[0.6,1.0)",0.6934,3.789e-05,0,0,-0.0162,,,25
noise,0.05,1,srf,"depth[0.0,0.1)",0.08854,4.557e-05,0,2.725e-06,0.001193,0.02859,0.6218,21
noise,0.05,1,srf,"depth[0.1,0.2)",0.1041,9.173e-05,0,9.555e-06,9.594e-05,0.008626,0.8297,79
noise,0.05,1,srf,"depth[0.2,0.4)",0.3131,0.0002392,0.0001888,3.886e-05,0.002298,0.01638,0.8427,100
noise,0.05,1,srf,"depth[0.4,0.6)",0.4334,0.000228,0.0001867,0,-0.0002461,-0.0002076,1,25
noise,0.05,1,srf,"depth[0.6,1.0)",0.6934,3.766e-05,0,0,-0.003284,,,25
noise,0.05,5,linear,"depth[0.0,0.1)",0.08854,1.48e-06,0,0,0,0,0.4602,21
noise,0.05,5,linear,"depth[0.1,0.2)",0.1041,3.591e-06,0,0,0,0,-0.00259,79
noise,0.05,5,linear,"depth[0.2,0.4)",0.3131,8.692e-06,1.144e-05,0,0,0,0.1563,100
noise,0.05,5,linear,"depth[0.4,0.6)",0.4334,6.573e-06,0,0,0,0,0.3111,25
noise,0.05,5,linear,"depth[0.6,1.0)",0.6934,1.625e-06,0,0,0,,,25
noise,0.05,5,ruddick2023,"depth[0.0,0.1)",0.08854,1.49e-06,0,0,-0.0129,0.03141,0.4602,21
noise,0.05,5,ruddick2023,"depth[0.1,0.2)",0.1041,3.582e-06,0,0,-0.002726,0.000444,-0.00259,79
noise,0.05,5,ruddick2023,"depth[0.2,0.4)",0.3131,8.89e-06,1.168e-05,0,-0.03547,-0.04937,0.1563,100
noise,0.05,5,ruddick2023,"depth[0.4,0.6)",0.4334,6.572e-06,0,0,-0.002832,-0.03737,0.3111,25
noise,0.05,5,ruddick2023,"depth[0.6,1.0)",0.6934,1.791e-06,0,0,-0.01733,,,25
noise,0.05,5,srf,"depth[0.0,0.1)",0.08854,1.476e-06,0,0,0.0008446,-0.02143,0.4602,21
noise,0.05,5,srf,"depth[0.1,0.2)",0.1041,3.642e-06,0,0,0.001074,-0.00201,-0.00259,79
noise,0.05,5,srf,"depth[0.2,0.4)",0.3131,8.798e-06,1.08e-05,0,0.007259,0.0258,0.1563,100
noise,0.05,5,srf,"depth[0.4,0.6)",0.4334,6.571e-06,0,0,-0.0003426,0.02129,0.3111,25
noise,0.05,5,srf,"depth[0.6,1.0)",0.6934,1.673e-06,0,0,-0.003099,,,25
noise,0.1,1,linear,"depth[0.0,0.1)",0.08854,4.54e-05,0,2.725e-06,0,0,0.6855,21
noise,0.1,1,linear,"depth[0.1,0.2)",0.1041,9.203e-05,0,9.555e-06,0,0,0.8184,79
noise,0.1,1,linear,"depth[0.2,0.4)",0.3131,0.000245,0.0002174,3.886e-05,0,0,0.8581,100
noise,0.1,1,linear,"depth[0.4,0.6)",0.4334,0.000228,0.0001869,0,0,0,1,25
noise,0.1,1,linear,"depth[0.6,1.0)",0.6934,3.782e-05,0,0,0,,,25
noise,0.1,1,ruddick2023,"depth[0.0,0.1)",0.08854,4.531e-05,0,2.725e-06,-0.01085,-0.09757,0.6855,21
noise,0.1,1,ruddick2023,"depth[0.1,0.2)",0.1041,9.233e-05,0,9.555e-06,-0.002457,-0.001322,0.8184,79
noise,0.1,1,ruddick2023,"depth[0.2,0.4)",0.3131,0.0002573,0.000237,3.886e-05,-0.05159,-0.1066,0.8581,100
noise,0.1,1,ruddick2023,"depth[0.4,0.6)",0.4334,0.0002279,0.0001876,0,-0.003169,-0.007752,1,25
noise,0.1,1,ruddick2023,"depth[0.6,1.0)",0.6934,4.045e-05,0,0,-0.02236,,,25
noise,0.1,1,srf,"depth[0.0,0.1)",0.08854,4.557e-05,0,2.725e-06,0.01029,0.1157,0.6855,21
noise,0.1,1,srf,"depth[0.1,0.2)",0.1041,9.173e-05,0,9.555e-06,0.007086,0.05929,0.8184,79
noise,0.1,1,srf,"depth[0.2,0.4)",0.3131,0.0002392,0.0001888,3.886e-05,0.04358,0.131,0.8581,100
noise,0.1,1,srf,"depth[0.4,0.6)",0.4334,0.000228,0.0001867,0,0.002018,0.004798,1,25
noise,0.1,1,srf,"depth[0.6,1.0)",0.6934,3.766e-05,0,0,0.0072,,,25
noise,0.1,5,linear,"depth[0.0,0.1)",0.08854,1.497e-06,0,0,0,0,0.4317,21
noise,0.1,5,linear,"depth[0.1,0.2)",0.1041,3.603e-06,0,0,0,0,0.00475,79
noise,0.1,5,linear,"depth[0.2,0.4)",0.3131,9.156e-06,1.31e-05,0,0,0,0.2035,100
noise,0.1,5,linear,"depth[0.4,0.6)",0.4334,6.574e-06,0,0,0,0,0.4716,25
noise,0.1,5,linear,"depth[0.6,1.0)",0.6934,1.785e-06,0,0,0,,,25
noise,0.1,5,ruddick2023,"depth[0.0,0.1)",0.08854,1.514e-06,0,0,-0.02116,0.03181,0.4317,21
noise,0.1,5,ruddick2023,"depth[0.1,0.2)",0.1041,3.608e-06,0,0,-0.004788,0.0004642,0.00475,79
noise,0.1,5,ruddick2023,"depth[0.2,0.4)",0.3131,9.969e-06,1.425e-05,0,-0.0726,-0.06118,0.2035,100
noise,0.1,5,ruddick2023,"depth[0.4,0.6)",0.4334,6.572e-06,0,0,-0.00301,-0.05773,0.4716,25
noise,0.1,5,ruddick2023,"depth[0.6,1.0)",0.6934,1.908e-06,0,0,-0.02171,,,25
noise,0.1,5,srf,"depth[0.0,0.1)",0.08854,1.476e-06,0,0,0.01422,-0.07634,0.4317,21
noise,0.1,5,srf,"depth[0.1,0.2)",0.1041,3.642e-06,0,0,0.03224,-0.004258,0.00475,79
noise,0.1,5,srf,"depth[0.2,0.4)",0.3131,8.798e-06,1.08e-05,0,0.07329,0.1045,0.2035,100
noise,0.1,5,srf,"depth[0.4,0.6)",0.4334,6.571e-06,0,0,0.001779,0.1007,0.4716,25
noise,0.1,5,srf,"depth[0.6,1.0)",0.6934,1.673e-06,0,0,0.009005,,,25
noise,0.2,1,linear,"depth[0.0,0.1)",0.08854,4.552e-05,0,2.725e-06,0,0,0.7642,21
noise,0.2,1,linear,"depth[0.1,0.2)",0.1041,9.981e-05,3.471e-05,9.555e-06,0,0,0.8107,79
noise,0.2,1,linear,"depth[0.2,0.4)",0.3131,0.0003307,0.0002814,3.886e-05,0,0,0.9184,100
noise,0.2,1,linear,"depth[0.4,0.6)",0.4334,0.000228,0.0001873,0,0,0,1,25
noise,0.2,1,linear,"depth[0.6,1.0)",0.6934,4.075e-05,0,0,0,,,25
noise,0.2,1,ruddick2023,"depth[0.0,0.1)",0.08854,4.569e-05,0,2.725e-06,-0.02158,-0.09011,0.7642,21
noise,0.2,1,ruddick2023,"depth[0.1,0.2)",0.1041,0.0001002,3.973e-05,9.555e-06,-0.007166,-0.001398,0.8107,79
noise,0.2,1,ruddick2023,"depth[0.2,0.4)",0.3131,0.0003607,0.0003186,3.886e-05,-0.09076,-0.1205,0.9184,100
noise,0.2,1,ruddick2023,"depth[0.4,0.6)",0.4334,0.0002279,0.0001879,0,-0.003543,-0.005497,1,25
noise,0.2,1,ruddick2023,"depth[0.6,1.0)",0.6934,4.158e-05,0,0,-0.034,,,25
noise,0.2,1,srf,"depth[0.0,0.1)",0.08854,4.557e-05,0,2.725e-06,0.04532,0.2207,0.7642,21
noise,0.2,1,srf,"depth[0.1,0.2)",0.1041,9.173e-05,0,9.555e-06,0.04751,0.21,0.8107,79
noise,0.2,1,srf,"depth[0.2,0.4)",0.3131,0.0002392,0.0001888,3.886e-05,0.2142,0.4163,0.9184,100
noise,0.2,1,srf,"depth[0.4,0.6)",0.4334,0.000228,0.0001867,0,0.007571,0.00686,1,25
noise,0.2,1,srf,"depth[0.6,1.0)",0.6934,3.766e-05,0,0,0.04301,,,25
noise,0.2,5,linear,"depth[0.0,0.1)",0.08854,1.558e-06,0,0,0,0,0.3636,21
noise,0.2,5,linear,"depth[0.1,0.2)",0.1041,3.892e-06,2.21e-06,0,0,0,0.005655,79
noise,0.2,5,linear,"depth[0.2,0.4)",0.3131,1.351e-05,1.677e-05,0,0,0,0.4207,100
noise,0.2,5,linear,"depth[0.4,0.6)",0.4334,6.575e-06,0,0,0,0,0.5923,25
noise,0.2,5,linear,"depth[0.6,1.0)",0.6934,1.904e-06,0,0,0,,,25
noise,0.2,5,ruddick2023,"depth[0.0,0.1)",0.08854,1.591e-06,0,0,-0.03383,0.02998,0.3636,21
noise,0.2,5,ruddick2023,"depth[0.1,0.2)",0.1041,3.931e-06,2.137e-06,0,-0.01285,0.001055,0.005655,79
noise,0.2,5,ruddick2023,"depth[0.2,0.4)",0.3131,1.493e-05,1.758e-05,0,-0.1092,-0.07476,0.4207,100
noise,0.2,5,ruddick2023,"depth[0.4,0.6)",0.4334,6.587e-06,0,0,-0.003374,-0.06794,0.5923,25
noise,0.2,5,ruddick2023,"depth[0.6,1.0)",0.6934,1.975e-06,0,0,-0.04354,,,25
noise,0.2,5,srf,"depth[0.0,0.1)",0.08854,1.476e-06,0,0,0.08174,-0.1997,0.3636,21
noise,0.2,5,srf,"depth[0.1,0.2)",0.1041,3.642e-06,0,0,0.1175,-0.004609,0.005655,79
noise,0.2,5,srf,"depth[0.2,0.4)",0.3131,8.798e-06,1.08e-05,0,0.3004,0.2982,0.4207,100
noise,0.2,5,srf,"depth[0.4,0.6)",0.4334,6.571e-06,0,0,0.006657,0.2556,0.5923,25
noise,0.2,5,srf,"depth[0.6,1.0)",0.6934,1.673e-06,0,0,0.04027,,,25
noise,0.3,1,linear,"depth[0.0,0.1)",0.08854,4.64e-05,0,2.725e-06,0,0,0.5639,21
noise,0.3,1,linear,"depth[0.1,0.2)",0.1041,0.0001123,6.121e-05,9.555e-06,0,0,0.8265,79
noise,0.3,1,linear,"depth[0.2,0.4)",0.3131,0.0004523,0.0004373,3.886e-05,0,0,0.9456,100
noise,0.3,1,linear,"depth[0.4,0.6)",0.4334,0.000228,0.0001861,0,0,0,1,25
noise,0.3,1,linear,"depth[0.6,1.0)",0.6934,4.19e-05,0,0,0,,,25
noise,0.3,1,ruddick2023,"depth[0.0,0.1)",0.08854,4.693e-05,0,2.725e-06,-0.03313,-0.4254,0.5639,21
noise,0.3,1,ruddick2023,"depth[0.1,0.2)",0.1041,0.000115,6.252e-05,9.555e-06,-0.009857,-0.0009143,0.8265,79
noise,0.3,1,ruddick2023,"depth[0.2,0.4)",0.3131,0.0004929,0.0004849,3.886e-05,-0.1015,-0.1119,0.9456,100
noise,0.3,1,ruddick2023,"depth[0.4,0.6)",0.4334,0.000228,0.000186,0,-0.004099,-0.002833,1,25
noise,0.3,1,ruddick2023,"depth[0.6,1.0)",0.6934,4.379e-05,0,0,-0.05551,,,25
noise,0.3,1,srf,"depth[0.0,0.1)",0.08854,4.557e-05,0,2.725e-06,0.1361,1,0.5639,21
noise,0.3,1,srf,"depth[0.1,0.2)",0.1041,9.173e-05,0,9.555e-06,0.1241,0.3486,0.8265,79
noise,0.3,1,srf,"depth[0.2,0.4)",0.3131,0.0002392,0.0001888,3.886e-05,0.4044,0.5986,0.9456,100
noise,0.3,1,srf,"depth[0.4,0.6)",0.4334,0.000228,0.0001867,0,0.01337,0.005136,1,25
noise,0.3,1,srf,"depth[0.6,1.0)",0.6934,3.766e-05,0,0,0.08856,,,25
noise,0.3,5,linear,"depth[0.0,0.1)",0.08854,1.659e-06,0,0,0,0,0.232,21
noise,0.3,5,linear,"depth[0.1,0.2)",0.1041,4.655e-06,7.326e-06,0,0,0,0.02091,79
noise,0.3,5,linear,"depth[0.2,0.4)",0.3131,2.028e-05,2.012e-05,0,0,0,0.6164,100
noise,0.3,5,linear,"depth[0.4,0.6)",0.4334,6.599e-06,0,0,0,0,0.6238,25
noise,0.3,5,linear,"depth[0.6,1.0)",0.6934,1.997e-06,0,0,0,,,25
noise,0.3,5,ruddick2023,"depth[0.0,0.1)",0.08854,1.711e-06,0,0,-0.0473,0.004112,0.232,21
noise,0.3,5,ruddick2023,"depth[0.1,0.2)",0.1041,4.791e-06,7.29e-06,0,-0.01893,0.001962,0.02091,79
noise,0.3,5,ruddick2023,"depth[0.2,0.4)",0.3131,2.204e-05,2.231e-05,0,-0.1062,-0.07942,0.6164,100
noise,0.3,5,ruddick2023,"depth[0.4,0.6)",0.4334,6.624e-06,0,0,-0.003793,-0.07599,0.6238,25
noise,0.3,5,ruddick2023,"depth[0.6,1.0)",0.6934,2.083e-06,0,0,-0.05987,,,25
noise,0.3,5,srf,"depth[0.0,0.1)",0.08854,1.476e-06,0,0,0.1526,-0.3227,0.232,21
noise,0.3,5,srf,"depth[0.1,0.2)",0.1041,3.642e-06,0,0,0.2472,-0.008522,0.02091,79
noise,0.3,5,srf,"depth[0.2,0.4)",0.3131,8.798e-06,1.08e-05,0,0.5128,0.5058,0.6164,100
noise,0.3,5,srf,"depth[0.4,0.6)",0.4334,6.571e-06,0,0,0.01174,0.3995,0.6238,25
noise,0.3,5,srf,"depth[0.6,1.0)",0.6934,1.673e-06,0,0,0.08392,,,25
noise,0.4,1,linear,"depth[0.0,0.1)",0.08854,4.824e-05,0,2.725e-06,0,0,0.7274,21
noise,0.4,1,linear,"depth[0.1,0.2)",0.1041,0.0001263,7.387e-05,9.555e-06,0,0,0.8594,79
noise,0.4,1,linear,"depth[0.2,0.4)",0.3131,0.0006015,0.0005986,3.886e-05,0,0,0.9607,100
noise,0.4,1,linear,"depth[0.4,0.6)",0.4334,0.0002281,0.0001811,0,0,0,1,25
noise,0.4,1,linear,"depth[0.6,1.0)",0.6934,4.385e-05,0,0,0,,,25
noise,0.4,1,ruddick2023,"depth[0.0,0.1)",0.08854,4.925e-05,0,2.725e-06,-0.05884,-0.2415,0.7274,21
noise,0.4,1,ruddick2023,"depth[0.1,0.2)",0.1041,0.0001325,7.541e-05,9.555e-06,-0.01382,-0.0007604,0.8594,79
noise,0.4,1,ruddick2023,"depth[0.2,0.4)",0.3131,0.0006483,0.0006425,3.886e-05,-0.09382,-0.1015,0.9607,100
noise,0.4,1,ruddick2023,"depth[0.4,0.6)",0.4334,0.0002282,0.00018,0,-0.004779,-0.002238,1,25
noise,0.4,1,ruddick2023,"depth[0.6,1.0)",0.6934,4.457e-05,0,0,-0.06814,,,25
noise,0.4,1,srf,"depth[0.0,0.1)",0.08854,4.557e-05,0,2.725e-06,0.1924,1,0.7274,21
noise,0.4,1,srf,"depth[0.1,0.2)",0.1041,9.173e-05,0,9.555e-06,0.2288,0.4738,0.8594,79
noise,0.4,1,srf,"depth[0.2,0.4)",0.3131,0.0002392,0.0001888,3.886e-05,0.5561,0.7015,0.9607,100
noise,0.4,1,srf,"depth[0.4,0.6)",0.4334,0.000228,0.0001867,0,0.01971,0.002342,1,25
noise,0.4,1,srf,"depth[0.6,1.0)",0.6934,3.766e-05,0,0,0.1511,,,25
noise,0.4,5,linear,"depth[0.0,0.1)",0.08854,1.802e-06,0,0,0,0,0.1685,21
noise,0.4,5,linear,"depth[0.1,0.2)",0.1041,5.811e-06,1.037e-05,0,0,0,0.08997,79
noise,0.4,5,linear,"depth[0.2,0.4)",0.3131,2.803e-05,2.989e-05,0,0,0,0.7132,100
noise,0.4,5,linear,"depth[0.4,0.6)",0.4334,6.636e-06,0,0,0,0,0.7144,25
noise,0.4,5,linear,"depth[0.6,1.0)",0.6934,2.143e-06,0,0,0,,,25
noise,0.4,5,ruddick2023,"depth[0.0,0.1)",0.08854,1.875e-06,0,0,-0.05814,-0.04535,0.1685,21
noise,0.4,5,ruddick2023,"depth[0.1,0.2)",0.1041,5.973e-06,1.033e-05,0,-0.02244,0.003491,0.08997,79
noise,0.4,5,ruddick2023,"depth[0.2,0.4)",0.3131,3.006e-05,3.243e-05,0,-0.09537,-0.0765,0.7132,100
noise,0.4,5,ruddick2023,"depth[0.4,0.6)",0.4334,6.664e-06,0,0,-0.004257,-0.07553,0.7144,25
noise,0.4,5,ruddick2023,"depth[0.6,1.0)",0.6934,2.169e-06,0,0,-0.07065,,,25
noise,0.4,5,srf,"depth[0.0,0.1)",0.08854,1.476e-06,0,0,0.234,-0.3189,0.1685,21
noise,0.4,5,srf,"depth[0.1,0.2)",0.1041,3.642e-06,0,0,0.3708,0.03567,0.08997,79
noise,0.4,5,srf,"depth[0.2,0.4)",0.3131,8.798e-06,1.08e-05,0,0.6436,0.6444,0.7132,100
noise,0.4,5,srf,"depth[0.4,0.6)",0.4334,6.571e-06,0,0,0.01722,0.5159,0.7144,25
noise,0.4,5,srf,"depth[0.6,1.0)",0.6934,1.673e-06,0,0,0.1753,,,25
noise,0.5,1,linear,"depth[0.0,0.1)",0.08854,5.123e-05,0,2.725e-06,0,0,0.8086,21
noise,0.5,1,linear,"depth[0.1,0.2)",0.1041,0.0001447,8.752e-05,9.555e-06,0,0,0.8841,79
noise,0.5,1,linear,"depth[0.2,0.4)",0.3131,0.000771,0.0007681,3.886e-05,0,0,0.9702,100
noise,0.5,1,linear,"depth[0.4,0.6)",0.4334,0.0002283,0.0001714,0,0,0,0.9871,25
noise,0.5,1,linear,"depth[0.6,1.0)",0.6934,4.525e-05,0,0,0,,,25
noise,0.5,1,ruddick2023,"depth[0.0,0.1)",0.08854,5.285e-05,0,2.725e-06,-0.06835,-0.1814,0.8086,21
noise,0.5,1,ruddick2023,"depth[0.1,0.2)",0.1041,0.0001471,8.856e-05,9.555e-06,-0.01693,-0.0005781,0.8841,79
noise,0.5,1,ruddick2023,"depth[0.2,0.4)",0.3131,0.0008283,0.0008226,3.886e-05,-0.09264,-0.09266,0.9702,100
noise,0.5,1,ruddick2023,"depth[0.4,0.6)",0.4334,0.0002284,0.0001687,0,-0.005579,-0.04505,0.9871,25
noise,0.5,1,ruddick2023,"depth[0.6,1.0)",0.6934,5.533e-05,0,0,-0.08166,,,25
noise,0.5,1,srf,"depth[0.0,0.1)",0.08854,4.557e-05,0,2.725e-06,0.2576,1,0.8086,21
noise,0.5,1,srf,"depth[0.1,0.2)",0.1041,9.173e-05,0,9.555e-06,0.3296,0.5672,0.8841,79
noise,0.5,1,srf,"depth[0.2,0.4)",0.3131,0.0002392,0.0001888,3.886e-05,0.657,0.7689,0.9702,100
noise,0.5,1,srf,"depth[0.4,0.6)",0.4334,0.000228,0.0001867,0,0.02666,0.3021,0.9871,25
noise,0.5,1,srf,"depth[0.6,1.0)",0.6934,3.766e-05,0,0,0.2399,,,25
noise,0.5,5,linear,"depth[0.0,0.1)",0.08854,1.988e-06,0,0,0,0,0.05914,21
noise,0.5,5,linear,"depth[0.1,0.2)",0.1041,7.102e-06,1.187e-05,0,0,0,0.3455,79
noise,0.5,5,linear,"depth[0.2,0.4)",0.3131,3.649e-05,3.948e-05,0,0,0,0.7702,100
noise,0.5,5,linear,"depth[0.4,0.6)",0.4334,6.676e-06,0,0,0,0,0.755,25
noise,0.5,5,linear,"depth[0.6,1.0)",0.6934,2.265e-06,0,0,0,,,25
noise,0.5,5,ruddick2023,"depth[0.0,0.1)",0.08854,2.091e-06,0,0,-0.06616,-0.08327,0.05914,21
noise,0.5,5,ruddick2023,"depth[0.1,0.2)",0.1041,7.289e-06,1.181e-05,0,-0.02275,0.003352,0.3455,79
noise,0.5,5,ruddick2023,"depth[0.2,0.4)",0.3131,3.963e-05,4.207e-05,0,-0.08712,-0.07261,0.7702,100
noise,0.5,5,ruddick2023,"depth[0.4,0.6)",0.4334,6.707e-06,0,0,-0.004759,-0.07389,0.755,25
noise,0.5,5,ruddick2023,"depth[0.6,1.0)",0.6934,2.559e-06,0,0,-0.09547,,,25
noise,0.5,5,srf,"depth[0.0,0.1)",0.08854,1.476e-06,0,0,0.3277,-0.2627,0.05914,21
noise,0.5,5,srf,"depth[0.1,0.2)",0.1041,3.642e-06,0,0,0.4749,0.2303,0.3455,79
noise,0.5,5,srf,"depth[0.2,0.4)",0.3131,8.798e-06,1.08e-05,0,0.7161,0.7165,0.7702,100
noise,0.5,5,srf,"depth[0.4,0.6)",0.4334,6.571e-06,0,0,0.02309,0.6185,0.755,25
noise,0.5,5,srf,"depth[0.6,1.0)",0.6934,1.673e-06,0,0,0.2651,,,25
noise,0.6,1,linear,"depth[0.0,0.1)",0.08854,5.553e-05,0,2.725e-06,0,0,0.8553,21
noise,0.6,1,linear,"depth[0.1,0.2)",0.1041,0.0001635,0.000102,9.555e-06,0,0,0.9014,79
noise,0.6,1,linear,"depth[0.2,0.4)",0.3131,0.0009695,0.0009652,3.886e-05,0,0,0.9765,100
noise,0.6,1,linear,"depth[0.4,0.6)",0.4334,0.0002285,0.0001542,0,0,0,0.9897,25
noise,0.6,1,linear,"depth[0.6,1.0)",0.6934,5.759e-05,0,0,0,0,1,25
noise,0.6,1,ruddick2023,"depth[0.0,0.1)",0.08854,5.786e-05,0,2.725e-06,-0.07245,-0.1548,0.8553,21
noise,0.6,1,ruddick2023,"depth[0.1,0.2)",0.1041,0.0001664,0.000103,9.555e-06,-0.01914,-0.0002566,0.9014,79
noise,0.6,1,ruddick2023,"depth[0.2,0.4)",0.3131,0.001038,0.001035,3.886e-05,-0.0856,-0.08581,0.9765,100
noise,0.6,1,ruddick2023,"depth[0.4,0.6)",0.4334,0.0002287,0.0001487,0,-0.00617,-0.04111,0.9897,25
noise,0.6,1,ruddick2023,"depth[0.6,1.0)",0.6934,7.031e-05,0,0,-0.1012,-1.204,1,25
noise,0.6,1,srf,"depth[0.0,0.1)",0.08854,4.557e-05,0,2.725e-06,0.3403,1,0.8553,21
noise,0.6,1,srf,"depth[0.1,0.2)",0.1041,9.173e-05,0,9.555e-06,0.4305,0.6454,0.9014,79
noise,0.6,1,srf,"depth[0.2,0.4)",0.3131,0.0002392,0.0001888,3.886e-05,0.7277,0.8158,0.9765,100
noise,0.6,1,srf,"depth[0.4,0.6)",0.4334,0.000228,0.0001867,0,0.03431,0.3354,0.9897,25
noise,0.6,1,srf,"depth[0.6,1.0)",0.6934,3.766e-05,0,0,0.3075,1,1,25
noise,0.6,5,linear,"depth[0.0,0.1)",0.08854,2.219e-06,0,0,0,0,0.1332,21
noise,0.6,5,linear,"depth[0.1,0.2)",0.1041,8.51e-06,1.305e-05,0,0,0,0.398,79
noise,0.6,5,linear,"depth[0.2,0.4)",0.3131,4.691e-05,4.852e-05,0,0,0,0.8137,100
noise,0.6,5,linear,"depth[0.4,0.6)",0.4334,6.718e-06,0,0,0,0,0.806,25
noise,0.6,5,linear,"depth[0.6,1.0)",0.6934,2.59e-06,0,0,0,,,25
noise,0.6,5,ruddick2023,"depth[0.0,0.1)",0.08854,2.491e-06,0,0,-0.07028,-0.1491,0.1332,21
noise,0.6,5,ruddick2023,"depth[0.1,0.2)",0.1041,8.722e-06,1.308e-05,0,-0.02316,0.003153,0.398,79
noise,0.6,5,ruddick2023,"depth[0.2,0.4)",0.3131,4.975e-05,5.095e-05,0,-0.08204,-0.06728,0.8137,100
noise,0.6,5,ruddick2023,"depth[0.4,0.6)",0.4334,6.754e-06,0,0,-0.005294,-0.07178,0.806,25
noise,0.6,5,ruddick2023,"depth[0.6,1.0)",0.6934,2.773e-06,0,0,-0.1102,,,25
noise,0.6,5,srf,"depth[0.0,0.1)",0.08854,1.476e-06,0,0,0.4033,-0.1315,0.1332,21
noise,0.6,5,srf,"depth[0.1,0.2)",0.1041,3.642e-06,0,0,0.5542,0.3422,0.398,79
noise,0.6,5,srf,"depth[0.2,0.4)",0.3131,8.798e-06,1.08e-05,0,0.7682,0.7666,0.8137,100
noise,0.6,5,srf,"depth[0.4,0.6)",0.4334,6.571e-06,0,0,0.02931,0.6879,0.806,25
noise,0.6,5,srf,"depth[0.6,1.0)",0.6934,1.673e-06,0,0,0.3323,,,25
noise,0.7,1,linear,"depth[0.0,0.1)",0.08854,6.122e-05,0,2.725e-06,0,0,0.8854,21
noise,0.7,1,linear,"depth[0.1,0.2)",0.1041,0.0001893,0.0001179,9.555e-06,0,0,0.9151,79
noise,0.7,1,linear,"depth[0.2,0.4)",0.3131,0.001194,0.00119,3.886e-05,0,0,0.9809,100
noise,0.7,1,linear,"depth[0.4,0.6)",0.4334,0.0002289,8.125e-05,0,0,0,0.9831,25
noise,0.7,1,linear,"depth[0.6,1.0)",0.6934,7.053e-05,0,0,0,0,1,25
noise,0.7,1,ruddick2023,"depth[0.0,0.1)",0.08854,6.437e-05,0,2.725e-06,-0.07516,-0.1401,0.8854,21
noise,0.7,1,ruddick2023,"depth[0.1,0.2)",0.1041,0.0001931,0.0001225,9.555e-06,-0.02067,-0.0002587,0.9151,79
noise,0.7,1,ruddick2023,"depth[0.2,0.4)",0.3131,0.001265,0.001261,3.886e-05,-0.0814,-0.08098,0.9809,100
noise,0.7,1,ruddick2023,"depth[0.4,0.6)",0.4334,0.0002291,4.23e-05,0,-0.006984,-0.07834,0.9831,25
noise,0.7,1,ruddick2023,"depth[0.6,1.0)",0.6934,7.53e-05,0,0,-0.1217,-1.172,1,25
noise,0.7,1,srf,"depth[0.0,0.1)",0.08854,4.557e-05,0,2.725e-06,0.4185,1,0.8854,21
noise,0.7,1,srf,"depth[0.1,0.2)",0.1041,9.173e-05,0,9.555e-06,0.5094,0.7239,0.9151,79
noise,0.7,1,srf,"depth[0.2,0.4)",0.3131,0.0002392,0.0001888,3.886e-05,0.7814,0.8496,0.9809,100
noise,0.7,1,srf,"depth[0.4,0.6)",0.4334,0.000228,0.0001867,0,0.04272,0.7495,0.9831,25
noise,0.7,1,srf,"depth[0.6,1.0)",0.6934,3.766e-05,0,0,0.3749,1,1,25
noise,0.7,5,linear,"depth[0.0,0.1)",0.08854,2.617e-06,0,0,0,0,0.2543,21
noise,0.7,5,linear,"depth[0.1,0.2)",0.1041,1.003e-05,1.403e-05,0,0,0,0.3164,79
noise,0.7,5,linear,"depth[0.2,0.4)",0.3131,5.682e-05,5.781e-05,0,0,0,0.8433,100
noise,0.7,5,linear,"depth[0.4,0.6)",0.4334,6.764e-06,0,0,0,0,0.8425,25
noise,0.7,5,linear,"depth[0.6,1.0)",0.6934,2.827e-06,0,0,0,,,25
noise,0.7,5,ruddick2023,"depth[0.0,0.1)",0.08854,2.926e-06,0,0,-0.07218,-0.1879,0.2543,21
noise,0.7,5,ruddick2023,"depth[0.1,0.2)",0.1041,1.027e-05,1.412e-05,0,-0.0227,0.002894,0.3164,79
noise,0.7,5,ruddick2023,"depth[0.2,0.4)",0.3131,6.044e-05,6.056e-05,0,-0.07792,-0.06673,0.8433,100
noise,0.7,5,ruddick2023,"depth[0.4,0.6)",0.4334,6.803e-06,0,0,-0.006103,-0.0705,0.8425,25
noise,0.7,5,ruddick2023,"depth[0.6,1.0)",0.6934,3.225e-06,0,0,-0.1298,,,25
noise,0.7,5,srf,"depth[0.0,0.1)",0.08854,1.476e-06,0,0,0.4772,0.01018,0.2543,21
noise,0.7,5,srf,"depth[0.1,0.2)",0.1041,3.642e-06,0,0,0.617,0.4599,0.3164,79
noise,0.7,5,srf,"depth[0.2,0.4)",0.3131,8.798e-06,1.08e-05,0,0.811,0.8073,0.8433,100
noise,0.7,5,srf,"depth[0.4,0.6)",0.4334,6.571e-06,0,0,0.03585,0.7409,0.8425,25
noise,0.7,5,srf,"depth[0.6,1.0)",0.6934,1.673e-06,0,0,0.3982,,,25
noise,0.8,1,linear,"depth[0.0,0.1)",0.08854,6.834e-05,0,2.725e-06,0,0,0.9046,21
noise,0.8,1,linear,"depth[0.1,0.2)",0.1041,0.0002202,0.0001357,9.555e-06,0,0,0.9274,79
noise,0.8,1,linear,"depth[0.2,0.4)",0.3131,0.001433,0.001427,3.886e-05,0,0,0.9843,100
noise,0.8,1,linear,"depth[0.4,0.6)",0.4334,0.0002293,0,0,0,0,0.9852,25
noise,0.8,1,linear,"depth[0.6,1.0)",0.6934,7.65e-05,0,0,0,0,1,25
noise,0.8,1,ruddick2023,"depth[0.0,0.1)",0.08854,7.411e-05,0,2.725e-06,-0.07708,-0.1314,0.9046,21
noise,0.8,1,ruddick2023,"depth[0.1,0.2)",0.1041,0.0002251,0.0001458,9.555e-06,-0.02228,-0.0001207,0.9274,79
noise,0.8,1,ruddick2023,"depth[0.2,0.4)",0.3131,0.001507,0.001501,3.886e-05,-0.078,-0.0777,0.9843,100
noise,0.8,1,ruddick2023,"depth[0.4,0.6)",0.4334,0.0002296,0,0,-0.008147,-0.07724,0.9852,25
noise,0.8,1,ruddick2023,"depth[0.6,1.0)",0.6934,9.098e-05,0,0,-0.1507,-0.6833,1,25
noise,0.8,1,srf,"depth[0.0,0.1)",0.08854,4.557e-05,0,2.725e-06,0.4894,1,0.9046,21
noise,0.8,1,srf,"depth[0.1,0.2)",0.1041,9.173e-05,0,9.555e-06,0.579,0.7693,0.9274,79
noise,0.8,1,srf,"depth[0.2,0.4)",0.3131,0.0002392,0.0001888,3.886e-05,0.8211,0.8737,0.9843,100
noise,0.8,1,srf,"depth[0.4,0.6)",0.4334,0.000228,0.0001867,0,0.05069,0.8275,0.9852,25
noise,0.8,1,srf,"depth[0.6,1.0)",0.6934,3.766e-05,0,0,0.44,1,1,25
noise,0.8,5,linear,"depth[0.0,0.1)",0.08854,3.045e-06,0,0,0,0,0.368,21
noise,0.8,5,linear,"depth[0.1,0.2)",0.1041,1.167e-05,1.496e-05,0,0,0,0.3855,79
noise,0.8,5,linear,"depth[0.2,0.4)",0.3131,6.779e-05,6.779e-05,0,0,0,0.8678,100
noise,0.8,5,linear,"depth[0.4,0.6)",0.4334,6.812e-06,0,0,0,0,0.8696,25
noise,0.8,5,linear,"depth[0.6,1.0)",0.6934,3.268e-06,0,0,0,,,25
noise,0.8,5,ruddick2023,"depth[0.0,0.1)",0.08854,3.392e-06,0,0,-0.07295,-0.1888,0.368,21
noise,0.8,5,ruddick2023,"depth[0.1,0.2)",0.1041,1.194e-05,1.514e-05,0,-0.02274,0.003265,0.3855,79
noise,0.8,5,ruddick2023,"depth[0.2,0.4)",0.3131,7.136e-05,7.088e-05,0,-0.07499,-0.06584,0.8678,100
noise,0.8,5,ruddick2023,"depth[0.4,0.6)",0.4334,6.856e-06,0,0,-0.007204,-0.06949,0.8696,25
noise,0.8,5,ruddick2023,"depth[0.6,1.0)",0.6934,3.536e-06,0,0,-0.1497,,,25
noise,0.8,5,srf,"depth[0.0,0.1)",0.08854,1.476e-06,0,0,0.5418,0.1324,0.368,21
noise,0.8,5,srf,"depth[0.1,0.2)",0.1041,3.642e-06,0,0,0.6644,0.5158,0.3855,79
noise,0.8,5,srf,"depth[0.2,0.4)",0.3131,8.798e-06,1.08e-05,0,0.8397,0.8412,0.8678,100
noise,0.8,5,srf,"depth[0.4,0.6)",0.4334,6.571e-06,0,0,0.04268,0.7822,0.8696,25
noise,0.8,5,srf,"depth[0.6,1.0)",0.6934,1.673e-06,0,0,0.4618,,,25
noise,1,1,linear,"depth[0.0,0.1)",0.08854,8.921e-05,0,2.725e-06,0,0,0.932,21
noise,1,1,linear,"depth[0.1,0.2)",0.1041,0.0003038,0.0001803,9.555e-06,0,0,0.9466,79
noise,1,1,linear,"depth[0.2,0.4)",0.3131,0.001964,0.001953,3.886e-05,0,0,0.9888,100
noise,1,1,linear,"depth[0.4,0.6)",0.4334,0.0002303,0,0,0,0,0.9894,25
noise,1,1,linear,"depth[0.6,1.0)",0.6934,0.0001091,0,0,0,0,1,25
noise,1,1,ruddick2023,"depth[0.0,0.1)",0.08854,0.0001012,0,2.725e-06,-0.08005,-0.125,0.932,21
noise,1,1,ruddick2023,"depth[0.1,0.2)",0.1041,0.0003115,0.000198,9.555e-06,-0.02537,-0.0002834,0.9466,79
noise,1,1,ruddick2023,"depth[0.2,0.4)",0.3131,0.002062,0.002049,3.886e-05,-0.07495,-0.07472,0.9888,100
noise,1,1,ruddick2023,"depth[0.4,0.6)",0.4334,0.0002308,0,0,-0.01111,-0.07455,0.9894,25
noise,1,1,ruddick2023,"depth[0.6,1.0)",0.6934,0.0001316,0,0,-0.2046,-0.494,1,25
noise,1,1,srf,"depth[0.0,0.1)",0.08854,4.557e-05,0,2.725e-06,0.6347,1,0.932,21
noise,1,1,srf,"depth[0.1,0.2)",0.1041,9.173e-05,0,9.555e-06,0.6878,0.8368,0.9466,79
noise,1,1,srf,"depth[0.2,0.4)",0.3131,0.0002392,0.0001888,3.886e-05,0.873,0.9103,0.9888,100
noise,1,1,srf,"depth[0.4,0.6)",0.4334,0.000228,0.0001867,0,0.06727,0.8962,0.9894,25
noise,1,1,srf,"depth[0.6,1.0)",0.6934,3.766e-05,0,0,0.5758,1,1,25
noise,1,5,linear,"depth[0.0,0.1)",0.08854,3.979e-06,0,0,0,0,0.5414,21
noise,1,5,linear,"depth[0.1,0.2)",0.1041,1.538e-05,1.911e-05,0,0,0,0.5577,79
noise,1,5,linear,"depth[0.2,0.4)",0.3131,9.175e-05,8.98e-05,0,0,0,0.9053,100
noise,1,5,linear,"depth[0.4,0.6)",0.4334,6.915e-06,0,0,0,0,0.8798,25
noise,1,5,linear,"depth[0.6,1.0)",0.6934,3.896e-06,0,0,0,,,25
noise,1,5,ruddick2023,"depth[0.0,0.1)",0.08854,4.415e-06,0,0,-0.07541,-0.289,0.5414,21
noise,1,5,ruddick2023,"depth[0.1,0.2)",0.1041,1.574e-05,1.889e-05,0,-0.02297,0.00443,0.5577,79
noise,1,5,ruddick2023,"depth[0.2,0.4)",0.3131,9.582e-05,9.369e-05,0,-0.0719,-0.06608,0.9053,100
noise,1,5,ruddick2023,"depth[0.4,0.6)",0.4334,6.967e-06,0,0,-0.01021,-0.06882,0.8798,25
noise,1,5,ruddick2023,"depth[0.6,1.0)",0.6934,4.556e-06,0,0,-0.1821,,,25
noise,1,5,srf,"depth[0.0,0.1)",0.08854,1.476e-06,0,0,0.6447,0.3448,0.5414,21
noise,1,5,srf,"depth[0.1,0.2)",0.1041,3.642e-06,0,0,0.7438,0.5771,0.5577,79
noise,1,5,srf,"depth[0.2,0.4)",0.3131,8.798e-06,1.08e-05,0,0.8801,0.8842,0.9053,100
noise,1,5,srf,"depth[0.4,0.6)",0.4334,6.571e-06,0,0,0.05751,0.8508,0.8798,25
noise,1,5,srf,"depth[0.6,1.0)",0.6934,1.673e-06,0,0,0.5891,,,25
realistic,0,1,linear,"depth[0.0,0.1)",0.08854,4.905e-05,0,2.725e-06,0,0,0.7875,21
realistic,0,1,linear,"depth[0.1,0.2)",0.1041,9.506e-05,2.545e-05,9.555e-06,0,0,0.7543,79
realistic,0,1,linear,"depth[0.2,0.4)",0.3131,0.0002469,0.0002129,3.886e-05,0,0,0.8553,100
realistic,0,1,linear,"depth[0.4,0.6)",0.4334,0.0001758,5.92e-05,0,0,0,0.9103,25
realistic,0,1,linear,"depth[0.6,1.0)",0.6934,3.935e-05,0,0,0,0,1,25
realistic,0,1,ruddick2023,"depth[0.0,0.1)",0.08854,4.917e-05,0,2.725e-06,0.005053,0.01026,0.7875,21
realistic,0,1,ruddick2023,"depth[0.1,0.2)",0.1041,9.492e-05,2.572e-05,9.555e-06,0.0002722,-0.0001543,0.7543,79
realistic,0,1,ruddick2023,"depth[0.2,0.4)",0.3131,0.0002523,0.0002223,3.886e-05,0.00555,0.003117,0.8553,100
realistic,0,1,ruddick2023,"depth[0.4,0.6)",0.4334,0.000176,6.078e-05,0,-0.00123,-0.002339,0.9103,25
realistic,0,1,ruddick2023,"depth[0.6,1.0)",0.6934,4.026e-05,0,0,-0.005979,0.0232,1,25
realistic,0,1,srf,"depth[0.0,0.1)",0.08854,4.937e-05,0,2.725e-06,0.002114,0.0007495,0.7875,21
realistic,0,1,srf,"depth[0.1,0.2)",0.1041,9.295e-05,2.971e-05,9.555e-06,-0.002594,-0.01159,0.7543,79
realistic,0,1,srf,"depth[0.2,0.4)",0.3131,0.0002677,0.0002499,3.886e-05,-0.0002161,-0.03005,0.8553,100
realistic,0,1,srf,"depth[0.4,0.6)",0.4334,0.0001762,6.377e-05,0,-0.003625,-0.01315,0.9103,25
realistic,0,1,srf,"depth[0.6,1.0)",0.6934,4.419e-05,0,0,-0.01123,0.04727,1,25
realistic,0,5,linear,"depth[0.0,0.1)",0.08854,2.156e-06,0,0,0,0,-1.505,21
realistic,0,5,linear,"depth[0.1,0.2)",0.1041,4.22e-06,0,0,0,0,-0.0161,79
realistic,0,5,linear,"depth[0.2,0.4)",0.3131,1.185e-05,9.317e-06,0,0,0,0.1517,100
realistic,0,5,linear,"depth[0.4,0.6)",0.4334,5.824e-06,0,0,0,0,0.2937,25
realistic,0,5,linear,"depth[0.6,1.0)",0.6934,1.964e-06,0,0,0,,,25
realistic,0,5,ruddick2023,"depth[0.0,0.1)",0.08854,2.14e-06,0,0,0.007108,0.5556,-1.505,21
realistic,0,5,ruddick2023,"depth[0.1,0.2)",0.1041,4.219e-06,0,0,0.0008283,0.0006655,-0.0161,79
realistic,0,5,ruddick2023,"depth[0.2,0.4)",0.3131,1.165e-05,8.989e-06,0,0.009348,-0.01588,0.1517,100
realistic,0,5,ruddick2023,"depth[0.4,0.6)",0.4334,5.834e-06,0,0,-0.001729,-0.02433,0.2937,25
realistic,0,5,ruddick2023,"depth[0.6,1.0)",0.6934,1.961e-06,0,0,-0.0112,,,25
realistic,0,5,srf,"depth[0.0,0.1)",0.08854,2.164e-06,0,0,0.008503,0.644,-1.505,21
realistic,0,5,srf,"depth[0.1,0.2)",0.1041,4.125e-06,1.868e-06,0,-0.009735,0.003267,-0.0161,79
realistic,0,5,srf,"depth[0.2,0.4)",0.3131,1.112e-05,8.344e-06,0,0.00357,-0.04692,0.1517,100
realistic,0,5,srf,"depth[0.4,0.6)",0.4334,5.844e-06,0,0,-0.003067,-0.07266,0.2937,25
realistic,0,5,srf,"depth[0.6,1.0)",0.6934,2.061e-06,0,0,-0.03496,,,25
realistic,0.05,1,linear,"depth[0.0,0.1)",0.08854,4.927e-05,0,2.725e-06,0,0,0.7888,21
realistic,0.05,1,linear,"depth[0.1,0.2)",0.1041,9.255e-05,2.826e-05,9.555e-06,0,0,0.7457,79
realistic,0.05,1,linear,"depth[0.2,0.4)",0.3131,0.0002587,0.0002421,3.886e-05,0,0,0.8544,100
realistic,0.05,1,linear,"depth[0.4,0.6)",0.4334,0.000176,6.217e-05,0,0,0,0.915,25
realistic,0.05,1,linear,"depth[0.6,1.0)",0.6934,4.019e-05,0,0,0,0,1,25
realistic,0.05,1,ruddick2023,"depth[0.0,0.1)",0.08854,4.947e-05,0,2.725e-06,-0.0006688,0.0006464,0.7888,21
realistic,0.05,1,ruddick2023,"depth[0.1,0.2)",0.1041,9.245e-05,2.843e-05,9.555e-06,-0.0008143,-0.0004281,0.7457,79
realistic,0.05,1,ruddick2023,"depth[0.2,0.4)",0.3131,0.0002704,0.0002529,3.886e-05,-0.01153,-0.04516,0.8544,100
realistic,0.05,1,ruddick2023,"depth[0.4,0.6)",0.4334,0.0001762,6.332e-05,0,-0.002216,-0.01839,0.915,25
realistic,0.05,1,ruddick2023,"depth[0.6,1.0)",0.6934,4.416e-05,0,0,-0.008872,0.02668,1,25
realistic,0.05,1,srf,"depth[0.0,0.1)",0.08854,4.947e-05,0,2.725e-06,-0.0006688,0.0006464,0.7888,21
realistic,0.05,1,srf,"depth[0.1,0.2)",0.1041,9.245e-05,2.843e-05,9.555e-06,-0.0008143,-0.0004281,0.7457,79
realistic,0.05,1,srf,"depth[0.2,0.4)",0.3131,0.0002704,0.0002529,3.886e-05,-0.01153,-0.04516,0.8544,100
realistic,0.05,1,srf,"depth[0.4,0.6)",0.4334,0.0001762,6.332e-05,0,-0.002216,-0.01839,0.915,25
realistic,0.05,1,srf,"depth[0.6,1.0)",0.6934,4.416e-05,0,0,-0.008872,0.02668,1,25
realistic,0.05,5,linear,"depth[0.0,0.1)",0.08854,2.159e-06,0,0,0,0,-0.2757,21
realistic,0.05,5,linear,"depth[0.1,0.2)",0.1041,4.136e-06,1.981e-06,0,0,0,-0.01832,79
realistic,0.05,5,linear,"depth[0.2,0.4)",0.3131,1.143e-05,9.058e-06,0,0,0,0.1892,100
realistic,0.05,5,linear,"depth[0.4,0.6)",0.4334,5.832e-06,0,0,0,0,0.3458,25
realistic,0.05,5,linear,"depth[0.6,1.0)",0.6934,1.959e-06,0,0,0,,,25
realistic,0.05,5,ruddick2023,"depth[0.0,0.1)",0.08854,2.171e-06,0,0,-0.001721,0.1486,-0.2757,21
realistic,0.05,5,ruddick2023,"depth[0.1,0.2)",0.1041,4.139e-06,1.961e-06,0,-0.001246,0.0007153,-0.01832,79
realistic,0.05,5,ruddick2023,"depth[0.2,0.4)",0.3131,1.124e-05,9.042e-06,0,-0.01275,-0.03586,0.1892,100
realistic,0.05,5,ruddick2023,"depth[0.4,0.6)",0.4334,5.844e-06,0,0,-0.001908,-0.03286,0.3458,25
realistic,0.05,5,ruddick2023,"depth[0.6,1.0)",0.6934,2.06e-06,0,0,-0.0204,,,25
realistic,0.05,5,srf,"depth[0.0,0.1)",0.08854,2.171e-06,0,0,-0.001721,0.1486,-0.2757,21
realistic,0.05,5,srf,"depth[0.1,0.2)",0.1041,4.139e-06,1.961e-06,0,-0.001246,0.0007153,-0.01832,79
realistic,0.05,5,srf,"depth[0.2,0.4)",0.3131,1.124e-05,9.042e-06,0,-0.01275,-0.03586,0.1892,100
realistic,0.05,5,srf,"depth[0.4,0.6)",0.4334,5.844e-06,0,0,-0.001908,-0.03286,0.3458,25
realistic,0.05,5,srf,"depth[0.6,1.0)",0.6934,2.06e-06,0,0,-0.0204,,,25
realistic,0.1,1,linear,"depth[0.0,0.1)",0.08854,4.961e-05,0,2.725e-06,0,0,0.7928,21
realistic,0.1,1,linear,"depth[0.1,0.2)",0.1041,9.134e-05,3.514e-05,9.555e-06,0,0,0.7425,79
realistic,0.1,1,linear,"depth[0.2,0.4)",0.3131,0.0002756,0.0002614,3.886e-05,0,0,0.8719,100
realistic,0.1,1,linear,"depth[0.4,0.6)",0.4334,0.0001761,6.413e-05,0,0,0,0.9232,25
realistic,0.1,1,linear,"depth[0.6,1.0)",0.6934,4.401e-05,0,0,0,0,1,25
realistic,0.1,1,ruddick2023,"depth[0.0,0.1)",0.08854,4.925e-05,0,2.725e-06,-0.0063,-0.01087,0.7928,21
realistic,0.1,1,ruddick2023,"depth[0.1,0.2)",0.1041,9.469e-05,3.52e-05,9.555e-06,-0.001788,-0.0005779,0.7425,79
realistic,0.1,1,ruddick2023,"depth[0.2,0.4)",0.3131,0.0002842,0.0002717,3.886e-05,-0.04035,-0.07844,0.8719,100
realistic,0.1,1,ruddick2023,"depth[0.4,0.6)",0.4334,0.0001764,6.48e-05,0,-0.002311,-0.03054,0.9232,25
realistic,0.1,1,ruddick2023,"depth[0.6,1.0)",0.6934,4.559e-05,0,0,-0.01157,0.03048,1,25
realistic,0.1,1,srf,"depth[0.0,0.1)",0.08854,4.95e-05,0,2.725e-06,0.002203,0.008947,0.7928,21
realistic,0.1,1,srf,"depth[0.1,0.2)",0.1041,9.191e-05,2.699e-05,9.555e-06,0.005266,0.03431,0.7425,79
realistic,0.1,1,srf,"depth[0.2,0.4)",0.3131,0.0002729,0.0002561,3.886e-05,0.008953,0.01816,0.8719,100
realistic,0.1,1,srf,"depth[0.4,0.6)",0.4334,0.0001762,6.282e-05,0,-0.0001629,0.006345,0.9232,25
realistic,0.1,1,srf,"depth[0.6,1.0)",0.6934,4.412e-05,0,0,-0.002371,-0.001491,1,25
realistic,0.1,5,linear,"depth[0.0,0.1)",0.08854,2.203e-06,0,0,0,0,-0.6679,21
realistic,0.1,5,linear,"depth[0.1,0.2)",0.1041,4.23e-06,2.236e-06,0,0,0,-0.01843,79
realistic,0.1,5,linear,"depth[0.2,0.4)",0.3131,1.126e-05,8.898e-06,0,0,0,0.2416,100
realistic,0.1,5,linear,"depth[0.4,0.6)",0.4334,5.841e-06,0,0,0,0,0.4057,25
realistic,0.1,5,linear,"depth[0.6,1.0)",0.6934,2.051e-06,0,0,0,,,25
realistic,0.1,5,ruddick2023,"depth[0.0,0.1)",0.08854,2.245e-06,0,0,-0.008331,0.2336,-0.6679,21
realistic,0.1,5,ruddick2023,"depth[0.1,0.2)",0.1041,4.283e-06,2.214e-06,0,-0.003302,0.001019,-0.01843,79
realistic,0.1,5,ruddick2023,"depth[0.2,0.4)",0.3131,1.181e-05,1.038e-05,0,-0.04682,-0.05347,0.2416,100
realistic,0.1,5,ruddick2023,"depth[0.4,0.6)",0.4334,5.854e-06,0,0,-0.002098,-0.04796,0.4057,25
realistic,0.1,5,ruddick2023,"depth[0.6,1.0)",0.6934,2.085e-06,0,0,-0.02246,,,25
realistic,0.1,5,srf,"depth[0.0,0.1)",0.08854,2.179e-06,0,0,0.00373,-0.1076,-0.6679,21
realistic,0.1,5,srf,"depth[0.1,0.2)",0.1041,4.158e-06,2.052e-06,0,0.008354,-0.001297,-0.01843,79
realistic,0.1,5,srf,"depth[0.2,0.4)",0.3131,1.137e-05,9.228e-06,0,0.003356,0.01779,0.2416,100
realistic,0.1,5,srf,"depth[0.4,0.6)",0.4334,5.843e-06,0,0,-0.0001628,0.01859,0.4057,25
realistic,0.1,5,srf,"depth[0.6,1.0)",0.6934,2.059e-06,0,0,-0.004924,,,25
realistic,0.2,1,linear,"depth[0.0,0.1)",0.08854,4.955e-05,0,2.725e-06,0,0,0.721,21
realistic,0.2,1,linear,"depth[0.1,0.2)",0.1041,0.0001002,5.08e-05,9.555e-06,0,0,0.7772,79
realistic,0.2,1,linear,"depth[0.2,0.4)",0.3131,0.0003395,0.0003503,3.886e-05,0,0,0.9094,100
realistic,0.2,1,linear,"depth[0.4,0.6)",0.4334,0.0001765,6.46e-05,0,0,0,0.9418,25
realistic,0.2,1,linear,"depth[0.6,1.0)",0.6934,4.6e-05,0,0,0,0,1,25
realistic,0.2,1,ruddick2023,"depth[0.0,0.1)",0.08854,4.92e-05,0,2.725e-06,-0.01404,-0.06705,0.721,21
realistic,0.2,1,ruddick2023,"depth[0.1,0.2)",0.1041,0.0001052,5.155e-05,9.555e-06,-0.003658,-0.0007088,0.7772,79
realistic,0.2,1,ruddick2023,"depth[0.2,0.4)",0.3131,0.0003763,0.0003865,3.886e-05,-0.06784,-0.1068,0.9094,100
realistic,0.2,1,ruddick2023,"depth[0.4,0.6)",0.4334,0.0001767,6.401e-05,0,-0.003134,-0.06334,0.9418,25
realistic,0.2,1,ruddick2023,"depth[0.6,1.0)",0.6934,4.665e-05,0,0,-0.02298,0.03913,1,25
realistic,0.2,1,srf,"depth[0.0,0.1)",0.08854,4.954e-05,0,2.725e-06,0.02326,0.05912,0.721,21
realistic,0.2,1,srf,"depth[0.1,0.2)",0.1041,9.077e-05,2.545e-05,9.555e-06,0.05828,0.1479,0.7772,79
realistic,0.2,1,srf,"depth[0.2,0.4)",0.3131,0.0002782,0.0002633,3.886e-05,0.1605,0.2483,0.9094,100
realistic,0.2,1,srf,"depth[0.4,0.6)",0.4334,0.0001762,6.169e-05,0,0.003594,0.1034,0.9418,25
realistic,0.2,1,srf,"depth[0.6,1.0)",0.6934,4.404e-05,0,0,0.0162,-0.09221,1,25
realistic,0.2,5,linear,"depth[0.0,0.1)",0.08854,2.286e-06,0,0,0,,,21
realistic,0.2,5,linear,"depth[0.1,0.2)",0.1041,4.907e-06,5.834e-06,0,0,0,-0.003433,79
realistic,0.2,5,linear,"depth[0.2,0.4)",0.3131,1.44e-05,1.704e-05,0,0,0,0.409,100
realistic,0.2,5,linear,"depth[0.4,0.6)",0.4334,5.862e-06,0,0,0,0,0.5499,25
realistic,0.2,5,linear,"depth[0.6,1.0)",0.6934,2.1e-06,0,0,0,,,25
realistic,0.2,5,ruddick2023,"depth[0.0,0.1)",0.08854,2.294e-06,0,0,-0.01862,,,21
realistic,0.2,5,ruddick2023,"depth[0.1,0.2)",0.1041,4.993e-06,5.81e-06,0,-0.007833,0.001345,-0.003433,79
realistic,0.2,5,ruddick2023,"depth[0.2,0.4)",0.3131,1.596e-05,1.78e-05,0,-0.08754,-0.07665,0.409,100
realistic,0.2,5,ruddick2023,"depth[0.4,0.6)",0.4334,5.876e-06,0,0,-0.002185,-0.05604,0.5499,25
realistic,0.2,5,ruddick2023,"depth[0.6,1.0)",0.6934,2.14e-06,0,0,-0.0437,,,25
realistic,0.2,5,srf,"depth[0.0,0.1)",0.08854,2.197e-06,0,0,0.03714,,,21
realistic,0.2,5,srf,"depth[0.1,0.2)",0.1041,4.154e-06,2.233e-06,0,0.08657,-0.004184,-0.003433,79
realistic,0.2,5,srf,"depth[0.2,0.4)",0.3131,1.175e-05,9.857e-06,0,0.1735,0.1885,0.409,100
realistic,0.2,5,srf,"depth[0.4,0.6)",0.4334,5.842e-06,0,0,0.002695,0.1658,0.5499,25
realistic,0.2,5,srf,"depth[0.6,1.0)",0.6934,2.058e-06,0,0,0.03197,,,25
realistic,0.3,1,linear,"depth[0.0,0.1)",0.08854,4.998e-05,0,2.725e-06,0,0,0.6899,21
realistic,0.3,1,linear,"depth[0.1,0.2)",0.1041,0.0001171,5.899e-05,9.555e-06,0,0,0.7973,79
realistic,0.3,1,linear,"depth[0.2,0.4)",0.3131,0.0004592,0.0004676,3.886e-05,0,0,0.9401,100
realistic,0.3,1,linear,"depth[0.4,0.6)",0.4334,0.0001768,5.874e-05,0,0,0,0.9566,25
realistic,0.3,1,linear,"depth[0.6,1.0)",0.6934,4.713e-05,0,0,0,0,1,25
realistic,0.3,1,ruddick2023,"depth[0.0,0.1)",0.08854,4.983e-05,0,2.725e-06,-0.02619,-0.1418,0.6899,21
realistic,0.3,1,ruddick2023,"depth[0.1,0.2)",0.1041,0.0001203,5.927e-05,9.555e-06,-0.008205,-0.001141,0.7973,79
realistic,0.3,1,ruddick2023,"depth[0.2,0.4)",0.3131,0.0005045,0.0005128,3.886e-05,-0.0905,-0.1083,0.9401,100
realistic,0.3,1,ruddick2023,"depth[0.4,0.6)",0.4334,0.000177,5.599e-05,0,-0.004253,-0.07951,0.9566,25
realistic,0.3,1,ruddick2023,"depth[0.6,1.0)",0.6934,4.849e-05,0,0,-0.03635,0.04889,1,25
realistic,0.3,1,srf,"depth[0.0,0.1)",0.08854,4.958e-05,0,2.725e-06,0.05822,0.2089,0.6899,21
realistic,0.3,1,srf,"depth[0.1,0.2)",0.1041,8.955e-05,2.898e-05,9.555e-06,0.1477,0.2818,0.7973,79
realistic,0.3,1,srf,"depth[0.2,0.4)",0.3131,0.0002829,0.0002703,3.886e-05,0.3613,0.4313,0.9401,100
realistic,0.3,1,srf,"depth[0.4,0.6)",0.4334,0.0001762,6.031e-05,0,0.007686,0.2564,0.9566,25
realistic,0.3,1,srf,"depth[0.6,1.0)",0.6934,4.396e-05,0,0,0.03989,-0.2735,1,25
realistic,0.3,5,linear,"depth[0.0,0.1)",0.08854,2.344e-06,0,0,0,,,21
realistic,0.3,5,linear,"depth[0.1,0.2)",0.1041,5.574e-06,8.011e-06,0,0,0,0.01878,79
realistic,0.3,5,linear,"depth[0.2,0.4)",0.3131,2.016e-05,2.071e-05,0,0,0,0.5763,100
realistic,0.3,5,linear,"depth[0.4,0.6)",0.4334,5.885e-06,0,0,0,0,0.6572,25
realistic,0.3,5,linear,"depth[0.6,1.0)",0.6934,2.155e-06,0,0,0,,,25
realistic,0.3,5,ruddick2023,"depth[0.0,0.1)",0.08854,2.367e-06,0,0,-0.0347,,,21
realistic,0.3,5,ruddick2023,"depth[0.1,0.2)",0.1041,5.675e-06,7.993e-06,0,-0.0157,0.001932,0.01878,79
realistic,0.3,5,ruddick2023,"depth[0.2,0.4)",0.3131,2.201e-05,2.239e-05,0,-0.1016,-0.08078,0.5763,100
realistic,0.3,5,ruddick2023,"depth[0.4,0.6)",0.4334,5.902e-06,0,0,-0.002304,-0.06089,0.6572,25
realistic,0.3,5,ruddick2023,"depth[0.6,1.0)",0.6934,2.201e-06,0,0,-0.05585,,,25
realistic,0.3,5,srf,"depth[0.0,0.1)",0.08854,2.216e-06,0,0,0.105,,,21
realistic,0.3,5,srf,"depth[0.1,0.2)",0.1041,4.149e-06,2.413e-06,0,0.2136,-0.006161,0.01878,79
realistic,0.3,5,srf,"depth[0.2,0.4)",0.3131,1.229e-05,1.067e-05,0,0.3728,0.449,0.5763,100
realistic,0.3,5,srf,"depth[0.4,0.6)",0.4334,5.841e-06,0,0,0.005823,0.2923,0.6572,25
realistic,0.3,5,srf,"depth[0.6,1.0)",0.6934,2.056e-06,0,0,0.1028,,,25
realistic,0.4,1,linear,"depth[0.0,0.1)",0.08854,5.12e-05,0,2.725e-06,0,0,0.7869,21
realistic,0.4,1,linear,"depth[0.1,0.2)",0.1041,0.0001323,7.962e-05,9.555e-06,0,0,0.8299,79
realistic,0.4,1,linear,"depth[0.2,0.4)",0.3131,0.0006159,0.0006238,3.886e-05,0,0,0.9583,100
realistic,0.4,1,linear,"depth[0.4,0.6)",0.4334,0.0001771,5.058e-05,0,0,0,0.9669,25
realistic,0.4,1,linear,"depth[0.6,1.0)",0.6934,5.121e-05,0,0,0,0,1,25
realistic,0.4,1,ruddick2023,"depth[0.0,0.1)",0.08854,5.135e-05,0,2.725e-06,-0.04153,-0.1518,0.7869,21
realistic,0.4,1,ruddick2023,"depth[0.1,0.2)",0.1041,0.0001338,8.013e-05,9.555e-06,-0.01248,-0.001163,0.8299,79
realistic,0.4,1,ruddick2023,"depth[0.2,0.4)",0.3131,0.000674,0.0006809,3.886e-05,-0.09458,-0.09927,0.9583,100
realistic,0.4,1,ruddick2023,"depth[0.4,0.6)",0.4334,0.0001769,5.035e-05,0,-0.004953,-0.08322,0.9669,25
realistic,0.4,1,ruddick2023,"depth[0.6,1.0)",0.6934,6.043e-05,0,0,-0.05178,0.05516,1,25
realistic,0.4,1,srf,"depth[0.0,0.1)",0.08854,4.961e-05,0,2.725e-06,0.11,0.741,0.7869,21
realistic,0.4,1,srf,"depth[0.1,0.2)",0.1041,9.066e-05,3.287e-05,9.555e-06,0.2542,0.4044,0.8299,79
realistic,0.4,1,srf,"depth[0.2,0.4)",0.3131,0.0002905,0.0002766,3.886e-05,0.4932,0.5676,0.9583,100
realistic,0.4,1,srf,"depth[0.4,0.6)",0.4334,0.0001763,5.863e-05,0,0.01265,0.3979,0.9669,25
realistic,0.4,1,srf,"depth[0.6,1.0)",0.6934,4.501e-05,0,0,0.1016,-0.7573,1,25
realistic,0.4,5,linear,"depth[0.0,0.1)",0.08854,2.44e-06,0,0,0,,,21
realistic,0.4,5,linear,"depth[0.1,0.2)",0.1041,6.602e-06,9.45e-06,0,0,0,0.1522,79
realistic,0.4,5,linear,"depth[0.2,0.4)",0.3131,2.747e-05,3.011e-05,0,0,0,0.6852,100
realistic,0.4,5,linear,"depth[0.4,0.6)",0.4334,5.911e-06,0,0,0,0,0.7322,25
realistic,0.4,5,linear,"depth[0.6,1.0)",0.6934,2.216e-06,0,0,0,,,25
realistic,0.4,5,ruddick2023,"depth[0.0,0.1)",0.08854,2.48e-06,0,0,-0.04711,,,21
realistic,0.4,5,ruddick2023,"depth[0.1,0.2)",0.1041,6.764e-06,9.751e-06,0,-0.02069,0.00282,0.1522,79
realistic,0.4,5,ruddick2023,"depth[0.2,0.4)",0.3131,3.005e-05,3.27e-05,0,-0.09446,-0.07405,0.6852,100
realistic,0.4,5,ruddick2023,"depth[0.4,0.6)",0.4334,5.932e-06,0,0,-0.002479,-0.06281,0.7322,25
realistic,0.4,5,ruddick2023,"depth[0.6,1.0)",0.6934,2.441e-06,0,0,-0.06495,,,25
realistic,0.4,5,srf,"depth[0.0,0.1)",0.08854,2.238e-06,0,0,0.1935,,,21
realistic,0.4,5,srf,"depth[0.1,0.2)",0.1041,4.171e-06,2.594e-06,0,0.3376,0.02877,0.1522,79
realistic,0.4,5,srf,"depth[0.2,0.4)",0.3131,1.298e-05,1.192e-05,0,0.5095,0.5705,0.6852,100
realistic,0.4,5,srf,"depth[0.4,0.6)",0.4334,5.839e-06,0,0,0.008963,0.4024,0.7322,25
realistic,0.4,5,srf,"depth[0.6,1.0)",0.6934,2.054e-06,0,0,0.1708,,,25
realistic,0.5,1,linear,"depth[0.0,0.1)",0.08854,5.341e-05,0,2.725e-06,0,0,0.8404,21
realistic,0.5,1,linear,"depth[0.1,0.2)",0.1041,0.0001522,9.204e-05,9.555e-06,0,0,0.8603,79
realistic,0.5,1,linear,"depth[0.2,0.4)",0.3131,0.0008044,0.0008101,3.886e-05,0,0,0.9687,100
realistic,0.5,1,linear,"depth[0.4,0.6)",0.4334,0.0001767,0,0,0,0,0.9714,25
realistic,0.5,1,linear,"depth[0.6,1.0)",0.6934,6.048e-05,0,0,0,,,25
realistic,0.5,1,ruddick2023,"depth[0.0,0.1)",0.08854,5.397e-05,0,2.725e-06,-0.05471,-0.1191,0.8404,21
realistic,0.5,1,ruddick2023,"depth[0.1,0.2)",0.1041,0.0001537,9.248e-05,9.555e-06,-0.01519,-0.001019,0.8603,79
realistic,0.5,1,ruddick2023,"depth[0.2,0.4)",0.3131,0.0008708,0.0008757,3.886e-05,-0.0887,-0.08925,0.9687,100
realistic,0.5,1,ruddick2023,"depth[0.4,0.6)",0.4334,0.0001762,0,0,-0.005641,-0.08178,0.9714,25
realistic,0.5,1,ruddick2023,"depth[0.6,1.0)",0.6934,6.088e-05,0,0,-0.06839,,,25
realistic,0.5,1,srf,"depth[0.0,0.1)",0.08854,4.963e-05,0,2.725e-06,0.2262,0.7397,0.8404,21
realistic,0.5,1,srf,"depth[0.1,0.2)",0.1041,9.322e-05,3.718e-05,9.555e-06,0.356,0.5092,0.8603,79
realistic,0.5,1,srf,"depth[0.2,0.4)",0.3131,0.0002997,0.0002845,3.886e-05,0.5907,0.6555,0.9687,100
realistic,0.5,1,srf,"depth[0.4,0.6)",0.4334,0.0001763,5.655e-05,0,0.02196,0.6202,0.9714,25
realistic,0.5,1,srf,"depth[0.6,1.0)",0.6934,4.558e-05,0,0,0.1619,,,25
realistic,0.5,5,linear,"depth[0.0,0.1)",0.08854,2.566e-06,0,0,0,,,21
realistic,0.5,5,linear,"depth[0.1,0.2)",0.1041,7.985e-06,1.07e-05,0,0,0,0.2503,79
realistic,0.5,5,linear,"depth[0.2,0.4)",0.3131,3.648e-05,4.023e-05,0,0,0,0.7535,100
realistic,0.5,5,linear,"depth[0.4,0.6)",0.4334,5.941e-06,0,0,0,0,0.7857,25
realistic,0.5,5,linear,"depth[0.6,1.0)",0.6934,2.446e-06,0,0,0,,,25
realistic,0.5,5,ruddick2023,"depth[0.0,0.1)",0.08854,2.597e-06,0,0,-0.05547,,,21
realistic,0.5,5,ruddick2023,"depth[0.1,0.2)",0.1041,8.166e-06,1.084e-05,0,-0.02167,0.001792,0.2503,79
realistic,0.5,5,ruddick2023,"depth[0.2,0.4)",0.3131,4.007e-05,4.243e-05,0,-0.08684,-0.07071,0.7535,100
realistic,0.5,5,ruddick2023,"depth[0.4,0.6)",0.4334,5.965e-06,0,0,-0.002726,-0.06335,0.7857,25
realistic,0.5,5,ruddick2023,"depth[0.6,1.0)",0.6934,2.745e-06,0,0,-0.07305,,,25
realistic,0.5,5,srf,"depth[0.0,0.1)",0.08854,2.262e-06,0,0,0.2782,,,21
realistic,0.5,5,srf,"depth[0.1,0.2)",0.1041,4.276e-06,2.778e-06,0,0.4396,0.06885,0.2503,79
realistic,0.5,5,srf,"depth[0.2,0.4)",0.3131,1.349e-05,1.291e-05,0,0.6091,0.6505,0.7535,100
realistic,0.5,5,srf,"depth[0.4,0.6)",0.4334,5.838e-06,0,0,0.01218,0.4938,0.7857,25
realistic,0.5,5,srf,"depth[0.6,1.0)",0.6934,2.052e-06,0,0,0.2434,,,25
realistic,0.6,1,linear,"depth[0.0,0.1)",0.08854,5.677e-05,0,2.725e-06,0,0,0.8744,21
realistic,0.6,1,linear,"depth[0.1,0.2)",0.1041,0.0001727,0.0001058,9.555e-06,0,0,0.8819,79
realistic,0.6,1,linear,"depth[0.2,0.4)",0.3131,0.001015,0.001019,3.886e-05,0,0,0.9756,100
realistic,0.6,1,linear,"depth[0.4,0.6)",0.4334,0.000176,0,0,0,0,0.9776,25
realistic,0.6,1,linear,"depth[0.6,1.0)",0.6934,6.098e-05,0,0,0,,,25
realistic,0.6,1,ruddick2023,"depth[0.0,0.1)",0.08854,5.787e-05,0,2.725e-06,-0.06244,-0.1062,0.8744,21
realistic,0.6,1,ruddick2023,"depth[0.1,0.2)",0.1041,0.0001757,0.0001061,9.555e-06,-0.01789,-0.0008897,0.8819,79
realistic,0.6,1,ruddick2023,"depth[0.2,0.4)",0.3131,0.001083,0.001086,3.886e-05,-0.08245,-0.08323,0.9756,100
realistic,0.6,1,ruddick2023,"depth[0.4,0.6)",0.4334,0.0001754,0,0,-0.006249,-0.0777,0.9776,25
realistic,0.6,1,ruddick2023,"depth[0.6,1.0)",0.6934,6.862e-05,0,0,-0.08439,,,25
realistic,0.6,1,srf,"depth[0.0,0.1)",0.08854,4.963e-05,0,2.725e-06,0.3313,0.7481,0.8744,21
realistic,0.6,1,srf,"depth[0.1,0.2)",0.1041,9.37e-05,4.198e-05,9.555e-06,0.4463,0.5851,0.8819,79
realistic,0.6,1,srf,"depth[0.2,0.4)",0.3131,0.0003108,0.0002943,3.886e-05,0.6648,0.7162,0.9756,100
realistic,0.6,1,srf,"depth[0.4,0.6)",0.4334,0.0001763,5.571e-05,0,0.02925,0.6844,0.9776,25
realistic,0.6,1,srf,"depth[0.6,1.0)",0.6934,4.571e-05,0,0,0.2303,,,25
realistic,0.6,5,linear,"depth[0.0,0.1)",0.08854,2.707e-06,0,0,0,,,21
realistic,0.6,5,linear,"depth[0.1,0.2)",0.1041,9.449e-06,1.185e-05,0,0,0,0.3667,79
realistic,0.6,5,linear,"depth[0.2,0.4)",0.3131,4.702e-05,4.923e-05,0,0,0,0.7991,100
realistic,0.6,5,linear,"depth[0.4,0.6)",0.4334,5.974e-06,0,0,0,0,0.8251,25
realistic,0.6,5,linear,"depth[0.6,1.0)",0.6934,2.883e-06,0,0,0,,,25
realistic,0.6,5,ruddick2023,"depth[0.0,0.1)",0.08854,2.761e-06,0,0,-0.05999,,,21
realistic,0.6,5,ruddick2023,"depth[0.1,0.2)",0.1041,9.522e-06,1.188e-05,0,-0.02141,0.002233,0.3667,79
realistic,0.6,5,ruddick2023,"depth[0.2,0.4)",0.3131,5.097e-05,5.17e-05,0,-0.0809,-0.06702,0.7991,100
realistic,0.6,5,ruddick2023,"depth[0.4,0.6)",0.4334,6.002e-06,0,0,-0.00475,-0.06361,0.8251,25
realistic,0.6,5,ruddick2023,"depth[0.6,1.0)",0.6934,3.247e-06,0,0,-0.09406,,,25
realistic,0.6,5,srf,"depth[0.0,0.1)",0.08854,2.29e-06,0,0,0.3425,,,21
realistic,0.6,5,srf,"depth[0.1,0.2)",0.1041,4.407e-06,2.951e-06,0,0.5252,0.1196,0.3667,79
realistic,0.6,5,srf,"depth[0.2,0.4)",0.3131,1.398e-05,1.34e-05,0,0.6721,0.7086,0.7991,100
realistic,0.6,5,srf,"depth[0.4,0.6)",0.4334,5.835e-06,0,0,0.01554,0.5673,0.8251,25
realistic,0.6,5,srf,"depth[0.6,1.0)",0.6934,2.05e-06,0,0,0.3096,,,25
realistic,0.7,1,linear,"depth[0.0,0.1)",0.08854,6.143e-05,0,2.725e-06,0,0,0.8978,21
realistic,0.7,1,linear,"depth[0.1,0.2)",0.1041,0.0002022,0.000121,9.555e-06,0,0,0.9018,79
realistic,0.7,1,linear,"depth[0.2,0.4)",0.3131,0.001239,0.001241,3.886e-05,0,0,0.9804,100
realistic,0.7,1,linear,"depth[0.4,0.6)",0.4334,0.0001753,0,0,0,0,0.9817,25
realistic,0.7,1,linear,"depth[0.6,1.0)",0.6934,7.006e-05,0,0,0,0,1,25
realistic,0.7,1,ruddick2023,"depth[0.0,0.1)",0.08854,6.316e-05,0,2.725e-06,-0.06426,-0.1012,0.8978,21
realistic,0.7,1,ruddick2023,"depth[0.1,0.2)",0.1041,0.0002061,0.0001211,9.555e-06,-0.01922,-0.0007697,0.9018,79
realistic,0.7,1,ruddick2023,"depth[0.2,0.4)",0.3131,0.001313,0.001314,3.886e-05,-0.07849,-0.07826,0.9804,100
realistic,0.7,1,ruddick2023,"depth[0.4,0.6)",0.4334,0.0001753,0,0,-0.006955,-0.07466,0.9817,25
realistic,0.7,1,ruddick2023,"depth[0.6,1.0)",0.6934,7.805e-05,0,0,-0.09969,-0.9693,1,25
realistic,0.7,1,srf,"depth[0.0,0.1)",0.08854,4.962e-05,0,2.725e-06,0.4264,0.7589,0.8978,21
realistic,0.7,1,srf,"depth[0.1,0.2)",0.1041,9.314e-05,4.19e-05,9.555e-06,0.512,0.6422,0.9018,79
realistic,0.7,1,srf,"depth[0.2,0.4)",0.3131,0.0003241,0.0003068,3.886e-05,0.7141,0.7619,0.9804,100
realistic,0.7,1,srf,"depth[0.4,0.6)",0.4334,0.0001763,5.534e-05,0,0.03731,0.7439,0.9817,25
realistic,0.7,1,srf,"depth[0.6,1.0)",0.6934,4.587e-05,0,0,0.3023,1,1,25
realistic,0.7,5,linear,"depth[0.0,0.1)",0.08854,2.898e-06,0,0,0,,,21
realistic,0.7,5,linear,"depth[0.1,0.2)",0.1041,1.093e-05,1.265e-05,0,0,0,0.4319,79
realistic,0.7,5,linear,"depth[0.2,0.4)",0.3131,5.807e-05,5.884e-05,0,0,0,0.8355,100
realistic,0.7,5,linear,"depth[0.4,0.6)",0.4334,6.01e-06,0,0,0,0,0.8548,25
realistic,0.7,5,linear,"depth[0.6,1.0)",0.6934,3.341e-06,0,0,0,,,25
realistic,0.7,5,ruddick2023,"depth[0.0,0.1)",0.08854,2.976e-06,0,0,-0.0616,,,21
realistic,0.7,5,ruddick2023,"depth[0.1,0.2)",0.1041,1.114e-05,1.263e-05,0,-0.02103,0.002835,0.4319,79
realistic,0.7,5,ruddick2023,"depth[0.2,0.4)",0.3131,6.172e-05,6.159e-05,0,-0.07673,-0.06384,0.8355,100
realistic,0.7,5,ruddick2023,"depth[0.4,0.6)",0.4334,6.044e-06,0,0,-0.00553,-0.06355,0.8548,25
realistic,0.7,5,ruddick2023,"depth[0.6,1.0)",0.6934,3.845e-06,0,0,-0.1073,,,25
realistic,0.7,5,srf,"depth[0.0,0.1)",0.08854,2.32e-06,0,0,0.4088,,,21
realistic,0.7,5,srf,"depth[0.1,0.2)",0.1041,4.527e-06,3.077e-06,0,0.5847,0.2533,0.4319,79
realistic,0.7,5,srf,"depth[0.2,0.4)",0.3131,1.472e-05,1.394e-05,0,0.719,0.7525,0.8355,100
realistic,0.7,5,srf,"depth[0.4,0.6)",0.4334,5.833e-06,0,0,0.01915,0.6262,0.8548,25
realistic,0.7,5,srf,"depth[0.6,1.0)",0.6934,2.048e-06,0,0,0.3705,,,25
realistic,0.8,1,linear,"depth[0.0,0.1)",0.08854,6.745e-05,0,2.725e-06,0,0,0.9066,21
realistic,0.8,1,linear,"depth[0.1,0.2)",0.1041,0.0002381,0.0001379,9.555e-06,0,0,0.9187,79
realistic,0.8,1,linear,"depth[0.2,0.4)",0.3131,0.001487,0.001486,3.886e-05,0,0,0.9838,100
realistic,0.8,1,linear,"depth[0.4,0.6)",0.4334,0.0001755,0,0,0,0,0.9849,25
realistic,0.8,1,linear,"depth[0.6,1.0)",0.6934,7.98e-05,0,0,0,0,1,25
realistic,0.8,1,ruddick2023,"depth[0.0,0.1)",0.08854,7.02e-05,0,2.725e-06,-0.0675,-0.1113,0.9066,21
realistic,0.8,1,ruddick2023,"depth[0.1,0.2)",0.1041,0.0002427,0.0001379,9.555e-06,-0.01994,-0.0005282,0.9187,79
realistic,0.8,1,ruddick2023,"depth[0.2,0.4)",0.3131,0.001564,0.001562,3.886e-05,-0.07573,-0.07508,0.9838,100
realistic,0.8,1,ruddick2023,"depth[0.4,0.6)",0.4334,0.0001763,0,0,-0.007774,-0.07226,0.9849,25
realistic,0.8,1,ruddick2023,"depth[0.6,1.0)",0.6934,8.765e-05,0,0,-0.1175,-0.5494,1,25
realistic,0.8,1,srf,"depth[0.0,0.1)",0.08854,4.958e-05,0,2.725e-06,0.5051,0.9019,0.9066,21
realistic,0.8,1,srf,"depth[0.1,0.2)",0.1041,9.505e-05,4.171e-05,9.555e-06,0.5754,0.6874,0.9187,79
realistic,0.8,1,srf,"depth[0.2,0.4)",0.3131,0.0003389,0.0003273,3.886e-05,0.7552,0.7958,0.9838,100
realistic,0.8,1,srf,"depth[0.4,0.6)",0.4334,0.0001763,5.488e-05,0,0.04617,0.7745,0.9849,25
realistic,0.8,1,srf,"depth[0.6,1.0)",0.6934,4.604e-05,0,0,0.374,1,1,25
realistic,0.8,5,linear,"depth[0.0,0.1)",0.08854,3.137e-06,0,0,0,0,-0.5311,21
realistic,0.8,5,linear,"depth[0.1,0.2)",0.1041,1.255e-05,1.473e-05,0,0,0,0.4734,79
realistic,0.8,5,linear,"depth[0.2,0.4)",0.3131,6.922e-05,6.907e-05,0,0,0,0.864,100
realistic,0.8,5,linear,"depth[0.4,0.6)",0.4334,6.051e-06,0,0,0,0,0.8762,25
realistic,0.8,5,linear,"depth[0.6,1.0)",0.6934,3.926e-06,0,0,0,,,25
realistic,0.8,5,ruddick2023,"depth[0.0,0.1)",0.08854,3.243e-06,0,0,-0.06334,-0.7336,-0.5311,21
realistic,0.8,5,ruddick2023,"depth[0.1,0.2)",0.1041,1.279e-05,1.47e-05,0,-0.02083,0.003258,0.4734,79
realistic,0.8,5,ruddick2023,"depth[0.2,0.4)",0.3131,7.366e-05,7.214e-05,0,-0.07426,-0.06433,0.864,100
realistic,0.8,5,ruddick2023,"depth[0.4,0.6)",0.4334,6.09e-06,0,0,-0.006486,-0.06367,0.8762,25
realistic,0.8,5,ruddick2023,"depth[0.6,1.0)",0.6934,4.191e-06,0,0,-0.1275,,,25
realistic,0.8,5,srf,"depth[0.0,0.1)",0.08854,2.34e-06,0,0,0.4812,0.217,-0.5311,21
realistic,0.8,5,srf,"depth[0.1,0.2)",0.1041,4.619e-06,3.217e-06,0,0.6403,0.3635,0.4734,79
realistic,0.8,5,srf,"depth[0.2,0.4)",0.3131,1.555e-05,1.453e-05,0,0.7543,0.7856,0.864,100
realistic,0.8,5,srf,"depth[0.4,0.6)",0.4334,5.83e-06,0,0,0.02308,0.6805,0.8762,25
realistic,0.8,5,srf,"depth[0.6,1.0)",0.6934,2.046e-06,0,0,0.4286,,,25
realistic,1,1,linear,"depth[0.0,0.1)",0.08854,8.64e-05,0,2.725e-06,0,0,0.9328,21
realistic,1,1,linear,"depth[0.1,0.2)",0.1041,0.0003264,0.0001802,9.555e-06,0,0,0.9428,79
realistic,1,1,linear,"depth[0.2,0.4)",0.3131,0.002027,0.002019,3.886e-05,0,0,0.9883,100
realistic,1,1,linear,"depth[0.4,0.6)",0.4334,0.0001774,0,0,0,0,0.9892,25
realistic,1,1,linear,"depth[0.6,1.0)",0.6934,0.0001019,0,0,0,0,1,25
realistic,1,1,ruddick2023,"depth[0.0,0.1)",0.08854,9.269e-05,0,2.725e-06,-0.07469,-0.106,0.9328,21
realistic,1,1,ruddick2023,"depth[0.1,0.2)",0.1041,0.0003332,0.0001886,9.555e-06,-0.02197,-0.0004135,0.9428,79
realistic,1,1,ruddick2023,"depth[0.2,0.4)",0.3131,0.00212,0.002111,3.886e-05,-0.07265,-0.07203,0.9883,100
realistic,1,1,ruddick2023,"depth[0.4,0.6)",0.4334,0.0001783,0,0,-0.009819,-0.07108,0.9892,25
realistic,1,1,ruddick2023,"depth[0.6,1.0)",0.6934,0.000117,0,0,-0.1572,-0.4189,1,25
realistic,1,1,srf,"depth[0.0,0.1)",0.08854,4.944e-05,0,2.725e-06,0.6198,0.9549,0.9328,21
realistic,1,1,srf,"depth[0.1,0.2)",0.1041,9.872e-05,4.23e-05,9.555e-06,0.6744,0.7582,0.9428,79
realistic,1,1,srf,"depth[0.2,0.4)",0.3131,0.000373,0.0003716,3.886e-05,0.8091,0.8348,0.9883,100
realistic,1,1,srf,"depth[0.4,0.6)",0.4334,0.0001763,5.348e-05,0,0.06575,0.8203,0.9892,25
realistic,1,1,srf,"depth[0.6,1.0)",0.6934,4.644e-05,0,0,0.5055,1,1,25
realistic,1,5,linear,"depth[0.0,0.1)",0.08854,3.753e-06,0,0,0,0,0.4178,21
realistic,1,5,linear,"depth[0.1,0.2)",0.1041,1.627e-05,1.787e-05,0,0,0,0.4583,79
realistic,1,5,linear,"depth[0.2,0.4)",0.3131,9.428e-05,9.144e-05,0,0,0,0.901,100
realistic,1,5,linear,"depth[0.4,0.6)",0.4334,6.146e-06,0,0,0,0,0.9097,25
realistic,1,5,linear,"depth[0.6,1.0)",0.6934,4.907e-06,0,0,0,,,25
realistic,1,5,ruddick2023,"depth[0.0,0.1)",0.08854,4.04e-06,0,0,-0.06754,-0.2891,0.4178,21
realistic,1,5,ruddick2023,"depth[0.1,0.2)",0.1041,1.66e-05,1.725e-05,0,-0.02124,0.004188,0.4583,79
realistic,1,5,ruddick2023,"depth[0.2,0.4)",0.3131,9.821e-05,9.526e-05,0,-0.0711,-0.0641,0.901,100
realistic,1,5,ruddick2023,"depth[0.4,0.6)",0.4334,6.204e-06,0,0,-0.009438,-0.06395,0.9097,25
realistic,1,5,ruddick2023,"depth[0.6,1.0)",0.6934,5.509e-06,0,0,-0.1633,,,25
realistic,1,5,srf,"depth[0.0,0.1)",0.08854,2.366e-06,0,0,0.592,0.8221,0.4178,21
realistic,1,5,srf,"depth[0.1,0.2)",0.1041,4.746e-06,3.541e-06,0,0.7136,0.5318,0.4583,79
realistic,1,5,srf,"depth[0.2,0.4)",0.3131,1.746e-05,1.589e-05,0,0.8023,0.8274,0.901,100
realistic,1,5,srf,"depth[0.4,0.6)",0.4334,5.824e-06,0,0,0.05203,0.7483,0.9097,25
realistic,1,5,srf,"depth[0.6,1.0)",0.6934,2.042e-06,0,0,0.5343,,,25
