instrument,case,label,control,region,method,h,ctl_amp,ctl_err,ctl_level_err,tot_err,n_scenes,noise_floor,ctl_err_over_noise,ctl_err_over_amp,ctl_amp_over_noise,tot_err_over_noise
HYPSTAR_122304,i_offset,"(i) grid offset only, equal SRFs",fl,fl,cubic,1,6.633e-06,7.416e-09,1.299e-05,4.345e-08,25,3.942e-05,0.0001881,0.001118,0.1683,0.001102
HYPSTAR_122304,i_offset,"(i) grid offset only, equal SRFs",fl,fl,cubic,5,1.993e-06,2.766e-10,1.299e-05,2.855e-09,25,1.563e-06,0.000177,0.0001388,1.275,0.001827
HYPSTAR_122304,i_offset,"(i) grid offset only, equal SRFs",fl,fl,linear,1,6.633e-06,3.409e-07,0.001013,1.349e-06,25,3.863e-05,0.008826,0.0514,0.1717,0.03494
HYPSTAR_122304,i_offset,"(i) grid offset only, equal SRFs",fl,fl,linear,5,1.993e-06,2.137e-08,0.001013,8.614e-08,25,1.544e-06,0.01383,0.01072,1.29,0.05577
HYPSTAR_122304,i_offset,"(i) grid offset only, equal SRFs",fl,fl,ruddick2023,1,6.633e-06,1.35e-18,2.789e-15,7.478e-09,25,3.865e-05,3.492e-14,2.035e-13,0.1716,0.0001935
HYPSTAR_122304,i_offset,"(i) grid offset only, equal SRFs",fl,fl,ruddick2023,5,1.993e-06,5.428e-20,2.789e-15,9.332e-10,25,1.545e-06,3.512e-14,2.724e-14,1.289,0.0006038
HYPSTAR_122304,i_offset,"(i) grid offset only, equal SRFs",fl,fl,sinc,1,6.633e-06,4.88e-09,5.277e-05,3.947e-08,25,3.97e-05,0.0001229,0.0007357,0.1671,0.0009942
HYPSTAR_122304,i_offset,"(i) grid offset only, equal SRFs",fl,fl,sinc,5,1.993e-06,9.646e-10,5.277e-05,4.249e-09,25,1.569e-06,0.0006146,0.0004841,1.27,0.002707
HYPSTAR_122304,i_offset,"(i) grid offset only, equal SRFs",fl,fl,srf,1,6.633e-06,1.35e-18,2.789e-15,7.478e-09,25,3.858e-05,3.498e-14,2.035e-13,0.1719,0.0001939
HYPSTAR_122304,i_offset,"(i) grid offset only, equal SRFs",fl,fl,srf,5,1.993e-06,5.428e-20,2.789e-15,9.332e-10,25,1.544e-06,3.516e-14,2.724e-14,1.291,0.0006044
HYPSTAR_122304,i_offset,"(i) grid offset only, equal SRFs",raman,lines,cubic,1,5.57e-06,1.299e-09,3.184e-06,1.469e-07,25,0.0001122,1.157e-05,0.0002332,0.04964,0.001309
HYPSTAR_122304,i_offset,"(i) grid offset only, equal SRFs",raman,lines,cubic,5,1.643e-06,7.116e-11,3.184e-06,1.734e-08,25,4.298e-06,1.656e-05,4.332e-05,0.3822,0.004034
HYPSTAR_122304,i_offset,"(i) grid offset only, equal SRFs",raman,lines,linear,1,5.57e-06,9.429e-08,0.0003412,5.578e-06,25,0.0001098,0.0008588,0.01693,0.05073,0.0508
HYPSTAR_122304,i_offset,"(i) grid offset only, equal SRFs",raman,lines,linear,5,1.643e-06,7.152e-09,0.0003412,4.193e-07,25,4.232e-06,0.00169,0.004354,0.3881,0.09908
HYPSTAR_122304,i_offset,"(i) grid offset only, equal SRFs",raman,lines,ruddick2023,1,5.57e-06,6.931e-18,1.552e-14,6.941e-08,25,0.0001098,6.312e-14,1.244e-12,0.05072,0.0006321
HYPSTAR_122304,i_offset,"(i) grid offset only, equal SRFs",raman,lines,ruddick2023,5,1.643e-06,2.781e-19,1.552e-14,1.482e-08,25,4.233e-06,6.57e-14,1.693e-13,0.388,0.003501
HYPSTAR_122304,i_offset,"(i) grid offset only, equal SRFs",raman,lines,sinc,1,5.57e-06,1.749e-09,3.58e-05,2.778e-07,25,0.0001125,1.555e-05,0.0003139,0.04953,0.00247
HYPSTAR_122304,i_offset,"(i) grid offset only, equal SRFs",raman,lines,sinc,5,1.643e-06,4.599e-10,3.58e-05,3.02e-08,25,4.31e-06,0.0001067,0.00028,0.3811,0.007008
HYPSTAR_122304,i_offset,"(i) grid offset only, equal SRFs",raman,lines,srf,1,5.57e-06,6.931e-18,1.552e-14,6.941e-08,25,0.00011,6.298e-14,1.244e-12,0.05062,0.0006307
HYPSTAR_122304,i_offset,"(i) grid offset only, equal SRFs",raman,lines,srf,5,1.643e-06,2.781e-19,1.552e-14,1.482e-08,25,4.233e-06,6.57e-14,1.693e-13,0.388,0.003502
HYPSTAR_122304,ii_mismatch,"(ii) SRF mismatch, no offset",fl,fl,cubic,1,6.633e-06,2.029e-06,0.005427,8.059e-06,25,3.942e-05,0.05149,0.306,0.1683,0.2045
HYPSTAR_122304,ii_mismatch,"(ii) SRF mismatch, no offset",fl,fl,cubic,5,1.993e-06,1.143e-07,0.005427,4.608e-07,25,1.563e-06,0.07317,0.05739,1.275,0.2949
HYPSTAR_122304,ii_mismatch,"(ii) SRF mismatch, no offset",fl,fl,linear,1,6.633e-06,2.029e-06,0.005427,8.059e-06,25,3.863e-05,0.05254,0.306,0.1717,0.2086
HYPSTAR_122304,ii_mismatch,"(ii) SRF mismatch, no offset",fl,fl,linear,5,1.993e-06,1.143e-07,0.005427,4.608e-07,25,1.544e-06,0.07403,0.05739,1.29,0.2983
HYPSTAR_122304,ii_mismatch,"(ii) SRF mismatch, no offset",fl,fl,ruddick2023,1,6.633e-06,2.029e-06,0.005427,8.059e-06,25,3.865e-05,0.05251,0.306,0.1716,0.2085
HYPSTAR_122304,ii_mismatch,"(ii) SRF mismatch, no offset",fl,fl,ruddick2023,5,1.993e-06,1.143e-07,0.005427,4.608e-07,25,1.545e-06,0.07399,0.05739,1.289,0.2982
HYPSTAR_122304,ii_mismatch,"(ii) SRF mismatch, no offset",fl,fl,sinc,1,6.633e-06,2.029e-06,0.005427,8.059e-06,25,3.97e-05,0.05111,0.306,0.1671,0.203
HYPSTAR_122304,ii_mismatch,"(ii) SRF mismatch, no offset",fl,fl,sinc,5,1.993e-06,1.143e-07,0.005427,4.608e-07,25,1.569e-06,0.07286,0.05739,1.27,0.2936
HYPSTAR_122304,ii_mismatch,"(ii) SRF mismatch, no offset",fl,fl,srf,1,6.633e-06,1.35e-18,2.789e-15,7.478e-09,25,3.858e-05,3.498e-14,2.035e-13,0.1719,0.0001939
HYPSTAR_122304,ii_mismatch,"(ii) SRF mismatch, no offset",fl,fl,srf,5,1.993e-06,5.428e-20,2.789e-15,9.332e-10,25,1.544e-06,3.516e-14,2.724e-14,1.291,0.0006044
HYPSTAR_122304,ii_mismatch,"(ii) SRF mismatch, no offset",raman,lines,cubic,1,5.57e-06,2.582e-06,0.007634,0.0001537,25,0.0001122,0.02301,0.4636,0.04964,1.37
HYPSTAR_122304,ii_mismatch,"(ii) SRF mismatch, no offset",raman,lines,cubic,5,1.643e-06,1.679e-07,0.007634,9.784e-06,25,4.298e-06,0.03908,0.1022,0.3822,2.277
HYPSTAR_122304,ii_mismatch,"(ii) SRF mismatch, no offset",raman,lines,linear,1,5.57e-06,2.582e-06,0.007634,0.0001537,25,0.0001098,0.02352,0.4636,0.05073,1.4
HYPSTAR_122304,ii_mismatch,"(ii) SRF mismatch, no offset",raman,lines,linear,5,1.643e-06,1.679e-07,0.007634,9.784e-06,25,4.232e-06,0.03969,0.1022,0.3881,2.312
HYPSTAR_122304,ii_mismatch,"(ii) SRF mismatch, no offset",raman,lines,ruddick2023,1,5.57e-06,2.582e-06,0.007634,0.0001537,25,0.0001098,0.02352,0.4636,0.05072,1.4
HYPSTAR_122304,ii_mismatch,"(ii) SRF mismatch, no offset",raman,lines,ruddick2023,5,1.643e-06,1.679e-07,0.007634,9.784e-06,25,4.233e-06,0.03967,0.1022,0.388,2.311
HYPSTAR_122304,ii_mismatch,"(ii) SRF mismatch, no offset",raman,lines,sinc,1,5.57e-06,2.582e-06,0.007634,0.0001537,25,0.0001125,0.02296,0.4636,0.04953,1.367
HYPSTAR_122304,ii_mismatch,"(ii) SRF mismatch, no offset",raman,lines,sinc,5,1.643e-06,1.679e-07,0.007634,9.784e-06,25,4.31e-06,0.03897,0.1022,0.3811,2.27
HYPSTAR_122304,ii_mismatch,"(ii) SRF mismatch, no offset",raman,lines,srf,1,5.57e-06,6.931e-18,1.552e-14,6.941e-08,25,0.00011,6.298e-14,1.244e-12,0.05062,0.0006307
HYPSTAR_122304,ii_mismatch,"(ii) SRF mismatch, no offset",raman,lines,srf,5,1.643e-06,2.781e-19,1.552e-14,1.482e-08,25,4.233e-06,6.57e-14,1.693e-13,0.388,0.003502
HYPSTAR_122304,iii_both,(iii) offset + SRF mismatch,fl,fl,cubic,1,6.633e-06,2.017e-06,0.005409,8.009e-06,25,3.942e-05,0.05117,0.3041,0.1683,0.2032
HYPSTAR_122304,iii_both,(iii) offset + SRF mismatch,fl,fl,cubic,5,1.993e-06,1.14e-07,0.005409,4.593e-07,25,1.563e-06,0.07294,0.0572,1.275,0.2939
HYPSTAR_122304,iii_both,(iii) offset + SRF mismatch,fl,fl,linear,1,6.633e-06,1.492e-06,0.004101,5.917e-06,25,3.863e-05,0.03862,0.225,0.1717,0.1532
HYPSTAR_122304,iii_both,(iii) offset + SRF mismatch,fl,fl,linear,5,1.993e-06,8.644e-08,0.004101,3.481e-07,25,1.544e-06,0.05597,0.04338,1.29,0.2254
HYPSTAR_122304,iii_both,(iii) offset + SRF mismatch,fl,fl,ruddick2023,1,6.633e-06,2.029e-06,0.005427,8.059e-06,25,3.865e-05,0.05251,0.306,0.1716,0.2085
HYPSTAR_122304,iii_both,(iii) offset + SRF mismatch,fl,fl,ruddick2023,5,1.993e-06,1.143e-07,0.005427,4.608e-07,25,1.545e-06,0.07399,0.05739,1.289,0.2982
HYPSTAR_122304,iii_both,(iii) offset + SRF mismatch,fl,fl,sinc,1,6.633e-06,2.028e-06,0.005404,8.052e-06,25,3.97e-05,0.05107,0.3057,0.1671,0.2028
HYPSTAR_122304,iii_both,(iii) offset + SRF mismatch,fl,fl,sinc,5,1.993e-06,1.14e-07,0.005404,4.591e-07,25,1.569e-06,0.07262,0.0572,1.27,0.2925
HYPSTAR_122304,iii_both,(iii) offset + SRF mismatch,fl,fl,srf,1,6.633e-06,1.35e-18,2.789e-15,7.478e-09,25,3.858e-05,3.498e-14,2.035e-13,0.1719,0.0001939
HYPSTAR_122304,iii_both,(iii) offset + SRF mismatch,fl,fl,srf,5,1.993e-06,5.428e-20,2.789e-15,9.332e-10,25,1.544e-06,3.516e-14,2.724e-14,1.291,0.0006044
HYPSTAR_122304,iii_both,(iii) offset + SRF mismatch,raman,lines,cubic,1,5.57e-06,2.581e-06,0.007632,0.0001536,25,0.0001122,0.023,0.4634,0.04964,1.369
HYPSTAR_122304,iii_both,(iii) offset + SRF mismatch,raman,lines,cubic,5,1.643e-06,1.678e-07,0.007632,9.778e-06,25,4.298e-06,0.03905,0.1022,0.3822,2.275
HYPSTAR_122304,iii_both,(iii) offset + SRF mismatch,raman,lines,linear,1,5.57e-06,2.444e-06,0.007284,0.0001447,25,0.0001098,0.02226,0.4388,0.05073,1.318
HYPSTAR_122304,iii_both,(iii) offset + SRF mismatch,raman,lines,linear,5,1.643e-06,1.571e-07,0.007284,9.105e-06,25,4.232e-06,0.03714,0.09567,0.3881,2.151
HYPSTAR_122304,iii_both,(iii) offset + SRF mismatch,raman,lines,ruddick2023,1,5.57e-06,2.582e-06,0.007634,0.0001537,25,0.0001098,0.02352,0.4636,0.05072,1.4
HYPSTAR_122304,iii_both,(iii) offset + SRF mismatch,raman,lines,ruddick2023,5,1.643e-06,1.679e-07,0.007634,9.784e-06,25,4.233e-06,0.03967,0.1022,0.388,2.311
HYPSTAR_122304,iii_both,(iii) offset + SRF mismatch,raman,lines,sinc,1,5.57e-06,2.582e-06,0.007636,0.0001537,25,0.0001125,0.02296,0.4636,0.04953,1.367
HYPSTAR_122304,iii_both,(iii) offset + SRF mismatch,raman,lines,sinc,5,1.643e-06,1.677e-07,0.007636,9.774e-06,25,4.31e-06,0.03892,0.1021,0.3811,2.268
HYPSTAR_122304,iii_both,(iii) offset + SRF mismatch,raman,lines,srf,1,5.57e-06,6.931e-18,1.552e-14,6.941e-08,25,0.00011,6.298e-14,1.244e-12,0.05062,0.0006307
HYPSTAR_122304,iii_both,(iii) offset + SRF mismatch,raman,lines,srf,5,1.643e-06,2.781e-19,1.552e-14,1.482e-08,25,4.233e-06,6.57e-14,1.693e-13,0.388,0.003502
HYPSTAR_122304,iv_shift+0.1,(iv) E wavelength error +0.1 nm (rigid),fl,fl,cubic,1,6.633e-06,2.345e-06,0.007337,9.353e-06,25,3.942e-05,0.0595,0.3536,0.1683,0.2373
HYPSTAR_122304,iv_shift+0.1,(iv) E wavelength error +0.1 nm (rigid),fl,fl,cubic,5,1.993e-06,1.569e-07,0.007337,6.394e-07,25,1.563e-06,0.1004,0.07872,1.275,0.4091
HYPSTAR_122304,iv_shift+0.1,(iv) E wavelength error +0.1 nm (rigid),fl,fl,linear,1,6.633e-06,1.875e-06,0.006301,7.472e-06,25,3.863e-05,0.04855,0.2828,0.1717,0.1934
HYPSTAR_122304,iv_shift+0.1,(iv) E wavelength error +0.1 nm (rigid),fl,fl,linear,5,1.993e-06,1.355e-07,0.006301,5.53e-07,25,1.544e-06,0.08775,0.06801,1.29,0.358
HYPSTAR_122304,iv_shift+0.1,(iv) E wavelength error +0.1 nm (rigid),fl,fl,ruddick2023,1,6.633e-06,2.304e-06,0.007257,9.176e-06,25,3.865e-05,0.05961,0.3474,0.1716,0.2374
HYPSTAR_122304,iv_shift+0.1,(iv) E wavelength error +0.1 nm (rigid),fl,fl,ruddick2023,5,1.993e-06,1.552e-07,0.007257,6.326e-07,25,1.545e-06,0.1004,0.0779,1.289,0.4093
HYPSTAR_122304,iv_shift+0.1,(iv) E wavelength error +0.1 nm (rigid),fl,fl,sinc,1,6.633e-06,2.355e-06,0.007319,9.393e-06,25,3.97e-05,0.05932,0.3551,0.1671,0.2366
HYPSTAR_122304,iv_shift+0.1,(iv) E wavelength error +0.1 nm (rigid),fl,fl,sinc,5,1.993e-06,1.565e-07,0.007319,6.376e-07,25,1.569e-06,0.09971,0.07854,1.27,0.4063
HYPSTAR_122304,iv_shift+0.1,(iv) E wavelength error +0.1 nm (rigid),fl,fl,srf,1,6.633e-06,1.067e-06,0.004415,4.252e-06,25,3.858e-05,0.02767,0.1609,0.1719,0.1102
HYPSTAR_122304,iv_shift+0.1,(iv) E wavelength error +0.1 nm (rigid),fl,fl,srf,5,1.993e-06,9.751e-08,0.004415,3.986e-07,25,1.544e-06,0.06315,0.04893,1.291,0.2582
HYPSTAR_122304,iv_shift+0.1,(iv) E wavelength error +0.1 nm (rigid),raman,lines,cubic,1,5.57e-06,2.708e-06,0.008488,0.00016,25,0.0001122,0.02413,0.4862,0.04964,1.426
HYPSTAR_122304,iv_shift+0.1,(iv) E wavelength error +0.1 nm (rigid),raman,lines,cubic,5,1.643e-06,1.847e-07,0.008488,1.072e-05,25,4.298e-06,0.04297,0.1124,0.3822,2.493
HYPSTAR_122304,iv_shift+0.1,(iv) E wavelength error +0.1 nm (rigid),raman,lines,linear,1,5.57e-06,2.569e-06,0.008174,0.000151,25,0.0001098,0.02339,0.4611,0.05073,1.375
HYPSTAR_122304,iv_shift+0.1,(iv) E wavelength error +0.1 nm (rigid),raman,lines,linear,5,1.643e-06,1.742e-07,0.008174,1.005e-05,25,4.232e-06,0.04115,0.106,0.3881,2.375
HYPSTAR_122304,iv_shift+0.1,(iv) E wavelength error +0.1 nm (rigid),raman,lines,ruddick2023,1,5.57e-06,2.705e-06,0.00848,0.00016,25,0.0001098,0.02464,0.4857,0.05072,1.457
HYPSTAR_122304,iv_shift+0.1,(iv) E wavelength error +0.1 nm (rigid),raman,lines,ruddick2023,5,1.643e-06,1.842e-07,0.00848,1.068e-05,25,4.233e-06,0.04351,0.1122,0.388,2.524
HYPSTAR_122304,iv_shift+0.1,(iv) E wavelength error +0.1 nm (rigid),raman,lines,sinc,1,5.57e-06,2.709e-06,0.008496,0.0001601,25,0.0001125,0.02409,0.4864,0.04953,1.423
HYPSTAR_122304,iv_shift+0.1,(iv) E wavelength error +0.1 nm (rigid),raman,lines,sinc,5,1.643e-06,1.846e-07,0.008496,1.072e-05,25,4.31e-06,0.04282,0.1124,0.3811,2.487
HYPSTAR_122304,iv_shift+0.1,(iv) E wavelength error +0.1 nm (rigid),raman,lines,srf,1,5.57e-06,1.018e-06,0.003983,5.743e-05,25,0.00011,0.009253,0.1828,0.05062,0.5218
HYPSTAR_122304,iv_shift+0.1,(iv) E wavelength error +0.1 nm (rigid),raman,lines,srf,5,1.643e-06,8.014e-08,0.003983,4.484e-06,25,4.233e-06,0.01893,0.04879,0.388,1.059
HYPSTAR_122304,iv_shift+0.3,(iv) E wavelength error +0.3 nm (rigid),fl,fl,cubic,1,6.633e-06,3.735e-06,0.01458,1.502e-05,25,3.942e-05,0.09476,0.5631,0.1683,0.3809
HYPSTAR_122304,iv_shift+0.3,(iv) E wavelength error +0.3 nm (rigid),fl,fl,cubic,5,1.993e-06,3.19e-07,0.01458,1.312e-06,25,1.563e-06,0.2041,0.1601,1.275,0.8398
HYPSTAR_122304,iv_shift+0.3,(iv) E wavelength error +0.3 nm (rigid),fl,fl,linear,1,6.633e-06,3.357e-06,0.01387,1.349e-05,25,3.863e-05,0.08691,0.5062,0.1717,0.3493
HYPSTAR_122304,iv_shift+0.3,(iv) E wavelength error +0.3 nm (rigid),fl,fl,linear,5,1.993e-06,3.046e-07,0.01387,1.253e-06,25,1.544e-06,0.1972,0.1529,1.29,0.8115
HYPSTAR_122304,iv_shift+0.3,(iv) E wavelength error +0.3 nm (rigid),fl,fl,ruddick2023,1,6.633e-06,3.498e-06,0.01422,1.404e-05,25,3.865e-05,0.09051,0.5274,0.1716,0.3632
HYPSTAR_122304,iv_shift+0.3,(iv) E wavelength error +0.3 nm (rigid),fl,fl,ruddick2023,5,1.993e-06,3.116e-07,0.01422,1.282e-06,25,1.545e-06,0.2016,0.1564,1.289,0.8298
HYPSTAR_122304,iv_shift+0.3,(iv) E wavelength error +0.3 nm (rigid),fl,fl,sinc,1,6.633e-06,3.743e-06,0.01456,1.505e-05,25,3.97e-05,0.09427,0.5643,0.1671,0.379
HYPSTAR_122304,iv_shift+0.3,(iv) E wavelength error +0.3 nm (rigid),fl,fl,sinc,5,1.993e-06,3.184e-07,0.01456,1.31e-06,25,1.569e-06,0.2029,0.1598,1.27,0.8346
HYPSTAR_122304,iv_shift+0.3,(iv) E wavelength error +0.3 nm (rigid),fl,fl,srf,1,6.633e-06,3.189e-06,0.01327,1.281e-05,25,3.858e-05,0.08266,0.4807,0.1719,0.332
HYPSTAR_122304,iv_shift+0.3,(iv) E wavelength error +0.3 nm (rigid),fl,fl,srf,5,1.993e-06,2.931e-07,0.01327,1.204e-06,25,1.544e-06,0.1898,0.1471,1.291,0.7796
HYPSTAR_122304,iv_shift+0.3,(iv) E wavelength error +0.3 nm (rigid),raman,lines,cubic,1,5.57e-06,3.533e-06,0.01328,0.0002026,25,0.0001122,0.03148,0.6342,0.04964,1.805
HYPSTAR_122304,iv_shift+0.3,(iv) E wavelength error +0.3 nm (rigid),raman,lines,cubic,5,1.643e-06,2.745e-07,0.01328,1.559e-05,25,4.298e-06,0.06387,0.1671,0.3822,3.627
HYPSTAR_122304,iv_shift+0.3,(iv) E wavelength error +0.3 nm (rigid),raman,lines,linear,1,5.57e-06,3.405e-06,0.01303,0.0001942,25,0.0001098,0.03101,0.6113,0.05073,1.769
HYPSTAR_122304,iv_shift+0.3,(iv) E wavelength error +0.3 nm (rigid),raman,lines,linear,5,1.643e-06,2.664e-07,0.01303,1.505e-05,25,4.232e-06,0.06296,0.1622,0.3881,3.557
HYPSTAR_122304,iv_shift+0.3,(iv) E wavelength error +0.3 nm (rigid),raman,lines,ruddick2023,1,5.57e-06,3.492e-06,0.01319,0.0002006,25,0.0001098,0.0318,0.627,0.05072,1.827
HYPSTAR_122304,iv_shift+0.3,(iv) E wavelength error +0.3 nm (rigid),raman,lines,ruddick2023,5,1.643e-06,2.721e-07,0.01319,1.543e-05,25,4.233e-06,0.06428,0.1657,0.388,3.644
HYPSTAR_122304,iv_shift+0.3,(iv) E wavelength error +0.3 nm (rigid),raman,lines,sinc,1,5.57e-06,3.534e-06,0.01329,0.0002026,25,0.0001125,0.03142,0.6344,0.04953,1.802
HYPSTAR_122304,iv_shift+0.3,(iv) E wavelength error +0.3 nm (rigid),raman,lines,sinc,5,1.643e-06,2.744e-07,0.01329,1.56e-05,25,4.31e-06,0.06368,0.1671,0.3811,3.619
HYPSTAR_122304,iv_shift+0.3,(iv) E wavelength error +0.3 nm (rigid),raman,lines,srf,1,5.57e-06,3.022e-06,0.01189,0.0001697,25,0.00011,0.02746,0.5425,0.05062,1.542
HYPSTAR_122304,iv_shift+0.3,(iv) E wavelength error +0.3 nm (rigid),raman,lines,srf,5,1.643e-06,2.397e-07,0.01189,1.338e-05,25,4.233e-06,0.05662,0.1459,0.388,3.162
HYPSTAR_122304,iv_shift-0.1,(iv) E wavelength error -0.1 nm (rigid),fl,fl,cubic,1,6.633e-06,2.13e-06,0.006407,8.419e-06,25,3.942e-05,0.05404,0.3211,0.1683,0.2136
HYPSTAR_122304,iv_shift-0.1,(iv) E wavelength error -0.1 nm (rigid),fl,fl,cubic,5,1.993e-06,1.386e-07,0.006407,5.579e-07,25,1.563e-06,0.08869,0.06956,1.275,0.357
HYPSTAR_122304,iv_shift-0.1,(iv) E wavelength error -0.1 nm (rigid),fl,fl,linear,1,6.633e-06,1.641e-06,0.005416,6.482e-06,25,3.863e-05,0.04249,0.2475,0.1717,0.1678
HYPSTAR_122304,iv_shift-0.1,(iv) E wavelength error -0.1 nm (rigid),fl,fl,linear,5,1.993e-06,1.182e-07,0.005416,4.77e-07,25,1.544e-06,0.07655,0.05934,1.29,0.3088
HYPSTAR_122304,iv_shift-0.1,(iv) E wavelength error -0.1 nm (rigid),fl,fl,ruddick2023,1,6.633e-06,2.116e-06,0.006359,8.373e-06,25,3.865e-05,0.05474,0.319,0.1716,0.2167
HYPSTAR_122304,iv_shift-0.1,(iv) E wavelength error -0.1 nm (rigid),fl,fl,ruddick2023,5,1.993e-06,1.376e-07,0.006359,5.543e-07,25,1.545e-06,0.08905,0.06907,1.289,0.3587
HYPSTAR_122304,iv_shift-0.1,(iv) E wavelength error -0.1 nm (rigid),fl,fl,sinc,1,6.633e-06,2.14e-06,0.006419,8.46e-06,25,3.97e-05,0.05391,0.3227,0.1671,0.2131
HYPSTAR_122304,iv_shift-0.1,(iv) E wavelength error -0.1 nm (rigid),fl,fl,sinc,5,1.993e-06,1.39e-07,0.006419,5.593e-07,25,1.569e-06,0.08856,0.06975,1.27,0.3564
HYPSTAR_122304,iv_shift-0.1,(iv) E wavelength error -0.1 nm (rigid),fl,fl,srf,1,6.633e-06,1.061e-06,0.004393,4.194e-06,25,3.858e-05,0.0275,0.1599,0.1719,0.1087
HYPSTAR_122304,iv_shift-0.1,(iv) E wavelength error -0.1 nm (rigid),fl,fl,srf,5,1.993e-06,9.701e-08,0.004393,3.949e-07,25,1.544e-06,0.06283,0.04869,1.291,0.2558
HYPSTAR_122304,iv_shift-0.1,(iv) E wavelength error -0.1 nm (rigid),raman,lines,cubic,1,5.57e-06,2.703e-06,0.008389,0.0001601,25,0.0001122,0.02409,0.4852,0.04964,1.427
HYPSTAR_122304,iv_shift-0.1,(iv) E wavelength error -0.1 nm (rigid),raman,lines,cubic,5,1.643e-06,1.796e-07,0.008389,1.037e-05,25,4.298e-06,0.0418,0.1094,0.3822,2.412
HYPSTAR_122304,iv_shift-0.1,(iv) E wavelength error -0.1 nm (rigid),raman,lines,linear,1,5.57e-06,2.576e-06,0.008083,0.0001518,25,0.0001098,0.02346,0.4625,0.05073,1.382
HYPSTAR_122304,iv_shift-0.1,(iv) E wavelength error -0.1 nm (rigid),raman,lines,linear,5,1.643e-06,1.704e-07,0.008083,9.782e-06,25,4.232e-06,0.04027,0.1038,0.3881,2.312
HYPSTAR_122304,iv_shift-0.1,(iv) E wavelength error -0.1 nm (rigid),raman,lines,ruddick2023,1,5.57e-06,2.693e-06,0.008369,0.0001594,25,0.0001098,0.02452,0.4834,0.05072,1.451
HYPSTAR_122304,iv_shift-0.1,(iv) E wavelength error -0.1 nm (rigid),raman,lines,ruddick2023,5,1.643e-06,1.796e-07,0.008369,1.037e-05,25,4.233e-06,0.04242,0.1093,0.388,2.448
HYPSTAR_122304,iv_shift-0.1,(iv) E wavelength error -0.1 nm (rigid),raman,lines,sinc,1,5.57e-06,2.704e-06,0.008387,0.0001602,25,0.0001125,0.02404,0.4854,0.04953,1.424
HYPSTAR_122304,iv_shift-0.1,(iv) E wavelength error -0.1 nm (rigid),raman,lines,sinc,5,1.643e-06,1.795e-07,0.008387,1.036e-05,25,4.31e-06,0.04165,0.1093,0.3811,2.403
HYPSTAR_122304,iv_shift-0.1,(iv) E wavelength error -0.1 nm (rigid),raman,lines,srf,1,5.57e-06,1.02e-06,0.003988,5.802e-05,25,0.00011,0.009269,0.1831,0.05062,0.5272
HYPSTAR_122304,iv_shift-0.1,(iv) E wavelength error -0.1 nm (rigid),raman,lines,srf,5,1.643e-06,8.023e-08,0.003988,4.514e-06,25,4.233e-06,0.01895,0.04884,0.388,1.066
HYPSTAR_122304,iv_shift-0.3,(iv) E wavelength error -0.3 nm (rigid),fl,fl,cubic,1,6.633e-06,3.31e-06,0.01308,1.299e-05,25,3.942e-05,0.08399,0.4991,0.1683,0.3295
HYPSTAR_122304,iv_shift-0.3,(iv) E wavelength error -0.3 nm (rigid),fl,fl,cubic,5,1.993e-06,2.895e-07,0.01308,1.17e-06,25,1.563e-06,0.1853,0.1453,1.275,0.7487
HYPSTAR_122304,iv_shift-0.3,(iv) E wavelength error -0.3 nm (rigid),fl,fl,linear,1,6.633e-06,2.951e-06,0.01257,1.158e-05,25,3.863e-05,0.07639,0.4449,0.1717,0.2998
HYPSTAR_122304,iv_shift-0.3,(iv) E wavelength error -0.3 nm (rigid),fl,fl,linear,5,1.993e-06,2.792e-07,0.01257,1.13e-06,25,1.544e-06,0.1808,0.1401,1.29,0.7319
HYPSTAR_122304,iv_shift-0.3,(iv) E wavelength error -0.3 nm (rigid),fl,fl,ruddick2023,1,6.633e-06,3.11e-06,0.01276,1.221e-05,25,3.865e-05,0.08047,0.4688,0.1716,0.3159
HYPSTAR_122304,iv_shift-0.3,(iv) E wavelength error -0.3 nm (rigid),fl,fl,ruddick2023,5,1.993e-06,2.833e-07,0.01276,1.146e-06,25,1.545e-06,0.1833,0.1422,1.289,0.7417
HYPSTAR_122304,iv_shift-0.3,(iv) E wavelength error -0.3 nm (rigid),fl,fl,sinc,1,6.633e-06,3.319e-06,0.0131,1.302e-05,25,3.97e-05,0.08359,0.5004,0.1671,0.3279
HYPSTAR_122304,iv_shift-0.3,(iv) E wavelength error -0.3 nm (rigid),fl,fl,sinc,5,1.993e-06,2.901e-07,0.0131,1.172e-06,25,1.569e-06,0.1848,0.1456,1.27,0.7469
HYPSTAR_122304,iv_shift-0.3,(iv) E wavelength error -0.3 nm (rigid),fl,fl,srf,1,6.633e-06,3.129e-06,0.01307,1.229e-05,25,3.858e-05,0.08113,0.4718,0.1719,0.3186
HYPSTAR_122304,iv_shift-0.3,(iv) E wavelength error -0.3 nm (rigid),fl,fl,srf,5,1.993e-06,2.887e-07,0.01307,1.17e-06,25,1.544e-06,0.187,0.1449,1.291,0.7579
HYPSTAR_122304,iv_shift-0.3,(iv) E wavelength error -0.3 nm (rigid),raman,lines,cubic,1,5.57e-06,3.532e-06,0.01312,0.0002049,25,0.0001122,0.03148,0.6341,0.04964,1.826
HYPSTAR_122304,iv_shift-0.3,(iv) E wavelength error -0.3 nm (rigid),raman,lines,cubic,5,1.643e-06,2.665e-07,0.01312,1.505e-05,25,4.298e-06,0.06201,0.1623,0.3822,3.501
HYPSTAR_122304,iv_shift-0.3,(iv) E wavelength error -0.3 nm (rigid),raman,lines,linear,1,5.57e-06,3.43e-06,0.01292,0.0001981,25,0.0001098,0.03123,0.6157,0.05073,1.805
HYPSTAR_122304,iv_shift-0.3,(iv) E wavelength error -0.3 nm (rigid),raman,lines,linear,5,1.643e-06,2.61e-07,0.01292,1.468e-05,25,4.232e-06,0.06167,0.1589,0.3881,3.469
HYPSTAR_122304,iv_shift-0.3,(iv) E wavelength error -0.3 nm (rigid),raman,lines,ruddick2023,1,5.57e-06,3.474e-06,0.01303,0.0002012,25,0.0001098,0.03164,0.6237,0.05072,1.832
HYPSTAR_122304,iv_shift-0.3,(iv) E wavelength error -0.3 nm (rigid),raman,lines,ruddick2023,5,1.643e-06,2.649e-07,0.01303,1.494e-05,25,4.233e-06,0.06257,0.1613,0.388,3.529
HYPSTAR_122304,iv_shift-0.3,(iv) E wavelength error -0.3 nm (rigid),raman,lines,sinc,1,5.57e-06,3.533e-06,0.01311,0.0002049,25,0.0001125,0.03141,0.6342,0.04953,1.822
HYPSTAR_122304,iv_shift-0.3,(iv) E wavelength error -0.3 nm (rigid),raman,lines,sinc,5,1.643e-06,2.664e-07,0.01311,1.503e-05,25,4.31e-06,0.06181,0.1622,0.3811,3.487
HYPSTAR_122304,iv_shift-0.3,(iv) E wavelength error -0.3 nm (rigid),raman,lines,srf,1,5.57e-06,3.038e-06,0.01193,0.0001737,25,0.00011,0.02761,0.5455,0.05062,1.578
HYPSTAR_122304,iv_shift-0.3,(iv) E wavelength error -0.3 nm (rigid),raman,lines,srf,5,1.643e-06,2.403e-07,0.01193,1.349e-05,25,4.233e-06,0.05676,0.1463,0.388,3.187
HYPSTAR_122304,iv_stretch+0.1,(iv) E wavelength stretch +0.1 nm at the ends,fl,fl,cubic,1,6.633e-06,2.063e-06,0.005642,8.2e-06,25,3.942e-05,0.05233,0.311,0.1683,0.208
HYPSTAR_122304,iv_stretch+0.1,(iv) E wavelength stretch +0.1 nm at the ends,fl,fl,cubic,5,1.993e-06,1.19e-07,0.005642,4.806e-07,25,1.563e-06,0.07612,0.0597,1.275,0.3076
HYPSTAR_122304,iv_stretch+0.1,(iv) E wavelength stretch +0.1 nm at the ends,fl,fl,linear,1,6.633e-06,1.544e-06,0.004366,6.133e-06,25,3.863e-05,0.03998,0.2329,0.1717,0.1588
HYPSTAR_122304,iv_stretch+0.1,(iv) E wavelength stretch +0.1 nm at the ends,fl,fl,linear,5,1.993e-06,9.214e-08,0.004366,3.723e-07,25,1.544e-06,0.05966,0.04624,1.29,0.241
HYPSTAR_122304,iv_stretch+0.1,(iv) E wavelength stretch +0.1 nm at the ends,fl,fl,ruddick2023,1,6.633e-06,2.068e-06,0.005647,8.22e-06,25,3.865e-05,0.05352,0.3118,0.1716,0.2127
HYPSTAR_122304,iv_stretch+0.1,(iv) E wavelength stretch +0.1 nm at the ends,fl,fl,ruddick2023,5,1.993e-06,1.191e-07,0.005647,4.81e-07,25,1.545e-06,0.07705,0.05975,1.289,0.3112
HYPSTAR_122304,iv_stretch+0.1,(iv) E wavelength stretch +0.1 nm at the ends,fl,fl,sinc,1,6.633e-06,2.073e-06,0.005633,8.243e-06,25,3.97e-05,0.05222,0.3126,0.1671,0.2076
HYPSTAR_122304,iv_stretch+0.1,(iv) E wavelength stretch +0.1 nm at the ends,fl,fl,sinc,5,1.993e-06,1.188e-07,0.005633,4.799e-07,25,1.569e-06,0.07572,0.05964,1.27,0.3058
HYPSTAR_122304,iv_stretch+0.1,(iv) E wavelength stretch +0.1 nm at the ends,fl,fl,srf,1,6.633e-06,2.528e-07,0.001042,1.007e-06,25,3.858e-05,0.006554,0.03812,0.1719,0.02609
HYPSTAR_122304,iv_stretch+0.1,(iv) E wavelength stretch +0.1 nm at the ends,fl,fl,srf,5,1.993e-06,2.308e-08,0.001042,9.436e-08,25,1.544e-06,0.01495,0.01158,1.291,0.06111
HYPSTAR_122304,iv_stretch+0.1,(iv) E wavelength stretch +0.1 nm at the ends,raman,lines,cubic,1,5.57e-06,2.658e-06,0.008016,0.0001578,25,0.0001122,0.02368,0.4771,0.04964,1.406
HYPSTAR_122304,iv_stretch+0.1,(iv) E wavelength stretch +0.1 nm at the ends,raman,lines,cubic,5,1.643e-06,1.727e-07,0.008016,1.007e-05,25,4.298e-06,0.04018,0.1051,0.3822,2.344
HYPSTAR_122304,iv_stretch+0.1,(iv) E wavelength stretch +0.1 nm at the ends,raman,lines,linear,1,5.57e-06,2.525e-06,0.007689,0.0001493,25,0.0001098,0.02299,0.4533,0.05073,1.359
HYPSTAR_122304,iv_stretch+0.1,(iv) E wavelength stretch +0.1 nm at the ends,raman,lines,linear,5,1.643e-06,1.629e-07,0.007689,9.468e-06,25,4.232e-06,0.03849,0.09916,0.3881,2.237
HYPSTAR_122304,iv_stretch+0.1,(iv) E wavelength stretch +0.1 nm at the ends,raman,lines,ruddick2023,1,5.57e-06,2.651e-06,0.008003,0.0001572,25,0.0001098,0.02414,0.4759,0.05072,1.432
HYPSTAR_122304,iv_stretch+0.1,(iv) E wavelength stretch +0.1 nm at the ends,raman,lines,ruddick2023,5,1.643e-06,1.728e-07,0.008003,1.008e-05,25,4.233e-06,0.04081,0.1052,0.388,2.38
HYPSTAR_122304,iv_stretch+0.1,(iv) E wavelength stretch +0.1 nm at the ends,raman,lines,sinc,1,5.57e-06,2.659e-06,0.008014,0.0001578,25,0.0001125,0.02364,0.4773,0.04953,1.403
HYPSTAR_122304,iv_stretch+0.1,(iv) E wavelength stretch +0.1 nm at the ends,raman,lines,sinc,5,1.643e-06,1.726e-07,0.008014,1.006e-05,25,4.31e-06,0.04004,0.1051,0.3811,2.335
HYPSTAR_122304,iv_stretch+0.1,(iv) E wavelength stretch +0.1 nm at the ends,raman,lines,srf,1,5.57e-06,7.358e-07,0.002801,4.613e-05,25,0.00011,0.006686,0.1321,0.05062,0.4192
HYPSTAR_122304,iv_stretch+0.1,(iv) E wavelength stretch +0.1 nm at the ends,raman,lines,srf,5,1.643e-06,5.667e-08,0.002801,3.579e-06,25,4.233e-06,0.01339,0.0345,0.388,0.8456
HYPSTAR_122304,iv_stretch-0.1,(iv) E wavelength stretch -0.1 nm at the ends,fl,fl,cubic,1,6.633e-06,1.997e-06,0.005359,7.921e-06,25,3.942e-05,0.05067,0.3011,0.1683,0.201
HYPSTAR_122304,iv_stretch-0.1,(iv) E wavelength stretch -0.1 nm at the ends,fl,fl,cubic,5,1.993e-06,1.133e-07,0.005359,4.559e-07,25,1.563e-06,0.0725,0.05686,1.275,0.2917
HYPSTAR_122304,iv_stretch-0.1,(iv) E wavelength stretch -0.1 nm at the ends,fl,fl,linear,1,6.633e-06,1.472e-06,0.004069,5.83e-06,25,3.863e-05,0.0381,0.2219,0.1717,0.1509
HYPSTAR_122304,iv_stretch-0.1,(iv) E wavelength stretch -0.1 nm at the ends,fl,fl,linear,5,1.993e-06,8.621e-08,0.004069,3.467e-07,25,1.544e-06,0.05582,0.04327,1.29,0.2245
HYPSTAR_122304,iv_stretch-0.1,(iv) E wavelength stretch -0.1 nm at the ends,fl,fl,ruddick2023,1,6.633e-06,2.012e-06,0.005378,7.982e-06,25,3.865e-05,0.05205,0.3033,0.1716,0.2065
HYPSTAR_122304,iv_stretch-0.1,(iv) E wavelength stretch -0.1 nm at the ends,fl,fl,ruddick2023,5,1.993e-06,1.137e-07,0.005378,4.575e-07,25,1.545e-06,0.07356,0.05705,1.289,0.296
HYPSTAR_122304,iv_stretch-0.1,(iv) E wavelength stretch -0.1 nm at the ends,fl,fl,sinc,1,6.633e-06,2.008e-06,0.005359,7.965e-06,25,3.97e-05,0.05057,0.3027,0.1671,0.2006
HYPSTAR_122304,iv_stretch-0.1,(iv) E wavelength stretch -0.1 nm at the ends,fl,fl,sinc,5,1.993e-06,1.134e-07,0.005359,4.561e-07,25,1.569e-06,0.07226,0.05691,1.27,0.2906
HYPSTAR_122304,iv_stretch-0.1,(iv) E wavelength stretch -0.1 nm at the ends,fl,fl,srf,1,6.633e-06,2.525e-07,0.001042,1.004e-06,25,3.858e-05,0.006545,0.03807,0.1719,0.02603
HYPSTAR_122304,iv_stretch-0.1,(iv) E wavelength stretch -0.1 nm at the ends,fl,fl,srf,5,1.993e-06,2.307e-08,0.001042,9.426e-08,25,1.544e-06,0.01494,0.01158,1.291,0.06105
HYPSTAR_122304,iv_stretch-0.1,(iv) E wavelength stretch -0.1 nm at the ends,raman,lines,cubic,1,5.57e-06,2.632e-06,0.00805,0.0001576,25,0.0001122,0.02346,0.4725,0.04964,1.404
HYPSTAR_122304,iv_stretch-0.1,(iv) E wavelength stretch -0.1 nm at the ends,raman,lines,cubic,5,1.643e-06,1.762e-07,0.00805,1.041e-05,25,4.298e-06,0.04099,0.1072,0.3822,2.422
HYPSTAR_122304,iv_stretch-0.1,(iv) E wavelength stretch -0.1 nm at the ends,raman,lines,linear,1,5.57e-06,2.495e-06,0.007714,0.0001485,25,0.0001098,0.02272,0.4479,0.05073,1.353
HYPSTAR_122304,iv_stretch-0.1,(iv) E wavelength stretch -0.1 nm at the ends,raman,lines,linear,5,1.643e-06,1.654e-07,0.007714,9.727e-06,25,4.232e-06,0.03909,0.1007,0.3881,2.299
HYPSTAR_122304,iv_stretch-0.1,(iv) E wavelength stretch -0.1 nm at the ends,raman,lines,ruddick2023,1,5.57e-06,2.633e-06,0.008048,0.0001577,25,0.0001098,0.02398,0.4727,0.05072,1.436
HYPSTAR_122304,iv_stretch-0.1,(iv) E wavelength stretch -0.1 nm at the ends,raman,lines,ruddick2023,5,1.643e-06,1.758e-07,0.008048,1.038e-05,25,4.233e-06,0.04153,0.1071,0.388,2.452
HYPSTAR_122304,iv_stretch-0.1,(iv) E wavelength stretch -0.1 nm at the ends,raman,lines,sinc,1,5.57e-06,2.633e-06,0.008058,0.0001577,25,0.0001125,0.02341,0.4727,0.04953,1.402
HYPSTAR_122304,iv_stretch-0.1,(iv) E wavelength stretch -0.1 nm at the ends,raman,lines,sinc,5,1.643e-06,1.761e-07,0.008058,1.041e-05,25,4.31e-06,0.04085,0.1072,0.3811,2.415
HYPSTAR_122304,iv_stretch-0.1,(iv) E wavelength stretch -0.1 nm at the ends,raman,lines,srf,1,5.57e-06,7.318e-07,0.002793,4.545e-05,25,0.00011,0.00665,0.1314,0.05062,0.413
HYPSTAR_122304,iv_stretch-0.1,(iv) E wavelength stretch -0.1 nm at the ends,raman,lines,srf,5,1.643e-06,5.66e-08,0.002793,3.551e-06,25,4.233e-06,0.01337,0.03446,0.388,0.8389
HYPSTAR_122304,v_wrongsrf_E+0.3,(v) correction told FWHM_E +0.3 nm,fl,fl,cubic,1,6.633e-06,2.017e-06,0.005409,8.009e-06,25,3.942e-05,0.05117,0.3041,0.1683,0.2032
HYPSTAR_122304,v_wrongsrf_E+0.3,(v) correction told FWHM_E +0.3 nm,fl,fl,cubic,5,1.993e-06,1.14e-07,0.005409,4.593e-07,25,1.563e-06,0.07294,0.0572,1.275,0.2939
HYPSTAR_122304,v_wrongsrf_E+0.3,(v) correction told FWHM_E +0.3 nm,fl,fl,linear,1,6.633e-06,1.492e-06,0.004101,5.917e-06,25,3.863e-05,0.03862,0.225,0.1717,0.1532
HYPSTAR_122304,v_wrongsrf_E+0.3,(v) correction told FWHM_E +0.3 nm,fl,fl,linear,5,1.993e-06,8.644e-08,0.004101,3.481e-07,25,1.544e-06,0.05597,0.04338,1.29,0.2254
HYPSTAR_122304,v_wrongsrf_E+0.3,(v) correction told FWHM_E +0.3 nm,fl,fl,ruddick2023,1,6.633e-06,1.823e-06,0.005116,7.23e-06,25,3.865e-05,0.04716,0.2748,0.1716,0.1871
HYPSTAR_122304,v_wrongsrf_E+0.3,(v) correction told FWHM_E +0.3 nm,fl,fl,ruddick2023,5,1.993e-06,1.079e-07,0.005116,4.352e-07,25,1.545e-06,0.0698,0.05413,1.289,0.2816
HYPSTAR_122304,v_wrongsrf_E+0.3,(v) correction told FWHM_E +0.3 nm,fl,fl,sinc,1,6.633e-06,2.028e-06,0.005404,8.052e-06,25,3.97e-05,0.05107,0.3057,0.1671,0.2028
HYPSTAR_122304,v_wrongsrf_E+0.3,(v) correction told FWHM_E +0.3 nm,fl,fl,sinc,5,1.993e-06,1.14e-07,0.005404,4.591e-07,25,1.569e-06,0.07262,0.0572,1.27,0.2925
HYPSTAR_122304,v_wrongsrf_E+0.3,(v) correction told FWHM_E +0.3 nm,fl,fl,srf,1,6.633e-06,1.929e-06,0.005433,7.655e-06,25,3.858e-05,0.05001,0.2909,0.1719,0.1985
HYPSTAR_122304,v_wrongsrf_E+0.3,(v) correction told FWHM_E +0.3 nm,fl,fl,srf,5,1.993e-06,1.146e-07,0.005433,4.623e-07,25,1.544e-06,0.0742,0.0575,1.291,0.2995
HYPSTAR_122304,v_wrongsrf_E+0.3,(v) correction told FWHM_E +0.3 nm,raman,lines,cubic,1,5.57e-06,2.581e-06,0.007632,0.0001536,25,0.0001122,0.023,0.4634,0.04964,1.369
HYPSTAR_122304,v_wrongsrf_E+0.3,(v) correction told FWHM_E +0.3 nm,raman,lines,cubic,5,1.643e-06,1.678e-07,0.007632,9.778e-06,25,4.298e-06,0.03905,0.1022,0.3822,2.275
HYPSTAR_122304,v_wrongsrf_E+0.3,(v) correction told FWHM_E +0.3 nm,raman,lines,linear,1,5.57e-06,2.444e-06,0.007284,0.0001447,25,0.0001098,0.02226,0.4388,0.05073,1.318
HYPSTAR_122304,v_wrongsrf_E+0.3,(v) correction told FWHM_E +0.3 nm,raman,lines,linear,5,1.643e-06,1.571e-07,0.007284,9.105e-06,25,4.232e-06,0.03714,0.09567,0.3881,2.151
HYPSTAR_122304,v_wrongsrf_E+0.3,(v) correction told FWHM_E +0.3 nm,raman,lines,ruddick2023,1,5.57e-06,2.535e-06,0.007553,0.0001507,25,0.0001098,0.02308,0.455,0.05072,1.373
HYPSTAR_122304,v_wrongsrf_E+0.3,(v) correction told FWHM_E +0.3 nm,raman,lines,ruddick2023,5,1.643e-06,1.647e-07,0.007553,9.584e-06,25,4.233e-06,0.03891,0.1003,0.388,2.264
HYPSTAR_122304,v_wrongsrf_E+0.3,(v) correction told FWHM_E +0.3 nm,raman,lines,sinc,1,5.57e-06,2.582e-06,0.007636,0.0001537,25,0.0001125,0.02296,0.4636,0.04953,1.367
HYPSTAR_122304,v_wrongsrf_E+0.3,(v) correction told FWHM_E +0.3 nm,raman,lines,sinc,5,1.643e-06,1.677e-07,0.007636,9.774e-06,25,4.31e-06,0.03892,0.1021,0.3811,2.268
HYPSTAR_122304,v_wrongsrf_E+0.3,(v) correction told FWHM_E +0.3 nm,raman,lines,srf,1,5.57e-06,1.804e-06,0.005177,0.0001027,25,0.00011,0.01639,0.3238,0.05062,0.9337
HYPSTAR_122304,v_wrongsrf_E+0.3,(v) correction told FWHM_E +0.3 nm,raman,lines,srf,5,1.643e-06,1.113e-07,0.005177,6.276e-06,25,4.233e-06,0.0263,0.06778,0.388,1.483
HYPSTAR_122304,v_wrongsrf_E-0.3,(v) correction told FWHM_E -0.3 nm,fl,fl,cubic,1,6.633e-06,2.017e-06,0.005409,8.009e-06,25,3.942e-05,0.05117,0.3041,0.1683,0.2032
HYPSTAR_122304,v_wrongsrf_E-0.3,(v) correction told FWHM_E -0.3 nm,fl,fl,cubic,5,1.993e-06,1.14e-07,0.005409,4.593e-07,25,1.563e-06,0.07294,0.0572,1.275,0.2939
HYPSTAR_122304,v_wrongsrf_E-0.3,(v) correction told FWHM_E -0.3 nm,fl,fl,linear,1,6.633e-06,1.492e-06,0.004101,5.917e-06,25,3.863e-05,0.03862,0.225,0.1717,0.1532
HYPSTAR_122304,v_wrongsrf_E-0.3,(v) correction told FWHM_E -0.3 nm,fl,fl,linear,5,1.993e-06,8.644e-08,0.004101,3.481e-07,25,1.544e-06,0.05597,0.04338,1.29,0.2254
HYPSTAR_122304,v_wrongsrf_E-0.3,(v) correction told FWHM_E -0.3 nm,fl,fl,ruddick2023,1,6.633e-06,2.374e-06,0.005877,9.449e-06,25,3.865e-05,0.06143,0.3579,0.1716,0.2445
HYPSTAR_122304,v_wrongsrf_E-0.3,(v) correction told FWHM_E -0.3 nm,fl,fl,ruddick2023,5,1.993e-06,1.237e-07,0.005877,4.977e-07,25,1.545e-06,0.08005,0.06208,1.289,0.3221
HYPSTAR_122304,v_wrongsrf_E-0.3,(v) correction told FWHM_E -0.3 nm,fl,fl,sinc,1,6.633e-06,2.028e-06,0.005404,8.052e-06,25,3.97e-05,0.05107,0.3057,0.1671,0.2028
HYPSTAR_122304,v_wrongsrf_E-0.3,(v) correction told FWHM_E -0.3 nm,fl,fl,sinc,5,1.993e-06,1.14e-07,0.005404,4.591e-07,25,1.569e-06,0.07262,0.0572,1.27,0.2925
HYPSTAR_122304,v_wrongsrf_E-0.3,(v) correction told FWHM_E -0.3 nm,fl,fl,srf,1,6.633e-06,2.713e-06,0.006335,1.077e-05,25,3.858e-05,0.07033,0.409,0.1719,0.2792
HYPSTAR_122304,v_wrongsrf_E-0.3,(v) correction told FWHM_E -0.3 nm,fl,fl,srf,5,1.993e-06,1.335e-07,0.006335,5.368e-07,25,1.544e-06,0.08646,0.06699,1.291,0.3477
HYPSTAR_122304,v_wrongsrf_E-0.3,(v) correction told FWHM_E -0.3 nm,raman,lines,cubic,1,5.57e-06,2.581e-06,0.007632,0.0001536,25,0.0001122,0.023,0.4634,0.04964,1.369
HYPSTAR_122304,v_wrongsrf_E-0.3,(v) correction told FWHM_E -0.3 nm,raman,lines,cubic,5,1.643e-06,1.678e-07,0.007632,9.778e-06,25,4.298e-06,0.03905,0.1022,0.3822,2.275
HYPSTAR_122304,v_wrongsrf_E-0.3,(v) correction told FWHM_E -0.3 nm,raman,lines,linear,1,5.57e-06,2.444e-06,0.007284,0.0001447,25,0.0001098,0.02226,0.4388,0.05073,1.318
HYPSTAR_122304,v_wrongsrf_E-0.3,(v) correction told FWHM_E -0.3 nm,raman,lines,linear,5,1.643e-06,1.571e-07,0.007284,9.105e-06,25,4.232e-06,0.03714,0.09567,0.3881,2.151
HYPSTAR_122304,v_wrongsrf_E-0.3,(v) correction told FWHM_E -0.3 nm,raman,lines,ruddick2023,1,5.57e-06,2.653e-06,0.007737,0.0001578,25,0.0001098,0.02416,0.4763,0.05072,1.437
HYPSTAR_122304,v_wrongsrf_E-0.3,(v) correction told FWHM_E -0.3 nm,raman,lines,ruddick2023,5,1.643e-06,1.724e-07,0.007737,1.006e-05,25,4.233e-06,0.04073,0.105,0.388,2.376
HYPSTAR_122304,v_wrongsrf_E-0.3,(v) correction told FWHM_E -0.3 nm,raman,lines,sinc,1,5.57e-06,2.582e-06,0.007636,0.0001537,25,0.0001125,0.02296,0.4636,0.04953,1.367
HYPSTAR_122304,v_wrongsrf_E-0.3,(v) correction told FWHM_E -0.3 nm,raman,lines,sinc,5,1.643e-06,1.677e-07,0.007636,9.774e-06,25,4.31e-06,0.03892,0.1021,0.3811,2.268
HYPSTAR_122304,v_wrongsrf_E-0.3,(v) correction told FWHM_E -0.3 nm,raman,lines,srf,1,5.57e-06,2.418e-06,0.005976,0.0001355,25,0.00011,0.02197,0.434,0.05062,1.231
HYPSTAR_122304,v_wrongsrf_E-0.3,(v) correction told FWHM_E -0.3 nm,raman,lines,srf,5,1.643e-06,1.365e-07,0.005976,7.767e-06,25,4.233e-06,0.03224,0.08308,0.388,1.835
HYPSTAR_122304,v_wrongsrf_L+0.3,(v) correction told FWHM_L +0.3 nm,fl,fl,cubic,1,6.633e-06,2.017e-06,0.005409,8.009e-06,25,3.942e-05,0.05117,0.3041,0.1683,0.2032
HYPSTAR_122304,v_wrongsrf_L+0.3,(v) correction told FWHM_L +0.3 nm,fl,fl,cubic,5,1.993e-06,1.14e-07,0.005409,4.593e-07,25,1.563e-06,0.07294,0.0572,1.275,0.2939
HYPSTAR_122304,v_wrongsrf_L+0.3,(v) correction told FWHM_L +0.3 nm,fl,fl,linear,1,6.633e-06,1.492e-06,0.004101,5.917e-06,25,3.863e-05,0.03862,0.225,0.1717,0.1532
HYPSTAR_122304,v_wrongsrf_L+0.3,(v) correction told FWHM_L +0.3 nm,fl,fl,linear,5,1.993e-06,8.644e-08,0.004101,3.481e-07,25,1.544e-06,0.05597,0.04338,1.29,0.2254
HYPSTAR_122304,v_wrongsrf_L+0.3,(v) correction told FWHM_L +0.3 nm,fl,fl,ruddick2023,1,6.633e-06,2.029e-06,0.005427,8.059e-06,25,3.865e-05,0.05251,0.306,0.1716,0.2085
HYPSTAR_122304,v_wrongsrf_L+0.3,(v) correction told FWHM_L +0.3 nm,fl,fl,ruddick2023,5,1.993e-06,1.143e-07,0.005427,4.608e-07,25,1.545e-06,0.07399,0.05739,1.289,0.2982
HYPSTAR_122304,v_wrongsrf_L+0.3,(v) correction told FWHM_L +0.3 nm,fl,fl,sinc,1,6.633e-06,2.028e-06,0.005404,8.052e-06,25,3.97e-05,0.05107,0.3057,0.1671,0.2028
HYPSTAR_122304,v_wrongsrf_L+0.3,(v) correction told FWHM_L +0.3 nm,fl,fl,sinc,5,1.993e-06,1.14e-07,0.005404,4.591e-07,25,1.569e-06,0.07262,0.0572,1.27,0.2925
HYPSTAR_122304,v_wrongsrf_L+0.3,(v) correction told FWHM_L +0.3 nm,fl,fl,srf,1,6.633e-06,1.513e-06,0.004947,5.975e-06,25,3.858e-05,0.03923,0.2281,0.1719,0.1549
HYPSTAR_122304,v_wrongsrf_L+0.3,(v) correction told FWHM_L +0.3 nm,fl,fl,srf,5,1.993e-06,1.048e-07,0.004947,4.222e-07,25,1.544e-06,0.06788,0.0526,1.291,0.2734
HYPSTAR_122304,v_wrongsrf_L+0.3,(v) correction told FWHM_L +0.3 nm,raman,lines,cubic,1,5.57e-06,2.581e-06,0.007632,0.0001536,25,0.0001122,0.023,0.4634,0.04964,1.369
HYPSTAR_122304,v_wrongsrf_L+0.3,(v) correction told FWHM_L +0.3 nm,raman,lines,cubic,5,1.643e-06,1.678e-07,0.007632,9.778e-06,25,4.298e-06,0.03905,0.1022,0.3822,2.275
HYPSTAR_122304,v_wrongsrf_L+0.3,(v) correction told FWHM_L +0.3 nm,raman,lines,linear,1,5.57e-06,2.444e-06,0.007284,0.0001447,25,0.0001098,0.02226,0.4388,0.05073,1.318
HYPSTAR_122304,v_wrongsrf_L+0.3,(v) correction told FWHM_L +0.3 nm,raman,lines,linear,5,1.643e-06,1.571e-07,0.007284,9.105e-06,25,4.232e-06,0.03714,0.09567,0.3881,2.151
HYPSTAR_122304,v_wrongsrf_L+0.3,(v) correction told FWHM_L +0.3 nm,raman,lines,ruddick2023,1,5.57e-06,2.582e-06,0.007634,0.0001537,25,0.0001098,0.02352,0.4636,0.05072,1.4
HYPSTAR_122304,v_wrongsrf_L+0.3,(v) correction told FWHM_L +0.3 nm,raman,lines,ruddick2023,5,1.643e-06,1.679e-07,0.007634,9.784e-06,25,4.233e-06,0.03967,0.1022,0.388,2.311
HYPSTAR_122304,v_wrongsrf_L+0.3,(v) correction told FWHM_L +0.3 nm,raman,lines,sinc,1,5.57e-06,2.582e-06,0.007636,0.0001537,25,0.0001125,0.02296,0.4636,0.04953,1.367
HYPSTAR_122304,v_wrongsrf_L+0.3,(v) correction told FWHM_L +0.3 nm,raman,lines,sinc,5,1.643e-06,1.677e-07,0.007636,9.774e-06,25,4.31e-06,0.03892,0.1021,0.3811,2.268
HYPSTAR_122304,v_wrongsrf_L+0.3,(v) correction told FWHM_L +0.3 nm,raman,lines,srf,1,5.57e-06,1.169e-06,0.004317,6.539e-05,25,0.00011,0.01063,0.2099,0.05062,0.5942
HYPSTAR_122304,v_wrongsrf_L+0.3,(v) correction told FWHM_L +0.3 nm,raman,lines,srf,5,1.643e-06,8.645e-08,0.004317,4.839e-06,25,4.233e-06,0.02042,0.05263,0.388,1.143
HYPSTAR_122304,v_wrongsrf_L-0.3,(v) correction told FWHM_L -0.3 nm,fl,fl,cubic,1,6.633e-06,2.017e-06,0.005409,8.009e-06,25,3.942e-05,0.05117,0.3041,0.1683,0.2032
HYPSTAR_122304,v_wrongsrf_L-0.3,(v) correction told FWHM_L -0.3 nm,fl,fl,cubic,5,1.993e-06,1.14e-07,0.005409,4.593e-07,25,1.563e-06,0.07294,0.0572,1.275,0.2939
HYPSTAR_122304,v_wrongsrf_L-0.3,(v) correction told FWHM_L -0.3 nm,fl,fl,linear,1,6.633e-06,1.492e-06,0.004101,5.917e-06,25,3.863e-05,0.03862,0.225,0.1717,0.1532
HYPSTAR_122304,v_wrongsrf_L-0.3,(v) correction told FWHM_L -0.3 nm,fl,fl,linear,5,1.993e-06,8.644e-08,0.004101,3.481e-07,25,1.544e-06,0.05597,0.04338,1.29,0.2254
HYPSTAR_122304,v_wrongsrf_L-0.3,(v) correction told FWHM_L -0.3 nm,fl,fl,ruddick2023,1,6.633e-06,2.029e-06,0.005427,8.059e-06,25,3.865e-05,0.05251,0.306,0.1716,0.2085
HYPSTAR_122304,v_wrongsrf_L-0.3,(v) correction told FWHM_L -0.3 nm,fl,fl,ruddick2023,5,1.993e-06,1.143e-07,0.005427,4.608e-07,25,1.545e-06,0.07399,0.05739,1.289,0.2982
HYPSTAR_122304,v_wrongsrf_L-0.3,(v) correction told FWHM_L -0.3 nm,fl,fl,sinc,1,6.633e-06,2.028e-06,0.005404,8.052e-06,25,3.97e-05,0.05107,0.3057,0.1671,0.2028
HYPSTAR_122304,v_wrongsrf_L-0.3,(v) correction told FWHM_L -0.3 nm,fl,fl,sinc,5,1.993e-06,1.14e-07,0.005404,4.591e-07,25,1.569e-06,0.07262,0.0572,1.27,0.2925
HYPSTAR_122304,v_wrongsrf_L-0.3,(v) correction told FWHM_L -0.3 nm,fl,fl,srf,1,6.633e-06,2.183e-06,0.0058,8.674e-06,25,3.858e-05,0.0566,0.3292,0.1719,0.2249
HYPSTAR_122304,v_wrongsrf_L-0.3,(v) correction told FWHM_L -0.3 nm,fl,fl,srf,5,1.993e-06,1.222e-07,0.0058,4.927e-07,25,1.544e-06,0.07917,0.06134,1.291,0.3191
HYPSTAR_122304,v_wrongsrf_L-0.3,(v) correction told FWHM_L -0.3 nm,raman,lines,cubic,1,5.57e-06,2.581e-06,0.007632,0.0001536,25,0.0001122,0.023,0.4634,0.04964,1.369
HYPSTAR_122304,v_wrongsrf_L-0.3,(v) correction told FWHM_L -0.3 nm,raman,lines,cubic,5,1.643e-06,1.678e-07,0.007632,9.778e-06,25,4.298e-06,0.03905,0.1022,0.3822,2.275
HYPSTAR_122304,v_wrongsrf_L-0.3,(v) correction told FWHM_L -0.3 nm,raman,lines,linear,1,5.57e-06,2.444e-06,0.007284,0.0001447,25,0.0001098,0.02226,0.4388,0.05073,1.318
HYPSTAR_122304,v_wrongsrf_L-0.3,(v) correction told FWHM_L -0.3 nm,raman,lines,linear,5,1.643e-06,1.571e-07,0.007284,9.105e-06,25,4.232e-06,0.03714,0.09567,0.3881,2.151
HYPSTAR_122304,v_wrongsrf_L-0.3,(v) correction told FWHM_L -0.3 nm,raman,lines,ruddick2023,1,5.57e-06,2.582e-06,0.007634,0.0001537,25,0.0001098,0.02352,0.4636,0.05072,1.4
HYPSTAR_122304,v_wrongsrf_L-0.3,(v) correction told FWHM_L -0.3 nm,raman,lines,ruddick2023,5,1.643e-06,1.679e-07,0.007634,9.784e-06,25,4.233e-06,0.03967,0.1022,0.388,2.311
HYPSTAR_122304,v_wrongsrf_L-0.3,(v) correction told FWHM_L -0.3 nm,raman,lines,sinc,1,5.57e-06,2.582e-06,0.007636,0.0001537,25,0.0001125,0.02296,0.4636,0.04953,1.367
HYPSTAR_122304,v_wrongsrf_L-0.3,(v) correction told FWHM_L -0.3 nm,raman,lines,sinc,5,1.643e-06,1.677e-07,0.007636,9.774e-06,25,4.31e-06,0.03892,0.1021,0.3811,2.268
HYPSTAR_122304,v_wrongsrf_L-0.3,(v) correction told FWHM_L -0.3 nm,raman,lines,srf,1,5.57e-06,1.603e-06,0.004945,8.93e-05,25,0.00011,0.01457,0.2878,0.05062,0.8114
HYPSTAR_122304,v_wrongsrf_L-0.3,(v) correction told FWHM_L -0.3 nm,raman,lines,srf,5,1.643e-06,1.019e-07,0.004945,5.675e-06,25,4.233e-06,0.02408,0.06205,0.388,1.341
HYPSTAR_122304,vi_wrongemod_aerosol,(vi) wrong Emod: no aerosol (AOT 0.05 fields),fl,fl,cubic,1,6.633e-06,2.017e-06,0.005409,8.009e-06,25,3.942e-05,0.05117,0.3041,0.1683,0.2032
HYPSTAR_122304,vi_wrongemod_aerosol,(vi) wrong Emod: no aerosol (AOT 0.05 fields),fl,fl,cubic,5,1.993e-06,1.14e-07,0.005409,4.593e-07,25,1.563e-06,0.07294,0.0572,1.275,0.2939
HYPSTAR_122304,vi_wrongemod_aerosol,(vi) wrong Emod: no aerosol (AOT 0.05 fields),fl,fl,linear,1,6.633e-06,1.492e-06,0.004101,5.917e-06,25,3.863e-05,0.03862,0.225,0.1717,0.1532
HYPSTAR_122304,vi_wrongemod_aerosol,(vi) wrong Emod: no aerosol (AOT 0.05 fields),fl,fl,linear,5,1.993e-06,8.644e-08,0.004101,3.481e-07,25,1.544e-06,0.05597,0.04338,1.29,0.2254
HYPSTAR_122304,vi_wrongemod_aerosol,(vi) wrong Emod: no aerosol (AOT 0.05 fields),fl,fl,ruddick2023,1,6.633e-06,2.029e-06,0.005427,8.059e-06,25,3.865e-05,0.05251,0.306,0.1716,0.2085
HYPSTAR_122304,vi_wrongemod_aerosol,(vi) wrong Emod: no aerosol (AOT 0.05 fields),fl,fl,ruddick2023,5,1.993e-06,1.143e-07,0.005427,4.608e-07,25,1.545e-06,0.07399,0.05739,1.289,0.2982
HYPSTAR_122304,vi_wrongemod_aerosol,(vi) wrong Emod: no aerosol (AOT 0.05 fields),fl,fl,sinc,1,6.633e-06,2.028e-06,0.005404,8.052e-06,25,3.97e-05,0.05107,0.3057,0.1671,0.2028
HYPSTAR_122304,vi_wrongemod_aerosol,(vi) wrong Emod: no aerosol (AOT 0.05 fields),fl,fl,sinc,5,1.993e-06,1.14e-07,0.005404,4.591e-07,25,1.569e-06,0.07262,0.0572,1.27,0.2925
HYPSTAR_122304,vi_wrongemod_aerosol,(vi) wrong Emod: no aerosol (AOT 0.05 fields),fl,fl,srf,1,6.633e-06,1.402e-09,1.14e-05,1.433e-08,25,3.858e-05,3.634e-05,0.0002113,0.1719,0.0003715
HYPSTAR_122304,vi_wrongemod_aerosol,(vi) wrong Emod: no aerosol (AOT 0.05 fields),fl,fl,srf,5,1.993e-06,8.511e-11,1.14e-05,1.771e-09,25,1.544e-06,5.512e-05,4.271e-05,1.291,0.001147
HYPSTAR_122304,vi_wrongemod_aerosol,(vi) wrong Emod: no aerosol (AOT 0.05 fields),raman,lines,cubic,1,5.57e-06,2.581e-06,0.007632,0.0001536,25,0.0001122,0.023,0.4634,0.04964,1.369
HYPSTAR_122304,vi_wrongemod_aerosol,(vi) wrong Emod: no aerosol (AOT 0.05 fields),raman,lines,cubic,5,1.643e-06,1.678e-07,0.007632,9.778e-06,25,4.298e-06,0.03905,0.1022,0.3822,2.275
HYPSTAR_122304,vi_wrongemod_aerosol,(vi) wrong Emod: no aerosol (AOT 0.05 fields),raman,lines,linear,1,5.57e-06,2.444e-06,0.007284,0.0001447,25,0.0001098,0.02226,0.4388,0.05073,1.318
HYPSTAR_122304,vi_wrongemod_aerosol,(vi) wrong Emod: no aerosol (AOT 0.05 fields),raman,lines,linear,5,1.643e-06,1.571e-07,0.007284,9.105e-06,25,4.232e-06,0.03714,0.09567,0.3881,2.151
HYPSTAR_122304,vi_wrongemod_aerosol,(vi) wrong Emod: no aerosol (AOT 0.05 fields),raman,lines,ruddick2023,1,5.57e-06,2.582e-06,0.007634,0.0001537,25,0.0001098,0.02352,0.4636,0.05072,1.4
HYPSTAR_122304,vi_wrongemod_aerosol,(vi) wrong Emod: no aerosol (AOT 0.05 fields),raman,lines,ruddick2023,5,1.643e-06,1.679e-07,0.007634,9.785e-06,25,4.233e-06,0.03967,0.1022,0.388,2.311
HYPSTAR_122304,vi_wrongemod_aerosol,(vi) wrong Emod: no aerosol (AOT 0.05 fields),raman,lines,sinc,1,5.57e-06,2.582e-06,0.007636,0.0001537,25,0.0001125,0.02296,0.4636,0.04953,1.367
HYPSTAR_122304,vi_wrongemod_aerosol,(vi) wrong Emod: no aerosol (AOT 0.05 fields),raman,lines,sinc,5,1.643e-06,1.677e-07,0.007636,9.774e-06,25,4.31e-06,0.03892,0.1021,0.3811,2.268
HYPSTAR_122304,vi_wrongemod_aerosol,(vi) wrong Emod: no aerosol (AOT 0.05 fields),raman,lines,srf,1,5.57e-06,6.303e-10,1.497e-06,8.291e-08,25,0.00011,5.727e-06,0.0001131,0.05062,0.0007534
HYPSTAR_122304,vi_wrongemod_aerosol,(vi) wrong Emod: no aerosol (AOT 0.05 fields),raman,lines,srf,5,1.643e-06,3.912e-11,1.497e-06,1.742e-08,25,4.233e-06,9.242e-06,2.382e-05,0.388,0.004115
HYPSTAR_122304,vi_wrongemod_pwv_factor,(vi) wrong Emod: water vapour x 2,fl,fl,cubic,1,6.633e-06,2.017e-06,0.005409,8.009e-06,25,3.942e-05,0.05117,0.3041,0.1683,0.2032
HYPSTAR_122304,vi_wrongemod_pwv_factor,(vi) wrong Emod: water vapour x 2,fl,fl,cubic,5,1.993e-06,1.14e-07,0.005409,4.593e-07,25,1.563e-06,0.07294,0.0572,1.275,0.2939
HYPSTAR_122304,vi_wrongemod_pwv_factor,(vi) wrong Emod: water vapour x 2,fl,fl,linear,1,6.633e-06,1.492e-06,0.004101,5.917e-06,25,3.863e-05,0.03862,0.225,0.1717,0.1532
HYPSTAR_122304,vi_wrongemod_pwv_factor,(vi) wrong Emod: water vapour x 2,fl,fl,linear,5,1.993e-06,8.644e-08,0.004101,3.481e-07,25,1.544e-06,0.05597,0.04338,1.29,0.2254
HYPSTAR_122304,vi_wrongemod_pwv_factor,(vi) wrong Emod: water vapour x 2,fl,fl,ruddick2023,1,6.633e-06,2.032e-06,0.005438,8.085e-06,25,3.865e-05,0.05259,0.3064,0.1716,0.2092
HYPSTAR_122304,vi_wrongemod_pwv_factor,(vi) wrong Emod: water vapour x 2,fl,fl,ruddick2023,5,1.993e-06,1.143e-07,0.005438,4.605e-07,25,1.545e-06,0.07396,0.05736,1.289,0.298
HYPSTAR_122304,vi_wrongemod_pwv_factor,(vi) wrong Emod: water vapour x 2,fl,fl,sinc,1,6.633e-06,2.028e-06,0.005404,8.052e-06,25,3.97e-05,0.05107,0.3057,0.1671,0.2028
HYPSTAR_122304,vi_wrongemod_pwv_factor,(vi) wrong Emod: water vapour x 2,fl,fl,sinc,5,1.993e-06,1.14e-07,0.005404,4.591e-07,25,1.569e-06,0.07262,0.0572,1.27,0.2925
HYPSTAR_122304,vi_wrongemod_pwv_factor,(vi) wrong Emod: water vapour x 2,fl,fl,srf,1,6.633e-06,7.701e-08,0.000382,4.755e-07,25,3.858e-05,0.001996,0.01161,0.1719,0.01233
HYPSTAR_122304,vi_wrongemod_pwv_factor,(vi) wrong Emod: water vapour x 2,fl,fl,srf,5,1.993e-06,7.894e-09,0.000382,4.624e-08,25,1.544e-06,0.005113,0.003962,1.291,0.02995
HYPSTAR_122304,vi_wrongemod_pwv_factor,(vi) wrong Emod: water vapour x 2,raman,lines,cubic,1,5.57e-06,2.581e-06,0.007632,0.0001536,25,0.0001122,0.023,0.4634,0.04964,1.369
HYPSTAR_122304,vi_wrongemod_pwv_factor,(vi) wrong Emod: water vapour x 2,raman,lines,cubic,5,1.643e-06,1.678e-07,0.007632,9.778e-06,25,4.298e-06,0.03905,0.1022,0.3822,2.275
HYPSTAR_122304,vi_wrongemod_pwv_factor,(vi) wrong Emod: water vapour x 2,raman,lines,linear,1,5.57e-06,2.444e-06,0.007284,0.0001447,25,0.0001098,0.02226,0.4388,0.05073,1.318
HYPSTAR_122304,vi_wrongemod_pwv_factor,(vi) wrong Emod: water vapour x 2,raman,lines,linear,5,1.643e-06,1.571e-07,0.007284,9.105e-06,25,4.232e-06,0.03714,0.09567,0.3881,2.151
HYPSTAR_122304,vi_wrongemod_pwv_factor,(vi) wrong Emod: water vapour x 2,raman,lines,ruddick2023,1,5.57e-06,2.584e-06,0.007637,0.0001537,25,0.0001098,0.02353,0.4638,0.05072,1.4
HYPSTAR_122304,vi_wrongemod_pwv_factor,(vi) wrong Emod: water vapour x 2,raman,lines,ruddick2023,5,1.643e-06,1.68e-07,0.007637,9.785e-06,25,4.233e-06,0.03968,0.1023,0.388,2.311
HYPSTAR_122304,vi_wrongemod_pwv_factor,(vi) wrong Emod: water vapour x 2,raman,lines,sinc,1,5.57e-06,2.582e-06,0.007636,0.0001537,25,0.0001125,0.02296,0.4636,0.04953,1.367
HYPSTAR_122304,vi_wrongemod_pwv_factor,(vi) wrong Emod: water vapour x 2,raman,lines,sinc,5,1.643e-06,1.677e-07,0.007636,9.774e-06,25,4.31e-06,0.03892,0.1021,0.3811,2.268
HYPSTAR_122304,vi_wrongemod_pwv_factor,(vi) wrong Emod: water vapour x 2,raman,lines,srf,1,5.57e-06,3.96e-08,0.0002143,1.505e-06,25,0.00011,0.0003598,0.007109,0.05062,0.01368
HYPSTAR_122304,vi_wrongemod_pwv_factor,(vi) wrong Emod: water vapour x 2,raman,lines,srf,5,1.643e-06,2.549e-09,0.0002143,1.094e-07,25,4.233e-06,0.0006022,0.001552,0.388,0.02584
HYPSTAR_122304,vi_wrongemod_sza_offset,(vi) wrong Emod: SZA + 10 deg,fl,fl,cubic,1,6.633e-06,2.017e-06,0.005409,8.009e-06,25,3.942e-05,0.05117,0.3041,0.1683,0.2032
HYPSTAR_122304,vi_wrongemod_sza_offset,(vi) wrong Emod: SZA + 10 deg,fl,fl,cubic,5,1.993e-06,1.14e-07,0.005409,4.593e-07,25,1.563e-06,0.07294,0.0572,1.275,0.2939
HYPSTAR_122304,vi_wrongemod_sza_offset,(vi) wrong Emod: SZA + 10 deg,fl,fl,linear,1,6.633e-06,1.492e-06,0.004101,5.917e-06,25,3.863e-05,0.03862,0.225,0.1717,0.1532
HYPSTAR_122304,vi_wrongemod_sza_offset,(vi) wrong Emod: SZA + 10 deg,fl,fl,linear,5,1.993e-06,8.644e-08,0.004101,3.481e-07,25,1.544e-06,0.05597,0.04338,1.29,0.2254
HYPSTAR_122304,vi_wrongemod_sza_offset,(vi) wrong Emod: SZA + 10 deg,fl,fl,ruddick2023,1,6.633e-06,2.093e-06,0.005578,8.599e-06,25,3.865e-05,0.05416,0.3156,0.1716,0.2225
HYPSTAR_122304,vi_wrongemod_sza_offset,(vi) wrong Emod: SZA + 10 deg,fl,fl,ruddick2023,5,1.993e-06,1.174e-07,0.005578,4.869e-07,25,1.545e-06,0.07599,0.05893,1.289,0.3151
HYPSTAR_122304,vi_wrongemod_sza_offset,(vi) wrong Emod: SZA + 10 deg,fl,fl,sinc,1,6.633e-06,2.028e-06,0.005404,8.052e-06,25,3.97e-05,0.05107,0.3057,0.1671,0.2028
HYPSTAR_122304,vi_wrongemod_sza_offset,(vi) wrong Emod: SZA + 10 deg,fl,fl,sinc,5,1.993e-06,1.14e-07,0.005404,4.591e-07,25,1.569e-06,0.07262,0.0572,1.27,0.2925
HYPSTAR_122304,vi_wrongemod_sza_offset,(vi) wrong Emod: SZA + 10 deg,fl,fl,srf,1,6.633e-06,1.501e-07,0.0004471,8.596e-07,25,3.858e-05,0.003891,0.02263,0.1719,0.02228
HYPSTAR_122304,vi_wrongemod_sza_offset,(vi) wrong Emod: SZA + 10 deg,fl,fl,srf,5,1.993e-06,9.168e-09,0.0004471,5.219e-08,25,1.544e-06,0.005938,0.004601,1.291,0.0338
HYPSTAR_122304,vi_wrongemod_sza_offset,(vi) wrong Emod: SZA + 10 deg,raman,lines,cubic,1,5.57e-06,2.581e-06,0.007632,0.0001536,25,0.0001122,0.023,0.4634,0.04964,1.369
HYPSTAR_122304,vi_wrongemod_sza_offset,(vi) wrong Emod: SZA + 10 deg,raman,lines,cubic,5,1.643e-06,1.678e-07,0.007632,9.778e-06,25,4.298e-06,0.03905,0.1022,0.3822,2.275
HYPSTAR_122304,vi_wrongemod_sza_offset,(vi) wrong Emod: SZA + 10 deg,raman,lines,linear,1,5.57e-06,2.444e-06,0.007284,0.0001447,25,0.0001098,0.02226,0.4388,0.05073,1.318
HYPSTAR_122304,vi_wrongemod_sza_offset,(vi) wrong Emod: SZA + 10 deg,raman,lines,linear,5,1.643e-06,1.571e-07,0.007284,9.105e-06,25,4.232e-06,0.03714,0.09567,0.3881,2.151
HYPSTAR_122304,vi_wrongemod_sza_offset,(vi) wrong Emod: SZA + 10 deg,raman,lines,ruddick2023,1,5.57e-06,2.585e-06,0.007637,0.0001537,25,0.0001098,0.02354,0.464,0.05072,1.4
HYPSTAR_122304,vi_wrongemod_sza_offset,(vi) wrong Emod: SZA + 10 deg,raman,lines,ruddick2023,5,1.643e-06,1.68e-07,0.007637,9.785e-06,25,4.233e-06,0.03969,0.1023,0.388,2.311
HYPSTAR_122304,vi_wrongemod_sza_offset,(vi) wrong Emod: SZA + 10 deg,raman,lines,sinc,1,5.57e-06,2.582e-06,0.007636,0.0001537,25,0.0001125,0.02296,0.4636,0.04953,1.367
HYPSTAR_122304,vi_wrongemod_sza_offset,(vi) wrong Emod: SZA + 10 deg,raman,lines,sinc,5,1.643e-06,1.677e-07,0.007636,9.774e-06,25,4.31e-06,0.03892,0.1021,0.3811,2.268
HYPSTAR_122304,vi_wrongemod_sza_offset,(vi) wrong Emod: SZA + 10 deg,raman,lines,srf,1,5.57e-06,1.979e-08,7.851e-05,7.523e-07,25,0.00011,0.0001799,0.003554,0.05062,0.006836
HYPSTAR_122304,vi_wrongemod_sza_offset,(vi) wrong Emod: SZA + 10 deg,raman,lines,srf,5,1.643e-06,1.139e-09,7.851e-05,6.706e-08,25,4.233e-06,0.0002691,0.0006935,0.388,0.01584
HYPSTAR_122304,vii_noise,"(vii) VEIT per-scan noise, mean of 6 scans",fl,fl,cubic,1,6.633e-06,2.735e-06,0.006677,4.012e-05,25,3.942e-05,0.06938,0.4123,0.1683,1.018
HYPSTAR_122304,vii_noise,"(vii) VEIT per-scan noise, mean of 6 scans",fl,fl,cubic,5,1.993e-06,1.376e-07,0.006677,1.75e-06,25,1.563e-06,0.08802,0.06903,1.275,1.12
HYPSTAR_122304,vii_noise,"(vii) VEIT per-scan noise, mean of 6 scans",fl,fl,linear,1,6.633e-06,2.34e-06,0.005618,3.898e-05,25,3.863e-05,0.06057,0.3527,0.1717,1.009
HYPSTAR_122304,vii_noise,"(vii) VEIT per-scan noise, mean of 6 scans",fl,fl,linear,5,1.993e-06,1.15e-07,0.005618,1.583e-06,25,1.544e-06,0.07447,0.05773,1.29,1.025
HYPSTAR_122304,vii_noise,"(vii) VEIT per-scan noise, mean of 6 scans",fl,fl,ruddick2023,1,6.633e-06,2.673e-06,0.006701,4.059e-05,25,3.865e-05,0.06916,0.403,0.1716,1.05
HYPSTAR_122304,vii_noise,"(vii) VEIT per-scan noise, mean of 6 scans",fl,fl,ruddick2023,5,1.993e-06,1.367e-07,0.006701,1.744e-06,25,1.545e-06,0.08848,0.06862,1.289,1.129
HYPSTAR_122304,vii_noise,"(vii) VEIT per-scan noise, mean of 6 scans",fl,fl,sinc,1,6.633e-06,2.749e-06,0.006674,4.013e-05,25,3.97e-05,0.06923,0.4144,0.1671,1.011
HYPSTAR_122304,vii_noise,"(vii) VEIT per-scan noise, mean of 6 scans",fl,fl,sinc,5,1.993e-06,1.378e-07,0.006674,1.755e-06,25,1.569e-06,0.08779,0.06915,1.27,1.118
HYPSTAR_122304,vii_noise,"(vii) VEIT per-scan noise, mean of 6 scans",fl,fl,srf,1,6.633e-06,1.922e-06,0.003782,3.857e-05,25,3.858e-05,0.04982,0.2897,0.1719,0.9999
HYPSTAR_122304,vii_noise,"(vii) VEIT per-scan noise, mean of 6 scans",fl,fl,srf,5,1.993e-06,7.362e-08,0.003782,1.544e-06,25,1.544e-06,0.04769,0.03695,1.291,1
HYPSTAR_122304,vii_noise,"(vii) VEIT per-scan noise, mean of 6 scans",raman,lines,cubic,1,5.57e-06,2.817e-06,0.007839,0.0001962,25,0.0001122,0.0251,0.5057,0.04964,1.748
HYPSTAR_122304,vii_noise,"(vii) VEIT per-scan noise, mean of 6 scans",raman,lines,cubic,5,1.643e-06,1.589e-07,0.007839,1.087e-05,25,4.298e-06,0.03697,0.09672,0.3822,2.528
HYPSTAR_122304,vii_noise,"(vii) VEIT per-scan noise, mean of 6 scans",raman,lines,linear,1,5.57e-06,2.701e-06,0.007435,0.000189,25,0.0001098,0.0246,0.4849,0.05073,1.721
HYPSTAR_122304,vii_noise,"(vii) VEIT per-scan noise, mean of 6 scans",raman,lines,linear,5,1.643e-06,1.495e-07,0.007435,1.026e-05,25,4.232e-06,0.03532,0.091,0.3881,2.425
HYPSTAR_122304,vii_noise,"(vii) VEIT per-scan noise, mean of 6 scans",raman,lines,ruddick2023,1,5.57e-06,2.807e-06,0.007809,0.0001966,25,0.0001098,0.02557,0.504,0.05072,1.79
HYPSTAR_122304,vii_noise,"(vii) VEIT per-scan noise, mean of 6 scans",raman,lines,ruddick2023,5,1.643e-06,1.593e-07,0.007809,1.087e-05,25,4.233e-06,0.03762,0.09696,0.388,2.568
HYPSTAR_122304,vii_noise,"(vii) VEIT per-scan noise, mean of 6 scans",raman,lines,sinc,1,5.57e-06,2.818e-06,0.007864,0.0001961,25,0.0001125,0.02506,0.506,0.04953,1.744
HYPSTAR_122304,vii_noise,"(vii) VEIT per-scan noise, mean of 6 scans",raman,lines,sinc,5,1.643e-06,1.588e-07,0.007864,1.086e-05,25,4.31e-06,0.03685,0.0967,0.3811,2.521
HYPSTAR_122304,vii_noise,"(vii) VEIT per-scan noise, mean of 6 scans",raman,lines,srf,1,5.57e-06,1.25e-06,0.003017,0.00011,25,0.00011,0.01136,0.2245,0.05062,1
HYPSTAR_122304,vii_noise,"(vii) VEIT per-scan noise, mean of 6 scans",raman,lines,srf,5,1.643e-06,4.711e-08,0.003017,4.232e-06,25,4.233e-06,0.01113,0.02868,0.388,0.9998
HYPSTAR_122305,i_offset,"(i) grid offset only, equal SRFs",fl,fl,cubic,1,6.596e-06,4.986e-10,8.194e-07,1.02e-08,25,3.849e-05,1.296e-05,7.559e-05,0.1714,0.0002651
HYPSTAR_122305,i_offset,"(i) grid offset only, equal SRFs",fl,fl,cubic,5,1.984e-06,1.725e-11,8.194e-07,9.934e-10,25,1.552e-06,1.111e-05,8.695e-06,1.278,0.00064
HYPSTAR_122305,i_offset,"(i) grid offset only, equal SRFs",fl,fl,linear,1,6.596e-06,4.097e-08,0.0001236,1.62e-07,25,3.848e-05,0.001065,0.006211,0.1714,0.00421
HYPSTAR_122305,i_offset,"(i) grid offset only, equal SRFs",fl,fl,linear,5,1.984e-06,2.596e-09,0.0001236,1.049e-08,25,1.548e-06,0.001677,0.001309,1.281,0.006775
HYPSTAR_122305,i_offset,"(i) grid offset only, equal SRFs",fl,fl,ruddick2023,1,6.596e-06,1.463e-18,3.054e-15,7.434e-09,25,3.848e-05,3.802e-14,2.218e-13,0.1714,0.0001932
HYPSTAR_122305,i_offset,"(i) grid offset only, equal SRFs",fl,fl,ruddick2023,5,1.984e-06,6.167e-20,3.054e-15,9.271e-10,25,1.548e-06,3.983e-14,3.109e-14,1.281,0.0005988
HYPSTAR_122305,i_offset,"(i) grid offset only, equal SRFs",fl,fl,sinc,1,6.596e-06,7.882e-10,1.391e-05,1.295e-08,25,3.849e-05,2.048e-05,0.0001195,0.1714,0.0003366
HYPSTAR_122305,i_offset,"(i) grid offset only, equal SRFs",fl,fl,sinc,5,1.984e-06,2.491e-10,1.391e-05,2.578e-09,25,1.553e-06,0.0001604,0.0001256,1.277,0.00166
HYPSTAR_122305,i_offset,"(i) grid offset only, equal SRFs",fl,fl,srf,1,6.596e-06,1.463e-18,3.054e-15,7.434e-09,25,3.85e-05,3.801e-14,2.218e-13,0.1714,0.0001931
HYPSTAR_122305,i_offset,"(i) grid offset only, equal SRFs",fl,fl,srf,5,1.984e-06,6.167e-20,3.054e-15,9.271e-10,25,1.549e-06,3.982e-14,3.109e-14,1.281,0.0005987
HYPSTAR_122305,i_offset,"(i) grid offset only, equal SRFs",raman,lines,cubic,1,5.59e-06,3.912e-09,8.162e-06,3.355e-07,25,0.0001086,3.603e-05,0.0006998,0.05149,0.00309
HYPSTAR_122305,i_offset,"(i) grid offset only, equal SRFs",raman,lines,cubic,5,1.648e-06,2.143e-10,8.162e-06,2.737e-08,25,4.218e-06,5.08e-05,0.00013,0.3907,0.006488
HYPSTAR_122305,i_offset,"(i) grid offset only, equal SRFs",raman,lines,linear,1,5.59e-06,2.377e-07,0.0007845,1.431e-05,25,0.0001041,0.002283,0.04252,0.0537,0.1374
HYPSTAR_122305,i_offset,"(i) grid offset only, equal SRFs",raman,lines,linear,5,1.648e-06,1.678e-08,0.0007845,9.86e-07,25,3.993e-06,0.004202,0.01018,0.4127,0.2469
HYPSTAR_122305,i_offset,"(i) grid offset only, equal SRFs",raman,lines,ruddick2023,1,5.59e-06,7.161e-18,1.57e-14,6.741e-08,25,0.000104,6.883e-14,1.281e-12,0.05373,0.0006479
HYPSTAR_122305,i_offset,"(i) grid offset only, equal SRFs",raman,lines,ruddick2023,5,1.648e-06,2.813e-19,1.57e-14,1.398e-08,25,3.994e-06,7.041e-14,1.707e-13,0.4125,0.003499
HYPSTAR_122305,i_offset,"(i) grid offset only, equal SRFs",raman,lines,sinc,1,5.59e-06,3.901e-09,3.371e-05,3.496e-07,25,0.0001087,3.588e-05,0.0006979,0.05141,0.003216
HYPSTAR_122305,i_offset,"(i) grid offset only, equal SRFs",raman,lines,sinc,5,1.648e-06,5.912e-10,3.371e-05,3.939e-08,25,4.424e-06,0.0001337,0.0003588,0.3725,0.008903
HYPSTAR_122305,i_offset,"(i) grid offset only, equal SRFs",raman,lines,srf,1,5.59e-06,7.161e-18,1.57e-14,6.741e-08,25,0.0001041,6.882e-14,1.281e-12,0.05372,0.0006479
HYPSTAR_122305,i_offset,"(i) grid offset only, equal SRFs",raman,lines,srf,5,1.648e-06,2.813e-19,1.57e-14,1.398e-08,25,3.993e-06,7.043e-14,1.707e-13,0.4126,0.0035
HYPSTAR_122305,ii_mismatch,"(ii) SRF mismatch, no offset",fl,fl,cubic,1,6.596e-06,4.227e-07,0.001288,1.673e-06,25,3.849e-05,0.01098,0.06409,0.1714,0.04347
HYPSTAR_122305,ii_mismatch,"(ii) SRF mismatch, no offset",fl,fl,cubic,5,1.984e-06,2.705e-08,0.001288,1.09e-07,25,1.552e-06,0.01743,0.01364,1.278,0.07025
HYPSTAR_122305,ii_mismatch,"(ii) SRF mismatch, no offset",fl,fl,linear,1,6.596e-06,4.227e-07,0.001288,1.673e-06,25,3.848e-05,0.01099,0.06409,0.1714,0.04347
HYPSTAR_122305,ii_mismatch,"(ii) SRF mismatch, no offset",fl,fl,linear,5,1.984e-06,2.705e-08,0.001288,1.09e-07,25,1.548e-06,0.01747,0.01364,1.281,0.07044
HYPSTAR_122305,ii_mismatch,"(ii) SRF mismatch, no offset",fl,fl,ruddick2023,1,6.596e-06,4.227e-07,0.001288,1.673e-06,25,3.848e-05,0.01098,0.06409,0.1714,0.04347
HYPSTAR_122305,ii_mismatch,"(ii) SRF mismatch, no offset",fl,fl,ruddick2023,5,1.984e-06,2.705e-08,0.001288,1.09e-07,25,1.548e-06,0.01747,0.01364,1.281,0.07043
HYPSTAR_122305,ii_mismatch,"(ii) SRF mismatch, no offset",fl,fl,sinc,1,6.596e-06,4.227e-07,0.001288,1.673e-06,25,3.849e-05,0.01098,0.06409,0.1714,0.04347
HYPSTAR_122305,ii_mismatch,"(ii) SRF mismatch, no offset",fl,fl,sinc,5,1.984e-06,2.705e-08,0.001288,1.09e-07,25,1.553e-06,0.01742,0.01364,1.277,0.07022
HYPSTAR_122305,ii_mismatch,"(ii) SRF mismatch, no offset",fl,fl,srf,1,6.596e-06,1.463e-18,3.054e-15,7.434e-09,25,3.85e-05,3.801e-14,2.218e-13,0.1714,0.0001931
HYPSTAR_122305,ii_mismatch,"(ii) SRF mismatch, no offset",fl,fl,srf,5,1.984e-06,6.167e-20,3.054e-15,9.271e-10,25,1.549e-06,3.982e-14,3.109e-14,1.281,0.0005987
HYPSTAR_122305,ii_mismatch,"(ii) SRF mismatch, no offset",raman,lines,cubic,1,5.59e-06,4.342e-07,0.001313,2.811e-05,25,0.0001086,0.004,0.07768,0.05149,0.2589
HYPSTAR_122305,ii_mismatch,"(ii) SRF mismatch, no offset",raman,lines,cubic,5,1.648e-06,3.59e-08,0.001313,2.23e-06,25,4.218e-06,0.008511,0.02179,0.3907,0.5288
HYPSTAR_122305,ii_mismatch,"(ii) SRF mismatch, no offset",raman,lines,linear,1,5.59e-06,4.342e-07,0.001313,2.811e-05,25,0.0001041,0.004171,0.07768,0.0537,0.27
HYPSTAR_122305,ii_mismatch,"(ii) SRF mismatch, no offset",raman,lines,linear,5,1.648e-06,3.59e-08,0.001313,2.23e-06,25,3.993e-06,0.00899,0.02179,0.4127,0.5585
HYPSTAR_122305,ii_mismatch,"(ii) SRF mismatch, no offset",raman,lines,ruddick2023,1,5.59e-06,4.342e-07,0.001313,2.811e-05,25,0.000104,0.004173,0.07768,0.05373,0.2702
HYPSTAR_122305,ii_mismatch,"(ii) SRF mismatch, no offset",raman,lines,ruddick2023,5,1.648e-06,3.59e-08,0.001313,2.23e-06,25,3.994e-06,0.008987,0.02179,0.4125,0.5583
HYPSTAR_122305,ii_mismatch,"(ii) SRF mismatch, no offset",raman,lines,sinc,1,5.59e-06,4.342e-07,0.001313,2.811e-05,25,0.0001087,0.003994,0.07768,0.05141,0.2585
HYPSTAR_122305,ii_mismatch,"(ii) SRF mismatch, no offset",raman,lines,sinc,5,1.648e-06,3.59e-08,0.001313,2.23e-06,25,4.424e-06,0.008115,0.02179,0.3725,0.5042
HYPSTAR_122305,ii_mismatch,"(ii) SRF mismatch, no offset",raman,lines,srf,1,5.59e-06,7.161e-18,1.57e-14,6.741e-08,25,0.0001041,6.882e-14,1.281e-12,0.05372,0.0006479
HYPSTAR_122305,ii_mismatch,"(ii) SRF mismatch, no offset",raman,lines,srf,5,1.648e-06,2.813e-19,1.57e-14,1.398e-08,25,3.993e-06,7.043e-14,1.707e-13,0.4126,0.0035
HYPSTAR_122305,iii_both,(iii) offset + SRF mismatch,fl,fl,cubic,1,6.596e-06,4.228e-07,0.001288,1.673e-06,25,3.849e-05,0.01098,0.06409,0.1714,0.04347
HYPSTAR_122305,iii_both,(iii) offset + SRF mismatch,fl,fl,cubic,5,1.984e-06,2.705e-08,0.001288,1.09e-07,25,1.552e-06,0.01743,0.01364,1.278,0.07025
HYPSTAR_122305,iii_both,(iii) offset + SRF mismatch,fl,fl,linear,1,6.596e-06,4.58e-07,0.001402,1.812e-06,25,3.848e-05,0.0119,0.06943,0.1714,0.04709
HYPSTAR_122305,iii_both,(iii) offset + SRF mismatch,fl,fl,linear,5,1.984e-06,2.945e-08,0.001402,1.187e-07,25,1.548e-06,0.01902,0.01485,1.281,0.07667
HYPSTAR_122305,iii_both,(iii) offset + SRF mismatch,fl,fl,ruddick2023,1,6.596e-06,4.227e-07,0.001288,1.673e-06,25,3.848e-05,0.01098,0.06409,0.1714,0.04347
HYPSTAR_122305,iii_both,(iii) offset + SRF mismatch,fl,fl,ruddick2023,5,1.984e-06,2.705e-08,0.001288,1.09e-07,25,1.548e-06,0.01747,0.01364,1.281,0.07043
HYPSTAR_122305,iii_both,(iii) offset + SRF mismatch,fl,fl,sinc,1,6.596e-06,4.226e-07,0.001286,1.672e-06,25,3.849e-05,0.01098,0.06407,0.1714,0.04346
HYPSTAR_122305,iii_both,(iii) offset + SRF mismatch,fl,fl,sinc,5,1.984e-06,2.702e-08,0.001286,1.089e-07,25,1.553e-06,0.0174,0.01362,1.277,0.07012
HYPSTAR_122305,iii_both,(iii) offset + SRF mismatch,fl,fl,srf,1,6.596e-06,1.463e-18,3.054e-15,7.434e-09,25,3.85e-05,3.801e-14,2.218e-13,0.1714,0.0001931
HYPSTAR_122305,iii_both,(iii) offset + SRF mismatch,fl,fl,srf,5,1.984e-06,6.167e-20,3.054e-15,9.271e-10,25,1.549e-06,3.982e-14,3.109e-14,1.281,0.0005987
HYPSTAR_122305,iii_both,(iii) offset + SRF mismatch,raman,lines,cubic,1,5.59e-06,4.304e-07,0.001307,2.786e-05,25,0.0001086,0.003964,0.07699,0.05149,0.2566
HYPSTAR_122305,iii_both,(iii) offset + SRF mismatch,raman,lines,cubic,5,1.648e-06,3.57e-08,0.001307,2.218e-06,25,4.218e-06,0.008463,0.02166,0.3907,0.5259
HYPSTAR_122305,iii_both,(iii) offset + SRF mismatch,raman,lines,linear,1,5.59e-06,2.023e-07,0.0006555,1.233e-05,25,0.0001041,0.001944,0.0362,0.0537,0.1185
HYPSTAR_122305,iii_both,(iii) offset + SRF mismatch,raman,lines,linear,5,1.648e-06,1.953e-08,0.0006555,1.183e-06,25,3.993e-06,0.00489,0.01185,0.4127,0.2962
HYPSTAR_122305,iii_both,(iii) offset + SRF mismatch,raman,lines,ruddick2023,1,5.59e-06,4.342e-07,0.001313,2.811e-05,25,0.000104,0.004173,0.07768,0.05373,0.2702
HYPSTAR_122305,iii_both,(iii) offset + SRF mismatch,raman,lines,ruddick2023,5,1.648e-06,3.59e-08,0.001313,2.23e-06,25,3.994e-06,0.008987,0.02179,0.4125,0.5583
HYPSTAR_122305,iii_both,(iii) offset + SRF mismatch,raman,lines,sinc,1,5.59e-06,4.332e-07,0.001299,2.808e-05,25,0.0001087,0.003984,0.0775,0.05141,0.2583
HYPSTAR_122305,iii_both,(iii) offset + SRF mismatch,raman,lines,sinc,5,1.648e-06,3.588e-08,0.001299,2.228e-06,25,4.424e-06,0.008111,0.02177,0.3725,0.5037
HYPSTAR_122305,iii_both,(iii) offset + SRF mismatch,raman,lines,srf,1,5.59e-06,7.161e-18,1.57e-14,6.741e-08,25,0.0001041,6.882e-14,1.281e-12,0.05372,0.0006479
HYPSTAR_122305,iii_both,(iii) offset + SRF mismatch,raman,lines,srf,5,1.648e-06,2.813e-19,1.57e-14,1.398e-08,25,3.993e-06,7.043e-14,1.707e-13,0.4126,0.0035
HYPSTAR_122305,iv_shift+0.1,(iv) E wavelength error +0.1 nm (rigid),fl,fl,cubic,1,6.596e-06,8.506e-07,0.004015,3.393e-06,25,3.849e-05,0.0221,0.129,0.1714,0.08816
HYPSTAR_122305,iv_shift+0.1,(iv) E wavelength error +0.1 nm (rigid),fl,fl,cubic,5,1.984e-06,8.916e-08,0.004015,3.643e-07,25,1.552e-06,0.05744,0.04495,1.278,0.2347
HYPSTAR_122305,iv_shift+0.1,(iv) E wavelength error +0.1 nm (rigid),fl,fl,linear,1,6.596e-06,8.546e-07,0.004019,3.409e-06,25,3.848e-05,0.02221,0.1296,0.1714,0.08859
HYPSTAR_122305,iv_shift+0.1,(iv) E wavelength error +0.1 nm (rigid),fl,fl,linear,5,1.984e-06,8.927e-08,0.004019,3.646e-07,25,1.548e-06,0.05766,0.045,1.281,0.2355
HYPSTAR_122305,iv_shift+0.1,(iv) E wavelength error +0.1 nm (rigid),fl,fl,ruddick2023,1,6.596e-06,8.449e-07,0.004005,3.371e-06,25,3.848e-05,0.02195,0.1281,0.1714,0.08759
HYPSTAR_122305,iv_shift+0.1,(iv) E wavelength error +0.1 nm (rigid),fl,fl,ruddick2023,5,1.984e-06,8.896e-08,0.004005,3.635e-07,25,1.548e-06,0.05746,0.04485,1.281,0.2348
HYPSTAR_122305,iv_shift+0.1,(iv) E wavelength error +0.1 nm (rigid),fl,fl,sinc,1,6.596e-06,8.508e-07,0.004023,3.394e-06,25,3.849e-05,0.02211,0.129,0.1714,0.08818
HYPSTAR_122305,iv_shift+0.1,(iv) E wavelength error +0.1 nm (rigid),fl,fl,sinc,5,1.984e-06,8.934e-08,0.004023,3.65e-07,25,1.553e-06,0.05753,0.04504,1.277,0.2351
HYPSTAR_122305,iv_shift+0.1,(iv) E wavelength error +0.1 nm (rigid),fl,fl,srf,1,6.596e-06,7.502e-07,0.003908,2.996e-06,25,3.85e-05,0.01949,0.1137,0.1714,0.07784
HYPSTAR_122305,iv_shift+0.1,(iv) E wavelength error +0.1 nm (rigid),fl,fl,srf,5,1.984e-06,8.687e-08,0.003908,3.561e-07,25,1.549e-06,0.0561,0.04379,1.281,0.23
HYPSTAR_122305,iv_shift+0.1,(iv) E wavelength error +0.1 nm (rigid),raman,lines,cubic,1,5.59e-06,8.014e-07,0.003608,4.73e-05,25,0.0001086,0.007382,0.1434,0.05149,0.4357
HYPSTAR_122305,iv_shift+0.1,(iv) E wavelength error +0.1 nm (rigid),raman,lines,cubic,5,1.648e-06,7.487e-08,0.003608,4.297e-06,25,4.218e-06,0.01775,0.04544,0.3907,1.019
HYPSTAR_122305,iv_shift+0.1,(iv) E wavelength error +0.1 nm (rigid),raman,lines,linear,1,5.59e-06,6.853e-07,0.003348,3.901e-05,25,0.0001041,0.006584,0.1226,0.0537,0.3747
HYPSTAR_122305,iv_shift+0.1,(iv) E wavelength error +0.1 nm (rigid),raman,lines,linear,5,1.648e-06,6.857e-08,0.003348,3.863e-06,25,3.993e-06,0.01717,0.04162,0.4127,0.9673
HYPSTAR_122305,iv_shift+0.1,(iv) E wavelength error +0.1 nm (rigid),raman,lines,ruddick2023,1,5.59e-06,7.707e-07,0.003541,4.553e-05,25,0.000104,0.007408,0.1379,0.05373,0.4377
HYPSTAR_122305,iv_shift+0.1,(iv) E wavelength error +0.1 nm (rigid),raman,lines,ruddick2023,5,1.648e-06,7.345e-08,0.003541,4.205e-06,25,3.994e-06,0.01839,0.04458,0.4125,1.053
HYPSTAR_122305,iv_shift+0.1,(iv) E wavelength error +0.1 nm (rigid),raman,lines,sinc,1,5.59e-06,8.026e-07,0.003612,4.741e-05,25,0.0001087,0.007382,0.1436,0.05141,0.4361
HYPSTAR_122305,iv_shift+0.1,(iv) E wavelength error +0.1 nm (rigid),raman,lines,sinc,5,1.648e-06,7.525e-08,0.003612,4.308e-06,25,4.424e-06,0.01701,0.04567,0.3725,0.9739
HYPSTAR_122305,iv_shift+0.1,(iv) E wavelength error +0.1 nm (rigid),raman,lines,srf,1,5.59e-06,6.767e-07,0.00333,3.784e-05,25,0.0001041,0.006504,0.1211,0.05372,0.3637
HYPSTAR_122305,iv_shift+0.1,(iv) E wavelength error +0.1 nm (rigid),raman,lines,srf,5,1.648e-06,6.869e-08,0.00333,3.815e-06,25,3.993e-06,0.0172,0.04169,0.4126,0.9554
HYPSTAR_122305,iv_shift+0.3,(iv) E wavelength error +0.3 nm (rigid),fl,fl,cubic,1,6.596e-06,2.342e-06,0.01184,9.425e-06,25,3.849e-05,0.06085,0.355,0.1714,0.2449
HYPSTAR_122305,iv_shift+0.3,(iv) E wavelength error +0.3 nm (rigid),fl,fl,cubic,5,1.984e-06,2.632e-07,0.01184,1.082e-06,25,1.552e-06,0.1696,0.1327,1.278,0.6971
HYPSTAR_122305,iv_shift+0.3,(iv) E wavelength error +0.3 nm (rigid),fl,fl,linear,1,6.596e-06,2.328e-06,0.01181,9.369e-06,25,3.848e-05,0.06049,0.3529,0.1714,0.2435
HYPSTAR_122305,iv_shift+0.3,(iv) E wavelength error +0.3 nm (rigid),fl,fl,linear,5,1.984e-06,2.626e-07,0.01181,1.08e-06,25,1.548e-06,0.1696,0.1324,1.281,0.6973
HYPSTAR_122305,iv_shift+0.3,(iv) E wavelength error +0.3 nm (rigid),fl,fl,ruddick2023,1,6.596e-06,2.324e-06,0.01181,9.355e-06,25,3.848e-05,0.0604,0.3524,0.1714,0.2431
HYPSTAR_122305,iv_shift+0.3,(iv) E wavelength error +0.3 nm (rigid),fl,fl,ruddick2023,5,1.984e-06,2.626e-07,0.01181,1.08e-06,25,1.548e-06,0.1696,0.1324,1.281,0.6974
HYPSTAR_122305,iv_shift+0.3,(iv) E wavelength error +0.3 nm (rigid),fl,fl,sinc,1,6.596e-06,2.342e-06,0.01185,9.426e-06,25,3.849e-05,0.06086,0.3551,0.1714,0.2449
HYPSTAR_122305,iv_shift+0.3,(iv) E wavelength error +0.3 nm (rigid),fl,fl,sinc,5,1.984e-06,2.634e-07,0.01185,1.083e-06,25,1.553e-06,0.1696,0.1328,1.277,0.6974
HYPSTAR_122305,iv_shift+0.3,(iv) E wavelength error +0.3 nm (rigid),fl,fl,srf,1,6.596e-06,2.241e-06,0.01174,9.021e-06,25,3.85e-05,0.0582,0.3397,0.1714,0.2343
HYPSTAR_122305,iv_shift+0.3,(iv) E wavelength error +0.3 nm (rigid),fl,fl,srf,5,1.984e-06,2.611e-07,0.01174,1.075e-06,25,1.549e-06,0.1686,0.1316,1.281,0.694
HYPSTAR_122305,iv_shift+0.3,(iv) E wavelength error +0.3 nm (rigid),raman,lines,cubic,1,5.59e-06,2.085e-06,0.0101,0.0001167,25,0.0001086,0.0192,0.373,0.05149,1.075
HYPSTAR_122305,iv_shift+0.3,(iv) E wavelength error +0.3 nm (rigid),raman,lines,cubic,5,1.648e-06,2.066e-07,0.0101,1.149e-05,25,4.218e-06,0.04898,0.1254,0.3907,2.725
HYPSTAR_122305,iv_shift+0.3,(iv) E wavelength error +0.3 nm (rigid),raman,lines,linear,1,5.59e-06,1.989e-06,0.009897,0.0001106,25,0.0001041,0.01911,0.3559,0.0537,1.063
HYPSTAR_122305,iv_shift+0.3,(iv) E wavelength error +0.3 nm (rigid),raman,lines,linear,5,1.648e-06,2.035e-07,0.009897,1.128e-05,25,3.993e-06,0.05097,0.1235,0.4127,2.825
HYPSTAR_122305,iv_shift+0.3,(iv) E wavelength error +0.3 nm (rigid),raman,lines,ruddick2023,1,5.59e-06,1.97e-06,0.009881,0.0001097,25,0.000104,0.01893,0.3524,0.05373,1.055
HYPSTAR_122305,iv_shift+0.3,(iv) E wavelength error +0.3 nm (rigid),raman,lines,ruddick2023,5,1.648e-06,2.023e-07,0.009881,1.122e-05,25,3.994e-06,0.05065,0.1228,0.4125,2.809
HYPSTAR_122305,iv_shift+0.3,(iv) E wavelength error +0.3 nm (rigid),raman,lines,sinc,1,5.59e-06,2.085e-06,0.01011,0.0001168,25,0.0001087,0.01918,0.3731,0.05141,1.074
HYPSTAR_122305,iv_shift+0.3,(iv) E wavelength error +0.3 nm (rigid),raman,lines,sinc,5,1.648e-06,2.069e-07,0.01011,1.15e-05,25,4.424e-06,0.04677,0.1256,0.3725,2.6
HYPSTAR_122305,iv_shift+0.3,(iv) E wavelength error +0.3 nm (rigid),raman,lines,srf,1,5.59e-06,2.014e-06,0.009947,0.0001122,25,0.0001041,0.01936,0.3603,0.05372,1.078
HYPSTAR_122305,iv_shift+0.3,(iv) E wavelength error +0.3 nm (rigid),raman,lines,srf,5,1.648e-06,2.067e-07,0.009947,1.146e-05,25,3.993e-06,0.05177,0.1255,0.4126,2.869
HYPSTAR_122305,iv_shift-0.1,(iv) E wavelength error -0.1 nm (rigid),fl,fl,cubic,1,6.596e-06,9.301e-07,0.004313,3.683e-06,25,3.849e-05,0.02417,0.141,0.1714,0.0957
HYPSTAR_122305,iv_shift-0.1,(iv) E wavelength error -0.1 nm (rigid),fl,fl,cubic,5,1.984e-06,9.474e-08,0.004313,3.868e-07,25,1.552e-06,0.06103,0.04776,1.278,0.2492
HYPSTAR_122305,iv_shift-0.1,(iv) E wavelength error -0.1 nm (rigid),fl,fl,linear,1,6.596e-06,9.546e-07,0.00437,3.779e-06,25,3.848e-05,0.02481,0.1447,0.1714,0.09819
HYPSTAR_122305,iv_shift-0.1,(iv) E wavelength error -0.1 nm (rigid),fl,fl,linear,5,1.984e-06,9.587e-08,0.00437,3.913e-07,25,1.548e-06,0.06193,0.04833,1.281,0.2528
HYPSTAR_122305,iv_shift-0.1,(iv) E wavelength error -0.1 nm (rigid),fl,fl,ruddick2023,1,6.596e-06,9.258e-07,0.004304,3.665e-06,25,3.848e-05,0.02406,0.1404,0.1714,0.09525
HYPSTAR_122305,iv_shift-0.1,(iv) E wavelength error -0.1 nm (rigid),fl,fl,ruddick2023,5,1.984e-06,9.457e-08,0.004304,3.861e-07,25,1.548e-06,0.06108,0.04767,1.281,0.2494
HYPSTAR_122305,iv_shift-0.1,(iv) E wavelength error -0.1 nm (rigid),fl,fl,sinc,1,6.596e-06,9.298e-07,0.004305,3.682e-06,25,3.849e-05,0.02416,0.141,0.1714,0.09567
HYPSTAR_122305,iv_shift-0.1,(iv) E wavelength error -0.1 nm (rigid),fl,fl,sinc,5,1.984e-06,9.456e-08,0.004305,3.861e-07,25,1.553e-06,0.06089,0.04767,1.277,0.2486
HYPSTAR_122305,iv_shift-0.1,(iv) E wavelength error -0.1 nm (rigid),fl,fl,srf,1,6.596e-06,7.472e-07,0.003892,2.963e-06,25,3.85e-05,0.01941,0.1133,0.1714,0.07698
HYPSTAR_122305,iv_shift-0.1,(iv) E wavelength error -0.1 nm (rigid),fl,fl,srf,5,1.984e-06,8.651e-08,0.003892,3.534e-07,25,1.549e-06,0.05586,0.04361,1.281,0.2282
HYPSTAR_122305,iv_shift-0.1,(iv) E wavelength error -0.1 nm (rigid),raman,lines,cubic,1,5.59e-06,8.225e-07,0.00361,4.754e-05,25,0.0001086,0.007577,0.1472,0.05149,0.4379
HYPSTAR_122305,iv_shift-0.1,(iv) E wavelength error -0.1 nm (rigid),raman,lines,cubic,5,1.648e-06,7.93e-08,0.00361,4.495e-06,25,4.218e-06,0.0188,0.04812,0.3907,1.066
HYPSTAR_122305,iv_shift-0.1,(iv) E wavelength error -0.1 nm (rigid),raman,lines,linear,1,5.59e-06,7.185e-07,0.003442,3.948e-05,25,0.0001041,0.006903,0.1285,0.0537,0.3793
HYPSTAR_122305,iv_shift-0.1,(iv) E wavelength error -0.1 nm (rigid),raman,lines,linear,5,1.648e-06,7.269e-08,0.003442,4.034e-06,25,3.993e-06,0.0182,0.04411,0.4127,1.01
HYPSTAR_122305,iv_shift-0.1,(iv) E wavelength error -0.1 nm (rigid),raman,lines,ruddick2023,1,5.59e-06,7.905e-07,0.003541,4.563e-05,25,0.000104,0.007598,0.1414,0.05373,0.4386
HYPSTAR_122305,iv_shift-0.1,(iv) E wavelength error -0.1 nm (rigid),raman,lines,ruddick2023,5,1.648e-06,7.853e-08,0.003541,4.452e-06,25,3.994e-06,0.01966,0.04766,0.4125,1.115
HYPSTAR_122305,iv_shift-0.1,(iv) E wavelength error -0.1 nm (rigid),raman,lines,sinc,1,5.59e-06,8.246e-07,0.0036,4.77e-05,25,0.0001087,0.007584,0.1475,0.05141,0.4387
HYPSTAR_122305,iv_shift-0.1,(iv) E wavelength error -0.1 nm (rigid),raman,lines,sinc,5,1.648e-06,7.91e-08,0.0036,4.494e-06,25,4.424e-06,0.01788,0.04801,0.3725,1.016
HYPSTAR_122305,iv_shift-0.1,(iv) E wavelength error -0.1 nm (rigid),raman,lines,srf,1,5.59e-06,6.77e-07,0.003336,3.821e-05,25,0.0001041,0.006507,0.1211,0.05372,0.3672
HYPSTAR_122305,iv_shift-0.1,(iv) E wavelength error -0.1 nm (rigid),raman,lines,srf,5,1.648e-06,6.843e-08,0.003336,3.824e-06,25,3.993e-06,0.01714,0.04153,0.4126,0.9577
HYPSTAR_122305,iv_shift-0.3,(iv) E wavelength error -0.3 nm (rigid),fl,fl,cubic,1,6.596e-06,2.401e-06,0.01201,9.452e-06,25,3.849e-05,0.06238,0.364,0.1714,0.2456
HYPSTAR_122305,iv_shift-0.3,(iv) E wavelength error -0.3 nm (rigid),fl,fl,cubic,5,1.984e-06,2.659e-07,0.01201,1.082e-06,25,1.552e-06,0.1713,0.134,1.278,0.697
HYPSTAR_122305,iv_shift-0.3,(iv) E wavelength error -0.3 nm (rigid),fl,fl,linear,1,6.596e-06,2.411e-06,0.01204,9.49e-06,25,3.848e-05,0.06264,0.3655,0.1714,0.2466
HYPSTAR_122305,iv_shift-0.3,(iv) E wavelength error -0.3 nm (rigid),fl,fl,linear,5,1.984e-06,2.664e-07,0.01204,1.084e-06,25,1.548e-06,0.1721,0.1343,1.281,0.7001
HYPSTAR_122305,iv_shift-0.3,(iv) E wavelength error -0.3 nm (rigid),fl,fl,ruddick2023,1,6.596e-06,2.385e-06,0.01198,9.391e-06,25,3.848e-05,0.06198,0.3616,0.1714,0.244
HYPSTAR_122305,iv_shift-0.3,(iv) E wavelength error -0.3 nm (rigid),fl,fl,ruddick2023,5,1.984e-06,2.653e-07,0.01198,1.08e-06,25,1.548e-06,0.1714,0.1338,1.281,0.6974
HYPSTAR_122305,iv_shift-0.3,(iv) E wavelength error -0.3 nm (rigid),fl,fl,sinc,1,6.596e-06,2.4e-06,0.012,9.452e-06,25,3.849e-05,0.06237,0.3639,0.1714,0.2456
HYPSTAR_122305,iv_shift-0.3,(iv) E wavelength error -0.3 nm (rigid),fl,fl,sinc,5,1.984e-06,2.657e-07,0.012,1.081e-06,25,1.553e-06,0.1711,0.1339,1.277,0.6962
HYPSTAR_122305,iv_shift-0.3,(iv) E wavelength error -0.3 nm (rigid),fl,fl,srf,1,6.596e-06,2.214e-06,0.0116,8.721e-06,25,3.85e-05,0.05751,0.3356,0.1714,0.2265
HYPSTAR_122305,iv_shift-0.3,(iv) E wavelength error -0.3 nm (rigid),fl,fl,srf,5,1.984e-06,2.579e-07,0.0116,1.05e-06,25,1.549e-06,0.1665,0.13,1.281,0.6778
HYPSTAR_122305,iv_shift-0.3,(iv) E wavelength error -0.3 nm (rigid),raman,lines,cubic,1,5.59e-06,2.107e-06,0.01015,0.0001184,25,0.0001086,0.01941,0.377,0.05149,1.091
HYPSTAR_122305,iv_shift-0.3,(iv) E wavelength error -0.3 nm (rigid),raman,lines,cubic,5,1.648e-06,2.094e-07,0.01015,1.166e-05,25,4.218e-06,0.04966,0.1271,0.3907,2.765
HYPSTAR_122305,iv_shift-0.3,(iv) E wavelength error -0.3 nm (rigid),raman,lines,linear,1,5.59e-06,2.024e-06,0.01001,0.0001125,25,0.0001041,0.01944,0.3621,0.0537,1.081
HYPSTAR_122305,iv_shift-0.3,(iv) E wavelength error -0.3 nm (rigid),raman,lines,linear,5,1.648e-06,2.056e-07,0.01001,1.14e-05,25,3.993e-06,0.05149,0.1248,0.4127,2.854
HYPSTAR_122305,iv_shift-0.3,(iv) E wavelength error -0.3 nm (rigid),raman,lines,ruddick2023,1,5.59e-06,1.992e-06,0.009934,0.0001112,25,0.000104,0.01915,0.3564,0.05373,1.069
HYPSTAR_122305,iv_shift-0.3,(iv) E wavelength error -0.3 nm (rigid),raman,lines,ruddick2023,5,1.648e-06,2.059e-07,0.009934,1.145e-05,25,3.994e-06,0.05155,0.125,0.4125,2.865
HYPSTAR_122305,iv_shift-0.3,(iv) E wavelength error -0.3 nm (rigid),raman,lines,sinc,1,5.59e-06,2.109e-06,0.01014,0.0001185,25,0.0001087,0.01939,0.3772,0.05141,1.09
HYPSTAR_122305,iv_shift-0.3,(iv) E wavelength error -0.3 nm (rigid),raman,lines,sinc,5,1.648e-06,2.092e-07,0.01014,1.166e-05,25,4.424e-06,0.04728,0.1269,0.3725,2.635
HYPSTAR_122305,iv_shift-0.3,(iv) E wavelength error -0.3 nm (rigid),raman,lines,srf,1,5.59e-06,2.017e-06,0.009999,0.0001141,25,0.0001041,0.01939,0.3609,0.05372,1.097
HYPSTAR_122305,iv_shift-0.3,(iv) E wavelength error -0.3 nm (rigid),raman,lines,srf,5,1.648e-06,2.043e-07,0.009999,1.14e-05,25,3.993e-06,0.05117,0.124,0.4126,2.855
HYPSTAR_122305,iv_stretch+0.1,(iv) E wavelength stretch +0.1 nm at the ends,fl,fl,cubic,1,6.596e-06,4.389e-07,0.001487,1.74e-06,25,3.849e-05,0.0114,0.06653,0.1714,0.04521
HYPSTAR_122305,iv_stretch+0.1,(iv) E wavelength stretch +0.1 nm at the ends,fl,fl,cubic,5,1.984e-06,3.209e-08,0.001487,1.298e-07,25,1.552e-06,0.02067,0.01618,1.278,0.08361
HYPSTAR_122305,iv_stretch+0.1,(iv) E wavelength stretch +0.1 nm at the ends,fl,fl,linear,1,6.596e-06,4.674e-07,0.001568,1.852e-06,25,3.848e-05,0.01215,0.07086,0.1714,0.04814
HYPSTAR_122305,iv_stretch+0.1,(iv) E wavelength stretch +0.1 nm at the ends,fl,fl,linear,5,1.984e-06,3.377e-08,0.001568,1.365e-07,25,1.548e-06,0.02181,0.01702,1.281,0.08816
HYPSTAR_122305,iv_stretch+0.1,(iv) E wavelength stretch +0.1 nm at the ends,fl,fl,ruddick2023,1,6.596e-06,4.381e-07,0.001486,1.737e-06,25,3.848e-05,0.01138,0.06642,0.1714,0.04514
HYPSTAR_122305,iv_stretch+0.1,(iv) E wavelength stretch +0.1 nm at the ends,fl,fl,ruddick2023,5,1.984e-06,3.206e-08,0.001486,1.296e-07,25,1.548e-06,0.02071,0.01616,1.281,0.08374
HYPSTAR_122305,iv_stretch+0.1,(iv) E wavelength stretch +0.1 nm at the ends,fl,fl,sinc,1,6.596e-06,4.388e-07,0.001491,1.74e-06,25,3.849e-05,0.0114,0.06653,0.1714,0.0452
HYPSTAR_122305,iv_stretch+0.1,(iv) E wavelength stretch +0.1 nm at the ends,fl,fl,sinc,5,1.984e-06,3.219e-08,0.001491,1.302e-07,25,1.553e-06,0.02073,0.01623,1.277,0.08381
HYPSTAR_122305,iv_stretch+0.1,(iv) E wavelength stretch +0.1 nm at the ends,fl,fl,srf,1,6.596e-06,1.779e-07,0.0009227,7.105e-07,25,3.85e-05,0.004621,0.02697,0.1714,0.01846
HYPSTAR_122305,iv_stretch+0.1,(iv) E wavelength stretch +0.1 nm at the ends,fl,fl,srf,5,1.984e-06,2.057e-08,0.0009227,8.438e-08,25,1.549e-06,0.01329,0.01037,1.281,0.05449
HYPSTAR_122305,iv_stretch+0.1,(iv) E wavelength stretch +0.1 nm at the ends,raman,lines,cubic,1,5.59e-06,6.547e-07,0.002663,4.127e-05,25,0.0001086,0.006031,0.1171,0.05149,0.3802
HYPSTAR_122305,iv_stretch+0.1,(iv) E wavelength stretch +0.1 nm at the ends,raman,lines,cubic,5,1.648e-06,6.098e-08,0.002663,3.796e-06,25,4.218e-06,0.01446,0.03701,0.3907,0.9
HYPSTAR_122305,iv_stretch+0.1,(iv) E wavelength stretch +0.1 nm at the ends,raman,lines,linear,1,5.59e-06,5.245e-07,0.002394,3.206e-05,25,0.0001041,0.005039,0.09384,0.0537,0.308
HYPSTAR_122305,iv_stretch+0.1,(iv) E wavelength stretch +0.1 nm at the ends,raman,lines,linear,5,1.648e-06,5.223e-08,0.002394,3.246e-06,25,3.993e-06,0.01308,0.0317,0.4127,0.813
HYPSTAR_122305,iv_stretch+0.1,(iv) E wavelength stretch +0.1 nm at the ends,raman,lines,ruddick2023,1,5.59e-06,6.334e-07,0.002618,3.992e-05,25,0.000104,0.006089,0.1133,0.05373,0.3837
HYPSTAR_122305,iv_stretch+0.1,(iv) E wavelength stretch +0.1 nm at the ends,raman,lines,ruddick2023,5,1.648e-06,6.061e-08,0.002618,3.772e-06,25,3.994e-06,0.01517,0.03679,0.4125,0.9443
HYPSTAR_122305,iv_stretch+0.1,(iv) E wavelength stretch +0.1 nm at the ends,raman,lines,sinc,1,5.59e-06,6.571e-07,0.002657,4.144e-05,25,0.0001087,0.006043,0.1175,0.05141,0.3812
HYPSTAR_122305,iv_stretch+0.1,(iv) E wavelength stretch +0.1 nm at the ends,raman,lines,sinc,5,1.648e-06,6.091e-08,0.002657,3.8e-06,25,4.424e-06,0.01377,0.03697,0.3725,0.859
HYPSTAR_122305,iv_stretch+0.1,(iv) E wavelength stretch +0.1 nm at the ends,raman,lines,srf,1,5.59e-06,4.864e-07,0.002334,3.038e-05,25,0.0001041,0.004675,0.08702,0.05372,0.292
HYPSTAR_122305,iv_stretch+0.1,(iv) E wavelength stretch +0.1 nm at the ends,raman,lines,srf,5,1.648e-06,4.709e-08,0.002334,2.982e-06,25,3.993e-06,0.01179,0.02858,0.4126,0.7468
HYPSTAR_122305,iv_stretch-0.1,(iv) E wavelength stretch -0.1 nm at the ends,fl,fl,cubic,1,6.596e-06,4.84e-07,0.001692,1.917e-06,25,3.849e-05,0.01258,0.07338,0.1714,0.04981
HYPSTAR_122305,iv_stretch-0.1,(iv) E wavelength stretch -0.1 nm at the ends,fl,fl,cubic,5,1.984e-06,3.612e-08,0.001692,1.468e-07,25,1.552e-06,0.02327,0.01821,1.278,0.09459
HYPSTAR_122305,iv_stretch-0.1,(iv) E wavelength stretch -0.1 nm at the ends,fl,fl,linear,1,6.596e-06,5.196e-07,0.001796,2.057e-06,25,3.848e-05,0.0135,0.07877,0.1714,0.05346
HYPSTAR_122305,iv_stretch-0.1,(iv) E wavelength stretch -0.1 nm at the ends,fl,fl,linear,5,1.984e-06,3.825e-08,0.001796,1.554e-07,25,1.548e-06,0.0247,0.01928,1.281,0.1003
HYPSTAR_122305,iv_stretch-0.1,(iv) E wavelength stretch -0.1 nm at the ends,fl,fl,ruddick2023,1,6.596e-06,4.836e-07,0.001691,1.915e-06,25,3.848e-05,0.01257,0.07332,0.1714,0.04977
HYPSTAR_122305,iv_stretch-0.1,(iv) E wavelength stretch -0.1 nm at the ends,fl,fl,ruddick2023,5,1.984e-06,3.609e-08,0.001691,1.467e-07,25,1.548e-06,0.02331,0.01819,1.281,0.09477
HYPSTAR_122305,iv_stretch-0.1,(iv) E wavelength stretch -0.1 nm at the ends,fl,fl,sinc,1,6.596e-06,4.837e-07,0.001686,1.916e-06,25,3.849e-05,0.01257,0.07334,0.1714,0.04979
HYPSTAR_122305,iv_stretch-0.1,(iv) E wavelength stretch -0.1 nm at the ends,fl,fl,sinc,5,1.984e-06,3.598e-08,0.001686,1.462e-07,25,1.553e-06,0.02317,0.01814,1.277,0.09418
HYPSTAR_122305,iv_stretch-0.1,(iv) E wavelength stretch -0.1 nm at the ends,fl,fl,srf,1,6.596e-06,1.777e-07,0.0009224,7.094e-07,25,3.85e-05,0.004617,0.02694,0.1714,0.01843
HYPSTAR_122305,iv_stretch-0.1,(iv) E wavelength stretch -0.1 nm at the ends,fl,fl,srf,5,1.984e-06,2.057e-08,0.0009224,8.433e-08,25,1.549e-06,0.01328,0.01037,1.281,0.05446
HYPSTAR_122305,iv_stretch-0.1,(iv) E wavelength stretch -0.1 nm at the ends,raman,lines,cubic,1,5.59e-06,6.518e-07,0.002701,4.108e-05,25,0.0001086,0.006004,0.1166,0.05149,0.3784
HYPSTAR_122305,iv_stretch-0.1,(iv) E wavelength stretch -0.1 nm at the ends,raman,lines,cubic,5,1.648e-06,5.646e-08,0.002701,3.572e-06,25,4.218e-06,0.01338,0.03426,0.3907,0.8468
HYPSTAR_122305,iv_stretch-0.1,(iv) E wavelength stretch -0.1 nm at the ends,raman,lines,linear,1,5.59e-06,5.209e-07,0.002387,3.178e-05,25,0.0001041,0.005005,0.0932,0.0537,0.3053
HYPSTAR_122305,iv_stretch-0.1,(iv) E wavelength stretch -0.1 nm at the ends,raman,lines,linear,5,1.648e-06,4.859e-08,0.002387,3.058e-06,25,3.993e-06,0.01217,0.02949,0.4127,0.7657
HYPSTAR_122305,iv_stretch-0.1,(iv) E wavelength stretch -0.1 nm at the ends,raman,lines,ruddick2023,1,5.59e-06,6.328e-07,0.002655,3.989e-05,25,0.000104,0.006082,0.1132,0.05373,0.3834
HYPSTAR_122305,iv_stretch-0.1,(iv) E wavelength stretch -0.1 nm at the ends,raman,lines,ruddick2023,5,1.648e-06,5.527e-08,0.002655,3.491e-06,25,3.994e-06,0.01384,0.03354,0.4125,0.8739
HYPSTAR_122305,iv_stretch-0.1,(iv) E wavelength stretch -0.1 nm at the ends,raman,lines,sinc,1,5.59e-06,6.533e-07,0.002705,4.122e-05,25,0.0001087,0.006009,0.1169,0.05141,0.3791
HYPSTAR_122305,iv_stretch-0.1,(iv) E wavelength stretch -0.1 nm at the ends,raman,lines,sinc,5,1.648e-06,5.675e-08,0.002705,3.58e-06,25,4.424e-06,0.01283,0.03444,0.3725,0.8093
HYPSTAR_122305,iv_stretch-0.1,(iv) E wavelength stretch -0.1 nm at the ends,raman,lines,srf,1,5.59e-06,4.846e-07,0.002324,2.993e-05,25,0.0001041,0.004658,0.0867,0.05372,0.2876
HYPSTAR_122305,iv_stretch-0.1,(iv) E wavelength stretch -0.1 nm at the ends,raman,lines,srf,5,1.648e-06,4.748e-08,0.002324,2.975e-06,25,3.993e-06,0.01189,0.02882,0.4126,0.745
HYPSTAR_122305,v_wrongsrf_E+0.3,(v) correction told FWHM_E +0.3 nm,fl,fl,cubic,1,6.596e-06,4.228e-07,0.001288,1.673e-06,25,3.849e-05,0.01098,0.06409,0.1714,0.04347
HYPSTAR_122305,v_wrongsrf_E+0.3,(v) correction told FWHM_E +0.3 nm,fl,fl,cubic,5,1.984e-06,2.705e-08,0.001288,1.09e-07,25,1.552e-06,0.01743,0.01364,1.278,0.07025
HYPSTAR_122305,v_wrongsrf_E+0.3,(v) correction told FWHM_E +0.3 nm,fl,fl,linear,1,6.596e-06,4.58e-07,0.001402,1.812e-06,25,3.848e-05,0.0119,0.06943,0.1714,0.04709
HYPSTAR_122305,v_wrongsrf_E+0.3,(v) correction told FWHM_E +0.3 nm,fl,fl,linear,5,1.984e-06,2.945e-08,0.001402,1.187e-07,25,1.548e-06,0.01902,0.01485,1.281,0.07667
HYPSTAR_122305,v_wrongsrf_E+0.3,(v) correction told FWHM_E +0.3 nm,fl,fl,ruddick2023,1,6.596e-06,4.359e-07,0.001312,1.726e-06,25,3.848e-05,0.01133,0.06608,0.1714,0.04484
HYPSTAR_122305,v_wrongsrf_E+0.3,(v) correction told FWHM_E +0.3 nm,fl,fl,ruddick2023,5,1.984e-06,2.752e-08,0.001312,1.109e-07,25,1.548e-06,0.01778,0.01388,1.281,0.07165
HYPSTAR_122305,v_wrongsrf_E+0.3,(v) correction told FWHM_E +0.3 nm,fl,fl,sinc,1,6.596e-06,4.226e-07,0.001286,1.672e-06,25,3.849e-05,0.01098,0.06407,0.1714,0.04346
HYPSTAR_122305,v_wrongsrf_E+0.3,(v) correction told FWHM_E +0.3 nm,fl,fl,sinc,5,1.984e-06,2.702e-08,0.001286,1.089e-07,25,1.553e-06,0.0174,0.01362,1.277,0.07012
HYPSTAR_122305,v_wrongsrf_E+0.3,(v) correction told FWHM_E +0.3 nm,fl,fl,srf,1,6.596e-06,1.391e-06,0.00482,5.508e-06,25,3.85e-05,0.03612,0.2108,0.1714,0.1431
HYPSTAR_122305,v_wrongsrf_E+0.3,(v) correction told FWHM_E +0.3 nm,fl,fl,srf,5,1.984e-06,1.019e-07,0.00482,4.116e-07,25,1.549e-06,0.06578,0.05135,1.281,0.2658
HYPSTAR_122305,v_wrongsrf_E+0.3,(v) correction told FWHM_E +0.3 nm,raman,lines,cubic,1,5.59e-06,4.304e-07,0.001307,2.786e-05,25,0.0001086,0.003964,0.07699,0.05149,0.2566
HYPSTAR_122305,v_wrongsrf_E+0.3,(v) correction told FWHM_E +0.3 nm,raman,lines,cubic,5,1.648e-06,3.57e-08,0.001307,2.218e-06,25,4.218e-06,0.008463,0.02166,0.3907,0.5259
HYPSTAR_122305,v_wrongsrf_E+0.3,(v) correction told FWHM_E +0.3 nm,raman,lines,linear,1,5.59e-06,2.023e-07,0.0006555,1.233e-05,25,0.0001041,0.001944,0.0362,0.0537,0.1185
HYPSTAR_122305,v_wrongsrf_E+0.3,(v) correction told FWHM_E +0.3 nm,raman,lines,linear,5,1.648e-06,1.953e-08,0.0006555,1.183e-06,25,3.993e-06,0.00489,0.01185,0.4127,0.2962
HYPSTAR_122305,v_wrongsrf_E+0.3,(v) correction told FWHM_E +0.3 nm,raman,lines,ruddick2023,1,5.59e-06,3.522e-07,0.001167,2.259e-05,25,0.000104,0.003385,0.063,0.05373,0.2171
HYPSTAR_122305,v_wrongsrf_E+0.3,(v) correction told FWHM_E +0.3 nm,raman,lines,ruddick2023,5,1.648e-06,3.148e-08,0.001167,1.966e-06,25,3.994e-06,0.00788,0.0191,0.4125,0.4922
HYPSTAR_122305,v_wrongsrf_E+0.3,(v) correction told FWHM_E +0.3 nm,raman,lines,sinc,1,5.59e-06,4.332e-07,0.001299,2.808e-05,25,0.0001087,0.003984,0.0775,0.05141,0.2583
HYPSTAR_122305,v_wrongsrf_E+0.3,(v) correction told FWHM_E +0.3 nm,raman,lines,sinc,5,1.648e-06,3.588e-08,0.001299,2.228e-06,25,4.424e-06,0.008111,0.02177,0.3725,0.5037
HYPSTAR_122305,v_wrongsrf_E+0.3,(v) correction told FWHM_E +0.3 nm,raman,lines,srf,1,5.59e-06,1.229e-06,0.004344,7.018e-05,25,0.0001041,0.01181,0.2199,0.05372,0.6744
HYPSTAR_122305,v_wrongsrf_E+0.3,(v) correction told FWHM_E +0.3 nm,raman,lines,srf,5,1.648e-06,9.29e-08,0.004344,5.244e-06,25,3.993e-06,0.02326,0.05638,0.4126,1.313
HYPSTAR_122305,v_wrongsrf_E-0.3,(v) correction told FWHM_E -0.3 nm,fl,fl,cubic,1,6.596e-06,4.228e-07,0.001288,1.673e-06,25,3.849e-05,0.01098,0.06409,0.1714,0.04347
HYPSTAR_122305,v_wrongsrf_E-0.3,(v) correction told FWHM_E -0.3 nm,fl,fl,cubic,5,1.984e-06,2.705e-08,0.001288,1.09e-07,25,1.552e-06,0.01743,0.01364,1.278,0.07025
HYPSTAR_122305,v_wrongsrf_E-0.3,(v) correction told FWHM_E -0.3 nm,fl,fl,linear,1,6.596e-06,4.58e-07,0.001402,1.812e-06,25,3.848e-05,0.0119,0.06943,0.1714,0.04709
HYPSTAR_122305,v_wrongsrf_E-0.3,(v) correction told FWHM_E -0.3 nm,fl,fl,linear,5,1.984e-06,2.945e-08,0.001402,1.187e-07,25,1.548e-06,0.01902,0.01485,1.281,0.07667
HYPSTAR_122305,v_wrongsrf_E-0.3,(v) correction told FWHM_E -0.3 nm,fl,fl,ruddick2023,1,6.596e-06,4.024e-07,0.001257,1.592e-06,25,3.848e-05,0.01046,0.06101,0.1714,0.04136
HYPSTAR_122305,v_wrongsrf_E-0.3,(v) correction told FWHM_E -0.3 nm,fl,fl,ruddick2023,5,1.984e-06,2.642e-08,0.001257,1.066e-07,25,1.548e-06,0.01707,0.01332,1.281,0.06884
HYPSTAR_122305,v_wrongsrf_E-0.3,(v) correction told FWHM_E -0.3 nm,fl,fl,sinc,1,6.596e-06,4.226e-07,0.001286,1.672e-06,25,3.849e-05,0.01098,0.06407,0.1714,0.04346
HYPSTAR_122305,v_wrongsrf_E-0.3,(v) correction told FWHM_E -0.3 nm,fl,fl,sinc,5,1.984e-06,2.702e-08,0.001286,1.089e-07,25,1.553e-06,0.0174,0.01362,1.277,0.07012
HYPSTAR_122305,v_wrongsrf_E-0.3,(v) correction told FWHM_E -0.3 nm,fl,fl,srf,1,6.596e-06,1.938e-06,0.005474,7.66e-06,25,3.85e-05,0.05034,0.2938,0.1714,0.199
HYPSTAR_122305,v_wrongsrf_E-0.3,(v) correction told FWHM_E -0.3 nm,fl,fl,srf,5,1.984e-06,1.148e-07,0.005474,4.615e-07,25,1.549e-06,0.07413,0.05787,1.281,0.298
HYPSTAR_122305,v_wrongsrf_E-0.3,(v) correction told FWHM_E -0.3 nm,raman,lines,cubic,1,5.59e-06,4.304e-07,0.001307,2.786e-05,25,0.0001086,0.003964,0.07699,0.05149,0.2566
HYPSTAR_122305,v_wrongsrf_E-0.3,(v) correction told FWHM_E -0.3 nm,raman,lines,cubic,5,1.648e-06,3.57e-08,0.001307,2.218e-06,25,4.218e-06,0.008463,0.02166,0.3907,0.5259
HYPSTAR_122305,v_wrongsrf_E-0.3,(v) correction told FWHM_E -0.3 nm,raman,lines,linear,1,5.59e-06,2.023e-07,0.0006555,1.233e-05,25,0.0001041,0.001944,0.0362,0.0537,0.1185
HYPSTAR_122305,v_wrongsrf_E-0.3,(v) correction told FWHM_E -0.3 nm,raman,lines,linear,5,1.648e-06,1.953e-08,0.0006555,1.183e-06,25,3.993e-06,0.00489,0.01185,0.4127,0.2962
HYPSTAR_122305,v_wrongsrf_E-0.3,(v) correction told FWHM_E -0.3 nm,raman,lines,ruddick2023,1,5.59e-06,5.64e-07,0.001558,3.629e-05,25,0.000104,0.005421,0.1009,0.05373,0.3488
HYPSTAR_122305,v_wrongsrf_E-0.3,(v) correction told FWHM_E -0.3 nm,raman,lines,ruddick2023,5,1.648e-06,4.268e-08,0.001558,2.64e-06,25,3.994e-06,0.01069,0.0259,0.4125,0.6609
HYPSTAR_122305,v_wrongsrf_E-0.3,(v) correction told FWHM_E -0.3 nm,raman,lines,sinc,1,5.59e-06,4.332e-07,0.001299,2.808e-05,25,0.0001087,0.003984,0.0775,0.05141,0.2583
HYPSTAR_122305,v_wrongsrf_E-0.3,(v) correction told FWHM_E -0.3 nm,raman,lines,sinc,5,1.648e-06,3.588e-08,0.001299,2.228e-06,25,4.424e-06,0.008111,0.02177,0.3725,0.5037
HYPSTAR_122305,v_wrongsrf_E-0.3,(v) correction told FWHM_E -0.3 nm,raman,lines,srf,1,5.59e-06,1.624e-06,0.004856,9.297e-05,25,0.0001041,0.01561,0.2906,0.05372,0.8935
HYPSTAR_122305,v_wrongsrf_E-0.3,(v) correction told FWHM_E -0.3 nm,raman,lines,srf,5,1.648e-06,1.087e-07,0.004856,6.178e-06,25,3.993e-06,0.02722,0.06596,0.4126,1.547
HYPSTAR_122305,v_wrongsrf_L+0.3,(v) correction told FWHM_L +0.3 nm,fl,fl,cubic,1,6.596e-06,4.228e-07,0.001288,1.673e-06,25,3.849e-05,0.01098,0.06409,0.1714,0.04347
HYPSTAR_122305,v_wrongsrf_L+0.3,(v) correction told FWHM_L +0.3 nm,fl,fl,cubic,5,1.984e-06,2.705e-08,0.001288,1.09e-07,25,1.552e-06,0.01743,0.01364,1.278,0.07025
HYPSTAR_122305,v_wrongsrf_L+0.3,(v) correction told FWHM_L +0.3 nm,fl,fl,linear,1,6.596e-06,4.58e-07,0.001402,1.812e-06,25,3.848e-05,0.0119,0.06943,0.1714,0.04709
HYPSTAR_122305,v_wrongsrf_L+0.3,(v) correction told FWHM_L +0.3 nm,fl,fl,linear,5,1.984e-06,2.945e-08,0.001402,1.187e-07,25,1.548e-06,0.01902,0.01485,1.281,0.07667
HYPSTAR_122305,v_wrongsrf_L+0.3,(v) correction told FWHM_L +0.3 nm,fl,fl,ruddick2023,1,6.596e-06,4.227e-07,0.001288,1.673e-06,25,3.848e-05,0.01098,0.06409,0.1714,0.04347
HYPSTAR_122305,v_wrongsrf_L+0.3,(v) correction told FWHM_L +0.3 nm,fl,fl,ruddick2023,5,1.984e-06,2.705e-08,0.001288,1.09e-07,25,1.548e-06,0.01747,0.01364,1.281,0.07043
HYPSTAR_122305,v_wrongsrf_L+0.3,(v) correction told FWHM_L +0.3 nm,fl,fl,sinc,1,6.596e-06,4.226e-07,0.001286,1.672e-06,25,3.849e-05,0.01098,0.06407,0.1714,0.04346
HYPSTAR_122305,v_wrongsrf_L+0.3,(v) correction told FWHM_L +0.3 nm,fl,fl,sinc,5,1.984e-06,2.702e-08,0.001286,1.089e-07,25,1.553e-06,0.0174,0.01362,1.277,0.07012
HYPSTAR_122305,v_wrongsrf_L+0.3,(v) correction told FWHM_L +0.3 nm,fl,fl,srf,1,6.596e-06,1.506e-06,0.004947,5.946e-06,25,3.85e-05,0.03911,0.2283,0.1714,0.1545
HYPSTAR_122305,v_wrongsrf_L+0.3,(v) correction told FWHM_L +0.3 nm,fl,fl,srf,5,1.984e-06,1.042e-07,0.004947,4.198e-07,25,1.549e-06,0.0673,0.05253,1.281,0.2711
HYPSTAR_122305,v_wrongsrf_L+0.3,(v) correction told FWHM_L +0.3 nm,raman,lines,cubic,1,5.59e-06,4.304e-07,0.001307,2.786e-05,25,0.0001086,0.003964,0.07699,0.05149,0.2566
HYPSTAR_122305,v_wrongsrf_L+0.3,(v) correction told FWHM_L +0.3 nm,raman,lines,cubic,5,1.648e-06,3.57e-08,0.001307,2.218e-06,25,4.218e-06,0.008463,0.02166,0.3907,0.5259
HYPSTAR_122305,v_wrongsrf_L+0.3,(v) correction told FWHM_L +0.3 nm,raman,lines,linear,1,5.59e-06,2.023e-07,0.0006555,1.233e-05,25,0.0001041,0.001944,0.0362,0.0537,0.1185
HYPSTAR_122305,v_wrongsrf_L+0.3,(v) correction told FWHM_L +0.3 nm,raman,lines,linear,5,1.648e-06,1.953e-08,0.0006555,1.183e-06,25,3.993e-06,0.00489,0.01185,0.4127,0.2962
HYPSTAR_122305,v_wrongsrf_L+0.3,(v) correction told FWHM_L +0.3 nm,raman,lines,ruddick2023,1,5.59e-06,4.342e-07,0.001313,2.811e-05,25,0.000104,0.004173,0.07768,0.05373,0.2702
HYPSTAR_122305,v_wrongsrf_L+0.3,(v) correction told FWHM_L +0.3 nm,raman,lines,ruddick2023,5,1.648e-06,3.59e-08,0.001313,2.23e-06,25,3.994e-06,0.008987,0.02179,0.4125,0.5583
HYPSTAR_122305,v_wrongsrf_L+0.3,(v) correction told FWHM_L +0.3 nm,raman,lines,sinc,1,5.59e-06,4.332e-07,0.001299,2.808e-05,25,0.0001087,0.003984,0.0775,0.05141,0.2583
HYPSTAR_122305,v_wrongsrf_L+0.3,(v) correction told FWHM_L +0.3 nm,raman,lines,sinc,5,1.648e-06,3.588e-08,0.001299,2.228e-06,25,4.424e-06,0.008111,0.02177,0.3725,0.5037
HYPSTAR_122305,v_wrongsrf_L+0.3,(v) correction told FWHM_L +0.3 nm,raman,lines,srf,1,5.59e-06,1.211e-06,0.004338,6.805e-05,25,0.0001041,0.01164,0.2166,0.05372,0.654
HYPSTAR_122305,v_wrongsrf_L+0.3,(v) correction told FWHM_L +0.3 nm,raman,lines,srf,5,1.648e-06,9.116e-08,0.004338,5.133e-06,25,3.993e-06,0.02283,0.05532,0.4126,1.285
HYPSTAR_122305,v_wrongsrf_L-0.3,(v) correction told FWHM_L -0.3 nm,fl,fl,cubic,1,6.596e-06,4.228e-07,0.001288,1.673e-06,25,3.849e-05,0.01098,0.06409,0.1714,0.04347
HYPSTAR_122305,v_wrongsrf_L-0.3,(v) correction told FWHM_L -0.3 nm,fl,fl,cubic,5,1.984e-06,2.705e-08,0.001288,1.09e-07,25,1.552e-06,0.01743,0.01364,1.278,0.07025
HYPSTAR_122305,v_wrongsrf_L-0.3,(v) correction told FWHM_L -0.3 nm,fl,fl,linear,1,6.596e-06,4.58e-07,0.001402,1.812e-06,25,3.848e-05,0.0119,0.06943,0.1714,0.04709
HYPSTAR_122305,v_wrongsrf_L-0.3,(v) correction told FWHM_L -0.3 nm,fl,fl,linear,5,1.984e-06,2.945e-08,0.001402,1.187e-07,25,1.548e-06,0.01902,0.01485,1.281,0.07667
HYPSTAR_122305,v_wrongsrf_L-0.3,(v) correction told FWHM_L -0.3 nm,fl,fl,ruddick2023,1,6.596e-06,4.227e-07,0.001288,1.673e-06,25,3.848e-05,0.01098,0.06409,0.1714,0.04347
HYPSTAR_122305,v_wrongsrf_L-0.3,(v) correction told FWHM_L -0.3 nm,fl,fl,ruddick2023,5,1.984e-06,2.705e-08,0.001288,1.09e-07,25,1.548e-06,0.01747,0.01364,1.281,0.07043
HYPSTAR_122305,v_wrongsrf_L-0.3,(v) correction told FWHM_L -0.3 nm,fl,fl,sinc,1,6.596e-06,4.226e-07,0.001286,1.672e-06,25,3.849e-05,0.01098,0.06407,0.1714,0.04346
HYPSTAR_122305,v_wrongsrf_L-0.3,(v) correction told FWHM_L -0.3 nm,fl,fl,sinc,5,1.984e-06,2.702e-08,0.001286,1.089e-07,25,1.553e-06,0.0174,0.01362,1.277,0.07012
HYPSTAR_122305,v_wrongsrf_L-0.3,(v) correction told FWHM_L -0.3 nm,fl,fl,srf,1,6.596e-06,2.173e-06,0.005801,8.633e-06,25,3.85e-05,0.05644,0.3294,0.1714,0.2243
HYPSTAR_122305,v_wrongsrf_L-0.3,(v) correction told FWHM_L -0.3 nm,fl,fl,srf,5,1.984e-06,1.216e-07,0.005801,4.901e-07,25,1.549e-06,0.07851,0.06129,1.281,0.3165
HYPSTAR_122305,v_wrongsrf_L-0.3,(v) correction told FWHM_L -0.3 nm,raman,lines,cubic,1,5.59e-06,4.304e-07,0.001307,2.786e-05,25,0.0001086,0.003964,0.07699,0.05149,0.2566
HYPSTAR_122305,v_wrongsrf_L-0.3,(v) correction told FWHM_L -0.3 nm,raman,lines,cubic,5,1.648e-06,3.57e-08,0.001307,2.218e-06,25,4.218e-06,0.008463,0.02166,0.3907,0.5259
HYPSTAR_122305,v_wrongsrf_L-0.3,(v) correction told FWHM_L -0.3 nm,raman,lines,linear,1,5.59e-06,2.023e-07,0.0006555,1.233e-05,25,0.0001041,0.001944,0.0362,0.0537,0.1185
HYPSTAR_122305,v_wrongsrf_L-0.3,(v) correction told FWHM_L -0.3 nm,raman,lines,linear,5,1.648e-06,1.953e-08,0.0006555,1.183e-06,25,3.993e-06,0.00489,0.01185,0.4127,0.2962
HYPSTAR_122305,v_wrongsrf_L-0.3,(v) correction told FWHM_L -0.3 nm,raman,lines,ruddick2023,1,5.59e-06,4.342e-07,0.001313,2.811e-05,25,0.000104,0.004173,0.07768,0.05373,0.2702
HYPSTAR_122305,v_wrongsrf_L-0.3,(v) correction told FWHM_L -0.3 nm,raman,lines,ruddick2023,5,1.648e-06,3.59e-08,0.001313,2.23e-06,25,3.994e-06,0.008987,0.02179,0.4125,0.5583
HYPSTAR_122305,v_wrongsrf_L-0.3,(v) correction told FWHM_L -0.3 nm,raman,lines,sinc,1,5.59e-06,4.332e-07,0.001299,2.808e-05,25,0.0001087,0.003984,0.0775,0.05141,0.2583
HYPSTAR_122305,v_wrongsrf_L-0.3,(v) correction told FWHM_L -0.3 nm,raman,lines,sinc,5,1.648e-06,3.588e-08,0.001299,2.228e-06,25,4.424e-06,0.008111,0.02177,0.3725,0.5037
HYPSTAR_122305,v_wrongsrf_L-0.3,(v) correction told FWHM_L -0.3 nm,raman,lines,srf,1,5.59e-06,1.66e-06,0.004992,9.281e-05,25,0.0001041,0.01595,0.297,0.05372,0.892
HYPSTAR_122305,v_wrongsrf_L-0.3,(v) correction told FWHM_L -0.3 nm,raman,lines,srf,5,1.648e-06,1.088e-07,0.004992,6.135e-06,25,3.993e-06,0.02725,0.06605,0.4126,1.536
HYPSTAR_122305,vi_wrongemod_aerosol,(vi) wrong Emod: no aerosol (AOT 0.05 fields),fl,fl,cubic,1,6.596e-06,4.228e-07,0.001288,1.673e-06,25,3.849e-05,0.01098,0.06409,0.1714,0.04347
HYPSTAR_122305,vi_wrongemod_aerosol,(vi) wrong Emod: no aerosol (AOT 0.05 fields),fl,fl,cubic,5,1.984e-06,2.705e-08,0.001288,1.09e-07,25,1.552e-06,0.01743,0.01364,1.278,0.07025
HYPSTAR_122305,vi_wrongemod_aerosol,(vi) wrong Emod: no aerosol (AOT 0.05 fields),fl,fl,linear,1,6.596e-06,4.58e-07,0.001402,1.812e-06,25,3.848e-05,0.0119,0.06943,0.1714,0.04709
HYPSTAR_122305,vi_wrongemod_aerosol,(vi) wrong Emod: no aerosol (AOT 0.05 fields),fl,fl,linear,5,1.984e-06,2.945e-08,0.001402,1.187e-07,25,1.548e-06,0.01902,0.01485,1.281,0.07667
HYPSTAR_122305,vi_wrongemod_aerosol,(vi) wrong Emod: no aerosol (AOT 0.05 fields),fl,fl,ruddick2023,1,6.596e-06,4.227e-07,0.001288,1.673e-06,25,3.848e-05,0.01098,0.06409,0.1714,0.04347
HYPSTAR_122305,vi_wrongemod_aerosol,(vi) wrong Emod: no aerosol (AOT 0.05 fields),fl,fl,ruddick2023,5,1.984e-06,2.705e-08,0.001288,1.09e-07,25,1.548e-06,0.01747,0.01364,1.281,0.07043
HYPSTAR_122305,vi_wrongemod_aerosol,(vi) wrong Emod: no aerosol (AOT 0.05 fields),fl,fl,sinc,1,6.596e-06,4.226e-07,0.001286,1.672e-06,25,3.849e-05,0.01098,0.06407,0.1714,0.04346
HYPSTAR_122305,vi_wrongemod_aerosol,(vi) wrong Emod: no aerosol (AOT 0.05 fields),fl,fl,sinc,5,1.984e-06,2.702e-08,0.001286,1.089e-07,25,1.553e-06,0.0174,0.01362,1.277,0.07012
HYPSTAR_122305,vi_wrongemod_aerosol,(vi) wrong Emod: no aerosol (AOT 0.05 fields),fl,fl,srf,1,6.596e-06,4.421e-10,3.875e-06,1e-08,25,3.85e-05,1.148e-05,6.703e-05,0.1714,0.0002599
HYPSTAR_122305,vi_wrongemod_aerosol,(vi) wrong Emod: no aerosol (AOT 0.05 fields),fl,fl,srf,5,1.984e-06,2.846e-11,3.875e-06,1.616e-09,25,1.549e-06,1.838e-05,1.435e-05,1.281,0.001043
HYPSTAR_122305,vi_wrongemod_aerosol,(vi) wrong Emod: no aerosol (AOT 0.05 fields),raman,lines,cubic,1,5.59e-06,4.304e-07,0.001307,2.786e-05,25,0.0001086,0.003964,0.07699,0.05149,0.2566
HYPSTAR_122305,vi_wrongemod_aerosol,(vi) wrong Emod: no aerosol (AOT 0.05 fields),raman,lines,cubic,5,1.648e-06,3.57e-08,0.001307,2.218e-06,25,4.218e-06,0.008463,0.02166,0.3907,0.5259
HYPSTAR_122305,vi_wrongemod_aerosol,(vi) wrong Emod: no aerosol (AOT 0.05 fields),raman,lines,linear,1,5.59e-06,2.023e-07,0.0006555,1.233e-05,25,0.0001041,0.001944,0.0362,0.0537,0.1185
HYPSTAR_122305,vi_wrongemod_aerosol,(vi) wrong Emod: no aerosol (AOT 0.05 fields),raman,lines,linear,5,1.648e-06,1.953e-08,0.0006555,1.183e-06,25,3.993e-06,0.00489,0.01185,0.4127,0.2962
HYPSTAR_122305,vi_wrongemod_aerosol,(vi) wrong Emod: no aerosol (AOT 0.05 fields),raman,lines,ruddick2023,1,5.59e-06,4.342e-07,0.001314,2.811e-05,25,0.000104,0.004173,0.07768,0.05373,0.2702
HYPSTAR_122305,vi_wrongemod_aerosol,(vi) wrong Emod: no aerosol (AOT 0.05 fields),raman,lines,ruddick2023,5,1.648e-06,3.59e-08,0.001314,2.23e-06,25,3.994e-06,0.008987,0.02179,0.4125,0.5583
HYPSTAR_122305,vi_wrongemod_aerosol,(vi) wrong Emod: no aerosol (AOT 0.05 fields),raman,lines,sinc,1,5.59e-06,4.332e-07,0.001299,2.808e-05,25,0.0001087,0.003984,0.0775,0.05141,0.2583
HYPSTAR_122305,vi_wrongemod_aerosol,(vi) wrong Emod: no aerosol (AOT 0.05 fields),raman,lines,sinc,5,1.648e-06,3.588e-08,0.001299,2.228e-06,25,4.424e-06,0.008111,0.02177,0.3725,0.5037
HYPSTAR_122305,vi_wrongemod_aerosol,(vi) wrong Emod: no aerosol (AOT 0.05 fields),raman,lines,srf,1,5.59e-06,1.874e-10,4.153e-07,7.498e-08,25,0.0001041,1.801e-06,3.352e-05,0.05372,0.0007206
HYPSTAR_122305,vi_wrongemod_aerosol,(vi) wrong Emod: no aerosol (AOT 0.05 fields),raman,lines,srf,5,1.648e-06,1.402e-11,4.153e-07,1.538e-08,25,3.993e-06,3.51e-06,8.507e-06,0.4126,0.003853
HYPSTAR_122305,vi_wrongemod_pwv_factor,(vi) wrong Emod: water vapour x 2,fl,fl,cubic,1,6.596e-06,4.228e-07,0.001288,1.673e-06,25,3.849e-05,0.01098,0.06409,0.1714,0.04347
HYPSTAR_122305,vi_wrongemod_pwv_factor,(vi) wrong Emod: water vapour x 2,fl,fl,cubic,5,1.984e-06,2.705e-08,0.001288,1.09e-07,25,1.552e-06,0.01743,0.01364,1.278,0.07025
HYPSTAR_122305,vi_wrongemod_pwv_factor,(vi) wrong Emod: water vapour x 2,fl,fl,linear,1,6.596e-06,4.58e-07,0.001402,1.812e-06,25,3.848e-05,0.0119,0.06943,0.1714,0.04709
HYPSTAR_122305,vi_wrongemod_pwv_factor,(vi) wrong Emod: water vapour x 2,fl,fl,linear,5,1.984e-06,2.945e-08,0.001402,1.187e-07,25,1.548e-06,0.01902,0.01485,1.281,0.07667
HYPSTAR_122305,vi_wrongemod_pwv_factor,(vi) wrong Emod: water vapour x 2,fl,fl,ruddick2023,1,6.596e-06,4.226e-07,0.001288,1.671e-06,25,3.848e-05,0.01098,0.06406,0.1714,0.04342
HYPSTAR_122305,vi_wrongemod_pwv_factor,(vi) wrong Emod: water vapour x 2,fl,fl,ruddick2023,5,1.984e-06,2.71e-08,0.001288,1.093e-07,25,1.548e-06,0.01751,0.01366,1.281,0.07061
HYPSTAR_122305,vi_wrongemod_pwv_factor,(vi) wrong Emod: water vapour x 2,fl,fl,sinc,1,6.596e-06,4.226e-07,0.001286,1.672e-06,25,3.849e-05,0.01098,0.06407,0.1714,0.04346
HYPSTAR_122305,vi_wrongemod_pwv_factor,(vi) wrong Emod: water vapour x 2,fl,fl,sinc,5,1.984e-06,2.702e-08,0.001286,1.089e-07,25,1.553e-06,0.0174,0.01362,1.277,0.07012
HYPSTAR_122305,vi_wrongemod_pwv_factor,(vi) wrong Emod: water vapour x 2,fl,fl,srf,1,6.596e-06,2.805e-08,0.0001468,1.72e-07,25,3.85e-05,0.0007286,0.004252,0.1714,0.004469
HYPSTAR_122305,vi_wrongemod_pwv_factor,(vi) wrong Emod: water vapour x 2,fl,fl,srf,5,1.984e-06,3.043e-09,0.0001468,1.823e-08,25,1.549e-06,0.001965,0.001534,1.281,0.01177
HYPSTAR_122305,vi_wrongemod_pwv_factor,(vi) wrong Emod: water vapour x 2,raman,lines,cubic,1,5.59e-06,4.304e-07,0.001307,2.786e-05,25,0.0001086,0.003964,0.07699,0.05149,0.2566
HYPSTAR_122305,vi_wrongemod_pwv_factor,(vi) wrong Emod: water vapour x 2,raman,lines,cubic,5,1.648e-06,3.57e-08,0.001307,2.218e-06,25,4.218e-06,0.008463,0.02166,0.3907,0.5259
HYPSTAR_122305,vi_wrongemod_pwv_factor,(vi) wrong Emod: water vapour x 2,raman,lines,linear,1,5.59e-06,2.023e-07,0.0006555,1.233e-05,25,0.0001041,0.001944,0.0362,0.0537,0.1185
HYPSTAR_122305,vi_wrongemod_pwv_factor,(vi) wrong Emod: water vapour x 2,raman,lines,linear,5,1.648e-06,1.953e-08,0.0006555,1.183e-06,25,3.993e-06,0.00489,0.01185,0.4127,0.2962
HYPSTAR_122305,vi_wrongemod_pwv_factor,(vi) wrong Emod: water vapour x 2,raman,lines,ruddick2023,1,5.59e-06,4.341e-07,0.001313,2.811e-05,25,0.000104,0.004172,0.07765,0.05373,0.2702
HYPSTAR_122305,vi_wrongemod_pwv_factor,(vi) wrong Emod: water vapour x 2,raman,lines,ruddick2023,5,1.648e-06,3.59e-08,0.001313,2.231e-06,25,3.994e-06,0.008988,0.02179,0.4125,0.5584
HYPSTAR_122305,vi_wrongemod_pwv_factor,(vi) wrong Emod: water vapour x 2,raman,lines,sinc,1,5.59e-06,4.332e-07,0.001299,2.808e-05,25,0.0001087,0.003984,0.0775,0.05141,0.2583
HYPSTAR_122305,vi_wrongemod_pwv_factor,(vi) wrong Emod: water vapour x 2,raman,lines,sinc,5,1.648e-06,3.588e-08,0.001299,2.228e-06,25,4.424e-06,0.008111,0.02177,0.3725,0.5037
HYPSTAR_122305,vi_wrongemod_pwv_factor,(vi) wrong Emod: water vapour x 2,raman,lines,srf,1,5.59e-06,5.433e-09,3.312e-05,3.06e-07,25,0.0001041,5.222e-05,0.000972,0.05372,0.00294
HYPSTAR_122305,vi_wrongemod_pwv_factor,(vi) wrong Emod: water vapour x 2,raman,lines,srf,5,1.648e-06,3.917e-10,3.312e-05,3.361e-08,25,3.993e-06,9.808e-05,0.0002377,0.4126,0.008417
HYPSTAR_122305,vi_wrongemod_sza_offset,(vi) wrong Emod: SZA + 10 deg,fl,fl,cubic,1,6.596e-06,4.228e-07,0.001288,1.673e-06,25,3.849e-05,0.01098,0.06409,0.1714,0.04347
HYPSTAR_122305,vi_wrongemod_sza_offset,(vi) wrong Emod: SZA + 10 deg,fl,fl,cubic,5,1.984e-06,2.705e-08,0.001288,1.09e-07,25,1.552e-06,0.01743,0.01364,1.278,0.07025
HYPSTAR_122305,vi_wrongemod_sza_offset,(vi) wrong Emod: SZA + 10 deg,fl,fl,linear,1,6.596e-06,4.58e-07,0.001402,1.812e-06,25,3.848e-05,0.0119,0.06943,0.1714,0.04709
HYPSTAR_122305,vi_wrongemod_sza_offset,(vi) wrong Emod: SZA + 10 deg,fl,fl,linear,5,1.984e-06,2.945e-08,0.001402,1.187e-07,25,1.548e-06,0.01902,0.01485,1.281,0.07667
HYPSTAR_122305,vi_wrongemod_sza_offset,(vi) wrong Emod: SZA + 10 deg,fl,fl,ruddick2023,1,6.596e-06,4.179e-07,0.001274,1.628e-06,25,3.848e-05,0.01086,0.06336,0.1714,0.04231
HYPSTAR_122305,vi_wrongemod_sza_offset,(vi) wrong Emod: SZA + 10 deg,fl,fl,ruddick2023,5,1.984e-06,2.676e-08,0.001274,1.065e-07,25,1.548e-06,0.01729,0.01349,1.281,0.06878
HYPSTAR_122305,vi_wrongemod_sza_offset,(vi) wrong Emod: SZA + 10 deg,fl,fl,sinc,1,6.596e-06,4.226e-07,0.001286,1.672e-06,25,3.849e-05,0.01098,0.06407,0.1714,0.04346
HYPSTAR_122305,vi_wrongemod_sza_offset,(vi) wrong Emod: SZA + 10 deg,fl,fl,sinc,5,1.984e-06,2.702e-08,0.001286,1.089e-07,25,1.553e-06,0.0174,0.01362,1.277,0.07012
HYPSTAR_122305,vi_wrongemod_sza_offset,(vi) wrong Emod: SZA + 10 deg,fl,fl,srf,1,6.596e-06,4.743e-08,0.0001513,2.714e-07,25,3.85e-05,0.001232,0.007191,0.1714,0.00705
HYPSTAR_122305,vi_wrongemod_sza_offset,(vi) wrong Emod: SZA + 10 deg,fl,fl,srf,5,1.984e-06,3.048e-09,0.0001513,1.745e-08,25,1.549e-06,0.001968,0.001537,1.281,0.01127
HYPSTAR_122305,vi_wrongemod_sza_offset,(vi) wrong Emod: SZA + 10 deg,raman,lines,cubic,1,5.59e-06,4.304e-07,0.001307,2.786e-05,25,0.0001086,0.003964,0.07699,0.05149,0.2566
HYPSTAR_122305,vi_wrongemod_sza_offset,(vi) wrong Emod: SZA + 10 deg,raman,lines,cubic,5,1.648e-06,3.57e-08,0.001307,2.218e-06,25,4.218e-06,0.008463,0.02166,0.3907,0.5259
HYPSTAR_122305,vi_wrongemod_sza_offset,(vi) wrong Emod: SZA + 10 deg,raman,lines,linear,1,5.59e-06,2.023e-07,0.0006555,1.233e-05,25,0.0001041,0.001944,0.0362,0.0537,0.1185
HYPSTAR_122305,vi_wrongemod_sza_offset,(vi) wrong Emod: SZA + 10 deg,raman,lines,linear,5,1.648e-06,1.953e-08,0.0006555,1.183e-06,25,3.993e-06,0.00489,0.01185,0.4127,0.2962
HYPSTAR_122305,vi_wrongemod_sza_offset,(vi) wrong Emod: SZA + 10 deg,raman,lines,ruddick2023,1,5.59e-06,4.34e-07,0.001312,2.811e-05,25,0.000104,0.004171,0.07764,0.05373,0.2702
HYPSTAR_122305,vi_wrongemod_sza_offset,(vi) wrong Emod: SZA + 10 deg,raman,lines,ruddick2023,5,1.648e-06,3.588e-08,0.001312,2.23e-06,25,3.994e-06,0.008981,0.02177,0.4125,0.5583
HYPSTAR_122305,vi_wrongemod_sza_offset,(vi) wrong Emod: SZA + 10 deg,raman,lines,sinc,1,5.59e-06,4.332e-07,0.001299,2.808e-05,25,0.0001087,0.003984,0.0775,0.05141,0.2583
HYPSTAR_122305,vi_wrongemod_sza_offset,(vi) wrong Emod: SZA + 10 deg,raman,lines,sinc,5,1.648e-06,3.588e-08,0.001299,2.228e-06,25,4.424e-06,0.008111,0.02177,0.3725,0.5037
HYPSTAR_122305,vi_wrongemod_sza_offset,(vi) wrong Emod: SZA + 10 deg,raman,lines,srf,1,5.59e-06,8.516e-09,3.257e-05,2.533e-07,25,0.0001041,8.184e-05,0.001523,0.05372,0.002435
HYPSTAR_122305,vi_wrongemod_sza_offset,(vi) wrong Emod: SZA + 10 deg,raman,lines,srf,5,1.648e-06,4.598e-10,3.257e-05,3.327e-08,25,3.993e-06,0.0001151,0.000279,0.4126,0.008331
HYPSTAR_122305,vii_noise,"(vii) VEIT per-scan noise, mean of 6 scans",fl,fl,cubic,1,6.596e-06,1.947e-06,0.00412,3.855e-05,25,3.849e-05,0.05059,0.2952,0.1714,1.002
HYPSTAR_122305,vii_noise,"(vii) VEIT per-scan noise, mean of 6 scans",fl,fl,cubic,5,1.984e-06,7.589e-08,0.00412,1.589e-06,25,1.552e-06,0.04889,0.03826,1.278,1.024
HYPSTAR_122305,vii_noise,"(vii) VEIT per-scan noise, mean of 6 scans",fl,fl,linear,1,6.596e-06,1.94e-06,0.004162,3.853e-05,25,3.848e-05,0.05042,0.2942,0.1714,1.001
HYPSTAR_122305,vii_noise,"(vii) VEIT per-scan noise, mean of 6 scans",fl,fl,linear,5,1.984e-06,7.648e-08,0.004162,1.587e-06,25,1.548e-06,0.0494,0.03855,1.281,1.025
HYPSTAR_122305,vii_noise,"(vii) VEIT per-scan noise, mean of 6 scans",fl,fl,ruddick2023,1,6.596e-06,1.937e-06,0.004106,3.848e-05,25,3.848e-05,0.05033,0.2936,0.1714,0.9999
HYPSTAR_122305,vii_noise,"(vii) VEIT per-scan noise, mean of 6 scans",fl,fl,ruddick2023,5,1.984e-06,7.55e-08,0.004106,1.588e-06,25,1.548e-06,0.04877,0.03806,1.281,1.025
HYPSTAR_122305,vii_noise,"(vii) VEIT per-scan noise, mean of 6 scans",fl,fl,sinc,1,6.596e-06,1.948e-06,0.004122,3.854e-05,25,3.849e-05,0.05062,0.2953,0.1714,1.001
HYPSTAR_122305,vii_noise,"(vii) VEIT per-scan noise, mean of 6 scans",fl,fl,sinc,5,1.984e-06,7.603e-08,0.004122,1.588e-06,25,1.553e-06,0.04896,0.03833,1.277,1.023
HYPSTAR_122305,vii_noise,"(vii) VEIT per-scan noise, mean of 6 scans",fl,fl,srf,1,6.596e-06,1.934e-06,0.003928,3.849e-05,25,3.85e-05,0.05025,0.2932,0.1714,0.9998
HYPSTAR_122305,vii_noise,"(vii) VEIT per-scan noise, mean of 6 scans",fl,fl,srf,5,1.984e-06,7.547e-08,0.003928,1.549e-06,25,1.549e-06,0.04873,0.03804,1.281,1
HYPSTAR_122305,vii_noise,"(vii) VEIT per-scan noise, mean of 6 scans",raman,lines,cubic,1,5.59e-06,1.482e-06,0.00329,0.0001108,25,0.0001086,0.01365,0.265,0.05149,1.021
HYPSTAR_122305,vii_noise,"(vii) VEIT per-scan noise, mean of 6 scans",raman,lines,cubic,5,1.648e-06,5.297e-08,0.00329,4.706e-06,25,4.218e-06,0.01256,0.03215,0.3907,1.116
HYPSTAR_122305,vii_noise,"(vii) VEIT per-scan noise, mean of 6 scans",raman,lines,linear,1,5.59e-06,1.292e-06,0.00297,0.0001052,25,0.0001041,0.01241,0.2311,0.0537,1.01
HYPSTAR_122305,vii_noise,"(vii) VEIT per-scan noise, mean of 6 scans",raman,lines,linear,5,1.648e-06,4.83e-08,0.00297,4.097e-06,25,3.993e-06,0.0121,0.02931,0.4127,1.026
HYPSTAR_122305,vii_noise,"(vii) VEIT per-scan noise, mean of 6 scans",raman,lines,ruddick2023,1,5.59e-06,1.336e-06,0.003145,0.0001063,25,0.000104,0.01284,0.2391,0.05373,1.022
HYPSTAR_122305,vii_noise,"(vii) VEIT per-scan noise, mean of 6 scans",raman,lines,ruddick2023,5,1.648e-06,5.138e-08,0.003145,4.622e-06,25,3.994e-06,0.01286,0.03118,0.4125,1.157
HYPSTAR_122305,vii_noise,"(vii) VEIT per-scan noise, mean of 6 scans",raman,lines,sinc,1,5.59e-06,1.505e-06,0.003304,0.0001111,25,0.0001087,0.01384,0.2693,0.05141,1.021
HYPSTAR_122305,vii_noise,"(vii) VEIT per-scan noise, mean of 6 scans",raman,lines,sinc,5,1.648e-06,5.36e-08,0.003304,4.767e-06,25,4.424e-06,0.01212,0.03253,0.3725,1.078
HYPSTAR_122305,vii_noise,"(vii) VEIT per-scan noise, mean of 6 scans",raman,lines,srf,1,5.59e-06,1.279e-06,0.002839,0.0001041,25,0.0001041,0.01229,0.2289,0.05372,1
HYPSTAR_122305,vii_noise,"(vii) VEIT per-scan noise, mean of 6 scans",raman,lines,srf,5,1.648e-06,4.659e-08,0.002839,3.995e-06,25,3.993e-06,0.01167,0.02827,0.4126,1
